"[('간편', 'XR'), ('뱅킹', 'NNG'), ('이체', 'NNG'), ('오백만', 'NR'), ('이하', 'NNG'), ('이체', 'NNG'), ('보안', 'NNP'), ('카드', 'NNP'), ('번호', 'NNG'), ('등록', 'NNG'), ('나오', 'VV'), ('몇 번을', 'NNP'), ('간편', 'XR'), ('뱅킹', 'NNG'), ('가입', 'NNG'), ('확인', 'NNG'), ('하', 'VV'), ('간편', 'XR'), ('뱅킹', 'NNG'), ('등록', 'NNG'), ('되', 'VV'), ('매번', 'MAG'), ('확인', 'NNG'), ('되', 'VV'), ('답답', 'XR'), ('죽', 'VV')]"
"[('로그인', 'NNP'), ('잘', 'MAG'), ('안', 'NNG')]","[('급하', 'VA'), ('때', 'NNG'), ('다시', 'MAG'), ('하', 'VV'), ('하', 'VV'), ('불편', 'NNG')]","[('개선', 'NNG'), ('바라', 'VV')]"
"[('오늘', 'NNG'), ('하루', 'NNG'), ('종일', 'NNG'), ('프', 'VX'), ('이', 'NNP'), ('사용', 'NNG'), ('안', 'MAG'), ('되', 'VV'), ('들어가', 'VV'), ('지', 'VX'), ('하', 'VV'), ('탭', 'NNG'), ('누르', 'VV'), ('동그라미', 'NNG'), ('백', 'NR'), ('시간', 'NNG'), ('돌아가', 'VV'), ('있', 'VV')]"
"[('갑자기', 'MAG'), ('안', 'NNG'), ('전', 'NNG'), ('그렇', 'VA'), ('이렇', 'VA')]"
"[('오', 'VV'), ('속', 'NNG'), ('저서', 'NNP'), ('못쓰', 'VV')]"
"[('그렇', 'VA'), ('모르', 'VV'), ('아니', 'VCN'), ('글', 'NNG'), ('올리', 'VV'), ('하', 'VV'), ('이체', 'NNG'), ('때', 'NNG'), ('항상', 'MAG'), ('상대', 'NNG'), ('계좌', 'NNG'), ('누르', 'VV'), ('금액', 'NNG'), ('누르', 'VV'), ('하', 'VV'), ('가지', 'VV'), ('있', 'VV'), ('출금', 'NNG'), ('계좌', 'NNG'), ('뜨', 'VV'), ('자주', 'MAG'), ('쓰', 'VV'), ('계좌', 'NNP'), ('번호', 'NNG'), ('없', 'VA'), ('하', 'VX'), ('손가락', 'NNG'), ('걸', 'VV'), ('잘못', 'MAG'), ('누르', 'VV'), ('생각', 'NNG'), ('저렇', 'VA'), ('아니', 'VCN'), ('늘', 'MAG'), ('다시', 'MAG'), ('상대', 'NNG'), ('계좌', 'NNG'), ('다시', 'MAG'), ('누르', 'VV'), ('하', 'VV'), ('상황', 'NNG'), ('발생', 'NNG'), ('가끔', 'MAG'), ('입금', 'NNG'), ('계좌', 'NNP'), ('집어넣', 'VV'), ('때', 'NNG'), ('계좌', 'NNG'), ('입금', 'NNG'), ('계좌', 'NNG'), ('뜨', 'VV'), ('하', 'VX'), ('상황', 'NNG'), ('모르', 'VV'), ('문자', 'NNG'), ('카', 'MAG'), ('톡', 'MAG'), ('받', 'VV'), ('번호', 'NNG'), ('힘들', 'VA'), ('오', 'VX'), ('가', 'VV'), ('번갈', 'VV'), ('가', 'VV'), ('어렵', 'VA'), ('번호', 'NNG'), ('넣', 'VV'), ('제발', 'MAG'), ('간단', 'XR'), ('상대방', 'NNG'), ('계좌', 'NNG'), ('넣', 'VV'), ('입금', 'NNG'), ('금액', 'NNG'), ('끝내', 'VV'), ('하', 'VX'), ('은행', 'NNG'), ('시스템', 'NNG'), ('경험', 'NNG'), ('없', 'VA')]"
"[('갑자기', 'MAG'), ('안', 'NNG'), ('입금', 'NNG'), ('알람', 'NNP'), ('출금', 'NNG'), ('알람', 'NNP'), ('주', 'VX'), ('알', 'VV'), ('리뷰', 'NNP'), ('보니', 'NNP'), ('아니', 'VCN'), ('정도', 'NNG')]"
[],"[('섬', 'NNG')]",[]
"[('콕', 'MAG'), ('가', 'VV')]","[('아', 'NNP'), ('오', 'NNP'), ('답답', 'XR'), ('진짜', 'MAG'), ('아직', 'MAG'), ('이체', 'NNG'), ('로그인', 'NNP'), ('방식', 'NNG'), ('문제', 'NNG'), ('이', 'VCP')]"
"[('켜', 'VV'), ('화면', 'NNG'), ('아랍', 'NNP'), ('글자', 'NNG'), ('외국어', 'NNG'), ('가득', 'MAG')]","[('영어', 'NNP'), ('아니', 'VCN'), ('로그인', 'NNP'), ('되', 'VV'), ('외국어', 'NNG'), ('되', 'VV'), ('증상', 'NNG'), ('이', 'VCP'), ('뱅킹', 'NNG'), ('괜찮', 'VA'), ('농협', 'NNP'), ('그래요', 'IC')]","[('해킹', 'NNG'), ('걸', 'VV'), ('놀라', 'VV')]"
[],"[('일정', 'NNG'), ('금액', 'NNG'), ('주기', 'NNG'), ('송금', 'NNG'), ('때', 'NNG'), ('계좌', 'NNG'), ('번호', 'NNG')]","[('금액', 'NNG'), ('기억', 'NNG'), ('설정', 'NNG'), ('안', 'NNG'), ('계좌', 'NNG'), ('이체', 'NNG'), ('일일이', 'MAG'), ('금액', 'NNG'), ('적', 'VA'), ('주', 'VX'), ('하', 'VV')]","[('계좌', 'NNP'), ('등록', 'NNP'), ('순서', 'NNP'), ('변경', 'NNG'), ('안', 'NNG')]","[('오늘', 'NNG'), ('입출금', 'NNG'), ('조회', 'NNP'), ('항목', 'NNG'), ('화면', 'NNG'), ('차지', 'NNG')]",[],"[('은행', 'NNG'), ('참고', 'NNG'), ('하', 'VV')]","[('가장', 'MAG'), ('흔히', 'MAG'), ('쓰', 'VV'), ('작업', 'NNG'), ('가장', 'MAG'), ('쉽', 'VA'), ('빠르', 'VA'), ('하', 'VV'), ('하', 'VV'), ('하', 'VV')]","[('반성', 'NNG')]"
"[('유튜브', 'NNP'), ('청소년', 'NNG'), ('가입', 'NNG'), ('가능', 'XR'), ('만', 'NR'), ('미만', 'NNG'), ('이', 'VCP'), ('안', 'NNG'), ('나오', 'VV'), ('직접', 'MAG'), ('농협', 'NNP'), ('가', 'VV'), ('보안', 'NNP'), ('카드', 'NNP'), ('발급', 'NNG'), ('받', 'VV'), ('왜', 'MAG'), ('안', 'MAG'), ('되', 'VV'), ('인증', 'NNP'), ('발급', 'NNG')]"
"[('왜', 'MAG'), ('로그인', 'NNP'), ('안', 'MAG'), ('되', 'VV'), ('업데이트', 'NNP'), ('하', 'VV'), ('더위', 'NNG'), ('먹', 'VV'), ('인터넷', 'NNG'), ('뱅크', 'NNP'), ('관리', 'NNG'), ('욕', 'NNG'), ('바가지', 'NNP'), ('먹', 'VV'), ('텐', 'NNG')]"
"[('이용', 'NNG'), ('무한', 'NNP'), ('로딩', 'NNP'), ('되', 'VV')]","[('최근', 'NNG'), ('인터넷', 'NNG'), ('통신사', 'NNP'), ('변경', 'NNG'), ('하', 'VV'), ('와이파이', 'NNP'), ('설치', 'NNG')]","[('와이파이', 'NNP'), ('켜', 'VV'), ('스마트', 'NNP'), ('뱅킹', 'NNG'), ('실행', 'NNP'), ('무한', 'NNP'), ('로딩', 'NNP'), ('되', 'VV')]","[('켜', 'VV'), ('지', 'VX'), ('않', 'VX'), ('가족', 'NNG'), ('구성원', 'NNG'), ('다', 'MAG'), ('안', 'NNG'), ('하', 'VX')]","[('문제', 'NNG'), ('이', 'VCP')]"
"[('오류', 'NNP'), ('많', 'VA')]"
"[('사용', 'NNG'), ('정도', 'NNG'), ('되', 'VV'), ('같', 'VA'), ('6월', 'NNP'), ('말', 'NNG'), ('7월', 'NNP'), ('부', 'NNG'), ('삭제', 'NNG'), ('설치', 'NNG'), ('하', 'VV'), ('모르', 'VV')]","[('클릭', 'NNP'), ('하면', 'NNP'), ('열리', 'VV'), ('않', 'VX'), ('계속', 'MAG'), ('로딩', 'NNP'), ('이', 'VCP'), ('닫히', 'VV'), ('이', 'VCP'), ('않', 'VX'), ('비번', 'NNG'), ('들어가', 'VV'), ('자꾸', 'MAG'), ('오류', 'NNG'), ('이', 'VCP'), ('하', 'VV'), ('업데이트', 'NNP'), ('문제', 'NNG'), ('있', 'VV'), ('아니', 'VCN'), ('첨', 'NNG'), ('사용', 'NNG'), ('잘', 'MAG'), ('오', 'VX'), ('지금', 'NNG'), ('설치', 'NNG'), ('들어가', 'VV'), ('안', 'MAG'), ('하', 'VV'), ('없', 'VA')]"
"[('가', 'VV')]"
"[('드', 'NNP')]"
"[('나서', 'VV'), ('만', 'NR')]"
"[('장난치', 'VV')]"
"[('쓰', 'VV')]"
"[('입출금', 'NNG'), ('푸시', 'NNP'), ('기능', 'NNG'), ('없', 'VA')]"
[]
"[('아이', 'NNG'), ('이', 'VCP'), ('비번', 'NNG'), ('로그인', 'NNG'), ('때', 'NNG'), ('왜', 'MAG'), ('적금', 'NNP'), ('계좌', 'NNG'), ('안', 'MAG'), ('뜨', 'VV')]"
"[('어제', 'NNG'), ('접속', 'NNG'), ('안', 'NNG'), ('다시', 'MAG'), ('깔', 'VV'), ('끄', 'VV'), ('키', 'NNG'), ('기', 'NNG'), ('수십', 'NR'), ('이', 'VCP'), ('하', 'VV'), ('아직', 'MAG'), ('접속', 'NNG'), ('안', 'NNG'), ('좀', 'MAG'), ('문제', 'NNG'), ('심각', 'XR'), ('글', 'NNG'), ('안', 'MAG'), ('남기', 'VV'), ('너무', 'MAG'), ('답답', 'XR'), ('남기', 'VV')]","[('빠르', 'VA'), ('조치', 'NNG'), ('부탁', 'NNG'), ('드리', 'VV')]"
"[('어찌', 'MAG'), ('은행', 'NNG'), ('어떻', 'VA'), ('하', 'VV'), ('사용자', 'NNP'), ('골', 'NNG'), ('때리', 'VV'), ('만들', 'VV'), ('고민', 'NNG'), ('만들', 'VV'), ('같', 'VA')]"
"[('새로', 'MAG'), ('깔', 'VV'), ('위', 'NNG'), ('변조', 'NNP'), ('체크', 'NNP'), ('페이지', 'NNP'), ('안', 'MAG'), ('넘어가', 'VV'), ('항상', 'MAG'), ('자리', 'NNG'), ('예전', 'NNG'), ('안', 'MAG')]"
"[('글씨', 'NNG'), ('쓰', 'VV'), ('때', 'NNG'), ('조금', 'NNG'), ('늦', 'VA'), ('글씨', 'NNG'), ('중복', 'NNG'), ('알', 'VV'), ('쓰', 'VV'), ('지', 'VX'), ('있', 'VX'), ('지우', 'VV'), ('쓰', 'VV'), ('계속', 'NNG'), ('하', 'VV'), ('엄청', 'MAG'), ('불편', 'NNG'), ('바쁘', 'VA'), ('때', 'NNG'), ('화가', 'NNG')]"
"[('계좌', 'NNG'), ('개설', 'NNG'), ('마치', 'VV'), ('로그인', 'NNP'), ('하', 'VV'), ('하', 'VX'), ('스마트', 'NNP'), ('뱅킹', 'NNG'), ('가입', 'NNG'), ('하', 'VV'), ('이', 'VCP')]","[('계좌', 'NNG'), ('번호', 'NNG'), ('모르', 'VV'), ('어떻', 'VA'), ('입력', 'NNG'), ('계좌', 'NNG'), ('개설', 'NNG'), ('때', 'NNG'), ('적', 'VA'), ('놓', 'VX'), ('않', 'VX'), ('안', 'MAG'), ('되', 'VV'), ('걸', 'VV'), ('다음', 'NNG'), ('다음', 'NNG'), ('누르', 'VV'), ('넘어가', 'VV'), ('버리', 'VX')]"
"[('안', 'NNG'), ('보라', 'NNP'), ('미안', 'XR')]"
"[('지문', 'NNP'), ('다', 'MAG'), ('통합', 'NNG'), ('안', 'NNG')]","[('불편', 'NNG')]"
"[('편하', 'VA'), ('잘', 'MAG'), ('활용', 'NNG'), ('있', 'VV'), ('다양', 'NNG'), ('예금', 'NNG'), ('적금', 'NNP'), ('이벤트', 'NNP'), ('부탁', 'NNG'), ('드리', 'VV')]"
"[('프', 'VX'), ('화면', 'NNG'), ('세련', 'XR'), ('바꾸', 'VV'), ('좋', 'VA')]"
"[('농협', 'NNP'), ('중앙회', 'NNG'), ('계좌', 'NNP'), ('왜', 'MAG'), ('계좌', 'NNG'), ('이체', 'NNG'), ('안', 'NNG'), ('타행', 'NNG'), ('계좌', 'NNP'), ('이체', 'NNG'), ('가능', 'XR'), ('왜', 'MAG'), ('중앙회', 'NNG'), ('계좌', 'NNG'), ('뜨', 'VV'), ('하', 'VV'), ('이체', 'NNG'), ('안', 'NNG'), ('걸', 'VV'), ('어떻', 'VA'), ('하', 'VV'), ('이체', 'NNG'), ('가능', 'XR'), ('걸', 'VV'), ('모르', 'VV'), ('계속', 'MAG'), ('콕', 'MAG'), ('필요', 'NNG'), ('때', 'NNG'), ('전송', 'NNG'), ('있', 'VV'), ('금액', 'NNG'), ('제한', 'NNG'), ('만', 'NR'), ('이', 'VCP'), ('너무', 'MAG'), ('불편', 'NNG'), ('왜', 'MAG'), ('중앙회', 'NNG'), ('계좌', 'NNP'), ('이체', 'NNG'), ('안', 'NNG'), ('걸', 'VV'), ('어떻', 'VA'), ('하', 'VV'), ('이체', 'NNG'), ('있', 'VV'), ('설명', 'NNG'), ('좀', 'MAG'), ('하', 'VV'), ('주', 'VX')]"
"[('여태', 'NNP'), ('잘', 'MAG'), ('쓰', 'VV'), ('지금', 'NNG'), ('켜', 'VV'), ('지', 'VX'), ('않', 'VX')]"
"[('간편', 'XR')]"
"[('와이파이', 'NNP'), ('안', 'MAG'), ('열리', 'VV')]","[('잘', 'MAG'), ('되', 'VV'), ('농협', 'NNP'), ('안', 'NNG'), ('이유', 'NNG'), ('단', 'NNG'), ('데이터', 'NNG'), ('쓰', 'VV'), ('항상', 'MAG'), ('되', 'VV')]","[('해결', 'NNG'), ('주', 'VX')]"
"[('느리', 'VA')]"
"[('느리', 'VA')]"
"[('전반', 'NNG'), ('불편', 'NNG'), ('생각', 'NNG'), ('하', 'VV'), ('조금', 'NNG'), ('개선', 'NNG'), ('있', 'VV'), ('느낌', 'NNG'), ('이', 'VCP')]"
"[('진짜', 'MAG'), ('뱅킹', 'NNG'), ('콕', 'MAG'), ('스마트', 'NNP'), ('인증', 'NNP'), ('올인', 'NNP'), ('모두', 'MAG'), ('다', 'MAG'), ('불편', 'NNG'), ('안', 'MAG'), ('되', 'VV'), ('많', 'VA'), ('막히', 'VV'), ('많', 'VA')]","[('타', 'NNG'), ('은행', 'NNG'), ('가장', 'MAG'), ('불편', 'NNG')]"
"[('열리', 'VV'), ('않', 'VX'), ('사유', 'NNG'), ('이', 'VCP'), ('문자', 'NNG'), ('보내', 'VV'), ('되', 'VV'), ('되', 'VV'), ('문자', 'NNG'), ('없', 'VA')]"
"[('계좌', 'NNG'), ('개설', 'NNG'), ('복잡', 'XR'), ('온라인', 'NNG'), ('비대', 'NNP'), ('이', 'VCP'), ('계좌', 'NNP'), ('개설', 'NNG'), ('입금', 'NNG'), ('다', 'MAG'), ('받', 'VV'), ('출금', 'NNG'), ('하루', 'NNG'), ('백만', 'NR'), ('제한', 'NNG'), ('매우', 'MAG'), ('불편', 'NNG')]"
"[('사용', 'NNG'), ('쉽', 'VA'), ('같', 'VA'), ('편하', 'VA')]"
"[('가끔', 'MAG'), ('사용', 'NNG')]"
"[('예전', 'NNG'), ('계속', 'MAG'), ('급하', 'VA'), ('때', 'NNG'), ('거래', 'NNG'), ('못하', 'VX'), ('요번', 'NNG'), ('동안', 'NNG'), ('안', 'MAG'), ('들어가', 'VV'), ('프', 'VX'), ('삭제', 'NNG'), ('다시', 'MAG'), ('깔', 'VV'), ('접속', 'NNP'), ('자체', 'NNG'), ('안', 'NNG')]"
"[('편리', 'NNG')]"
"[('스마트', 'NNP'), ('뱅킹', 'NNG'), ('제일은행', 'NNP'), ('신한은행', 'NNP'), ('농협', 'NNP'), ('하나은행', 'NNP'), ('기업은행', 'NNP'), ('대구은행', 'NNP'), ('우리은행', 'NNP'), ('우체국', 'NNP'), ('뱅킹', 'NNG'), ('쓰', 'VV'), ('있', 'VV'), ('개인', 'NNG'), ('제일은행', 'NNP'), ('제일', 'NNG'), ('편', 'NNG'), ('함', 'NNG'), ('참고', 'NNG'), ('주', 'VX')]"
"[('망통', 'NNP'), ('사용', 'NNG'), ('이', 'VCP'), ('때', 'NNG'), ('현재', 'MAG'), ('지급', 'NNG'), ('가능', 'XR'), ('금액', 'NNG'), ('얼마', 'NNG'), ('이', 'VCP'), ('표시', 'NNG'), ('안', 'NNG'), ('불편', 'NNG')]"
"[('갑자기', 'MAG'), ('왜', 'MAG'), ('먹', 'NNG'), ('이', 'VCP'), ('계좌', 'NNG'), ('이체', 'NNG'), ('되', 'VV')]"
"[('스마트', 'NNP'), ('뱅킹', 'NNG'), ('설치', 'NNG'), ('안', 'NNG')]"
"[('왜', 'MAG'), ('자꾸', 'MAG'), ('오류', 'NNP'), ('뜨', 'VV'), ('너무', 'MAG'), ('불편', 'NNG')]"
"[('모바일', 'NNP'), ('뱅킹', 'NNG'), ('가입', 'NNG'), ('주소', 'NNP'), ('입력', 'NNP'), ('버전', 'NNP'), ('오래되', 'VV'), ('신도', 'NNP'), ('주소지', 'NNG'), ('찾아내', 'VV'), ('지', 'VX'), ('못하', 'VX'), ('주소', 'NNP'), ('입력', 'NNP'), ('업데이트', 'NNP'), ('필요', 'NNG'), ('절실', 'XR')]","[('인터넷', 'NNG'), ('검색', 'NNG'), ('구', 'NNG'), ('주소', 'NNP'), ('찾', 'VV'), ('입력', 'NNG'), ('하', 'VV'), ('단계', 'NNG'), ('거치', 'VV'), ('하', 'VV'), ('불편', 'NNG')]"
"[('접속', 'NNP'), ('과정', 'NNG'), ('항상', 'MAG'), ('문제', 'NNG'), ('많', 'VA')]"
"[('잘', 'MAG'), ('쓰', 'VV'), ('있', 'VV'), ('농협', 'NNP'), ('좀', 'MAG'), ('하나로', 'NNP'), ('통합', 'NNG'), ('좋', 'VA')]"
"[('은행', 'NNG'), ('쓰', 'VV'), ('유일', 'NNG'), ('이체', 'NNG'), ('수수료', 'NNP'), ('있', 'VV'), ('안', 'MAG'), ('쓰', 'VV'), ('되', 'VV')]","[('수수료', 'NNP'), ('조건', 'NNG'), ('은행', 'NNP'), ('비하', 'VV'), ('까다롭', 'VA')]"
"[('아니', 'MAG'), ('이제껏', 'MAG'), ('오류', 'NNP'), ('없', 'VA'), ('튕기', 'VV'), ('현상', 'NNG'), ('생기', 'VV'), ('삭제', 'NNG'), ('다운로드', 'NNP'), ('해도', 'NNP'), ('오류', 'NNP'), ('생기', 'VV'), ('너무', 'MAG'), ('불편', 'NNG'), ('개선', 'NNG'), ('부탁', 'NNG'), ('드리', 'VV')]"
"[('접속', 'NNP'), ('오류로', 'NNP'), ('아예', 'MAG'), ('사이트', 'NNG'), ('들어가', 'VV'), ('지', 'VX'), ('않', 'VX')]"
"[('입출금', 'NNG'), ('건수', 'NNG'), ('세부', 'NNP'), ('내역', 'NNG'), ('통상', 'MAG'), ('내외로', 'NNP'), ('기록', 'NNG'), ('있', 'VV'), ('기능', 'NNG'), ('없', 'VA'), ('기간', 'NNG'), ('입출금', 'NNG'), ('내역', 'NNG'), ('보', 'VV'), ('있', 'VV'), ('시간', 'NNG'), ('지나', 'VV'), ('수입', 'NNG'), ('지출', 'NNG'), ('발생', 'NNG'), ('지금', 'NNG'), ('확인', 'NNG'), ('길', 'NNG'), ('없', 'VA'), ('보완', 'NNG'), ('하', 'VV'), ('타사', 'NNG'), ('비교', 'NNG'), ('미안', 'XR'), ('카카오', 'NNP'), ('신한', 'NNP'), ('있', 'VV'), ('같', 'VA')]"
"[('어제', 'NNG'), ('인터넷', 'NNG'), ('뱅킹', 'NNG'), ('안', 'NNG'), ('이렇', 'VA'), ('화면', 'NNG'), ('뜨', 'VV')]","[('인터넷', 'NNG'), ('뱅킹', 'NNG'), ('이', 'NNP'), ('계속', 'MAG'), ('중단', 'NNG'), ('정보', 'NNG'), ('닫', 'VV'), ('의견', 'NNG'), ('보내', 'VV')]"
"[('알', 'VV'), ('잘', 'MAG'), ('사용', 'NNG'), ('이', 'VCP'), ('삭제', 'NNG'), ('다시', 'MAG'), ('깔', 'VV'), ('되', 'VV'), ('이유', 'NNG'), ('이', 'VCP'), ('짜증', 'NNP'), ('나', 'VV'), ('오류', 'NNP'), ('때', 'NNG'), ('문', 'NNG'), ('은행', 'NNG'), ('가', 'VV'), ('발급', 'NNG'), ('회사', 'NNG'), ('하루', 'NNG'), ('쉬', 'VV'), ('되', 'VV'), ('아', 'IC'), ('짜증', 'NNP')]"
"[('청약', 'NNG'), ('좀', 'MAG'), ('하', 'VV'), ('돈', 'NNG'), ('드', 'NNP'), ('갓', 'NNG'), ('덜', 'VV'), ('안', 'MAG'), ('드', 'NNP'), ('이', 'VCP'), ('계속', 'MAG'), ('튕기', 'VV'), ('시간', 'NNG'), ('이제', 'MAG'), ('청약', 'NNG'), ('못하', 'VX')]"
"[('왜', 'MAG'), ('클릭', 'NNG'), ('튕기', 'VV'), ('내', 'VX'), ('삭제', 'NNP'), ('후', 'NNG'), ('다시', 'MAG'), ('깔', 'VV'), ('글', 'NNG'), ('남기', 'VV'), ('거래', 'NNG'), ('은행', 'NNG'), ('이', 'VCP'), ('사용', 'NNG'), ('안', 'MAG'), ('하', 'VV'), ('없', 'VA'), ('고민', 'NNG')]"
"[('왜', 'MAG'), ('갑자기', 'MAG'), ('실행', 'NNG'), ('하', 'VV'), ('저절로', 'MAG'), ('꺼지', 'VV'), ('버리', 'VX'), ('왜', 'MAG'), ('이렇', 'VA'), ('급히', 'MAG'), ('송금', 'NNG'), ('하', 'VX')]"
"[('실행', 'NNG'), ('자꾸', 'MAG'), ('중단', 'NNG'), ('이유', 'NNG'), ('먼지', 'NNP')]","[('자체', 'NNG'), ('안', 'MAG'), ('되', 'VV'), ('경우', 'NNG'), ('꽤', 'MAG'), ('있', 'VV')]"
"[('가입', 'NNG'), ('걸리', 'VV'), ('장난', 'NNG'), ('아니', 'VCN')]"
"[('접속', 'NNG'), ('안', 'NNG'), ('되', 'VV')]"
"[('네트워크', 'NNP'), ('문제', 'NNG'), ('이', 'VCP'), ('프', 'VX'), ('이', 'NNP'), ('뜨', 'VV'), ('않', 'VX'), ('삭제', 'NNG'), ('다시', 'MAG'), ('설치', 'NNG'), ('하루', 'NNG'), ('똑같', 'VA'), ('현상', 'NNG'), ('나타나', 'VV'), ('현상', 'NNG'), ('많', 'VA'), ('하니', 'NNP'), ('빠르', 'VA'), ('개선', 'NNG'), ('해주시', 'NNP'), ('이', 'VCP'), ('감사', 'NNG')]"
"[('같', 'VA'), ('오류', 'NNP'), ('와이파이', 'NNP'), ('잡히', 'VV'), ('않', 'VX'), ('뜨', 'VV')]","[('연락', 'NNG'), ('곳도', 'NNP'), ('없', 'VA'), ('프', 'VX'), ('만', 'NNP'), ('안', 'MAG'), ('되', 'VV')]"
"[('대출', 'NNG'), ('상품', 'NNG'), ('신청', 'NNG'), ('신청', 'NNG'), ('누르', 'VV'), ('로그인', 'NNG'), ('뜨', 'VV'), ('로그인', 'NNP'), ('다시', 'MAG'), ('들어가', 'VV'), ('신청', 'NNG'), ('누르', 'VV'), ('로그인', 'NNG'), ('뜸', 'NNG'), ('현', 'NNP'), ('반복', 'NNP')]"
"[('네트워크', 'NNP'), ('통신', 'NNG'), ('오류', 'NNP'), ('하루', 'NNG'), ('종일', 'NNG'), ('접속', 'NNP'), ('안', 'NNG')]"
"[('인터넷', 'NNG'), ('연결', 'NNG'), ('확인', 'NNG'), ('로그인', 'NNP'), ('자꾸', 'MAG'), ('안', 'NNG')]"
"[('계속', 'MAG'), ('네트워크', 'NNP'), ('통신', 'NNG'), ('오류', 'NNP'), ('뜨', 'VV'), ('어찌', 'MAG'), ('되', 'VV')]"
"[('스마트', 'NNP'), ('뱅킹', 'NNG'), ('이용', 'NNG'), ('되', 'VV'), ('안', 'NNG'), ('지난번', 'NNG'), ('인터넷', 'NNG'), ('뱅킹', 'NNG'), ('인증', 'NNP'), ('스마트폰', 'NNP'), ('내보내', 'VV'), ('하', 'VV'), ('이용', 'NNG'), ('이후', 'NNG'), ('인', 'NNG'), ('증서', 'NNP'), ('없', 'VA'), ('나오', 'VV')]"
"[('갑자기', 'MAG'), ('로그인', 'NNP'), ('안', 'MAG'), ('되', 'VV')]","[('가', 'VV'), ('결', 'NNG'), ('처', 'NNG'), ('통장', 'NNG'), ('이', 'VCP'), ('계속', 'MAG'), ('네트워크', 'NNP'), ('문제', 'NNG'), ('이', 'VCP'), ('뜨', 'VV'), ('어떻', 'VA'), ('하', 'VV'), ('하', 'VV'), ('결제', 'NNG'), ('못', 'MAG'), ('하', 'VV'), ('일', 'NNG'), ('못', 'MAG'), ('하', 'VV')]"
"[('통장', 'NNP'), ('거래', 'NNG'), ('내역', 'NNG'), ('보', 'VV'), ('때', 'NNG'), ('사용', 'NNG'), ('내역', 'NNG'), ('영구', 'NNG'), ('설정', 'NNG'), ('안', 'MAG'), ('되', 'VV'), ('켜', 'VV'), ('때', 'NNG'), ('기록', 'NNG'), ('나오', 'VV'), ('쓰', 'VV'), ('때', 'NNG'), ('기간', 'NNG'), ('일일이', 'MAG'), ('설정', 'NNG'), ('되', 'VV'), ('번거롭', 'VA'), ('싫', 'VA')]"
"[('공동', 'NNG'), ('인증', 'NNP'), ('로그인', 'NNP'), ('지문', 'NNP'), ('인증', 'NNP'), ('로그인', 'NNP'), ('방식', 'NNG'), ('계좌', 'NNG'), ('번호', 'NNG'), ('로그인', 'NNP'), ('방식', 'NNG'), ('안', 'NNG'), ('불편', 'NNG')]","[('간편', 'XR'), ('로그인', 'NNP'), ('방식', 'NNG'), ('안', 'NNG'), ('막히', 'VV'), ('있', 'VX')]","[('매번', 'MAG'), ('확인', 'NNG'), ('때', 'NNG'), ('계좌', 'NNG'), ('번호', 'NNG')]","[('계좌', 'NNP'), ('비밀', 'NNG'), ('번호', 'NNG')]","[('생년월일', 'NNG'), ('입력', 'NNG'), ('되', 'VV'), ('불편', 'NNG')]","[('간편', 'XR'), ('로그인', 'NNP'), ('방식', 'NNG'), ('설정', 'NNG'), ('있', 'VV'), ('좋', 'VA')]"
"[('갑자기', 'MAG'), ('뱅킹', 'NNG'), ('안', 'NNG'), ('삭제', 'NNG'), ('다시', 'MAG'), ('깔', 'VV'), ('연결', 'NNG'), ('하루', 'NNG'), ('종일', 'NNG'), ('안', 'NNG'), ('어떻', 'VA'), ('하', 'VV'), ('되', 'VV')]"
"[('계좌', 'NNG'), ('개설', 'NNG'), ('왕', 'NNG'), ('짜증', 'NNP'), ('새', 'NNG'), ('빠지', 'VV'), ('과정', 'NNG'), ('거치', 'VV'), ('드디어', 'MAG'), ('마지막', 'NNG'), ('개설', 'NNG'), ('흐뭇', 'XR'), ('터치', 'NNP'), ('하', 'VV'), ('상품', 'NNG'), ('오류로', 'NNP'), ('고객', 'NNP'), ('센터', 'NNP'), ('문의', 'NNG'), ('창', 'NNG'), ('딱', 'MAG'), ('전화', 'NNG'), ('번호', 'NNG'), ('가르치', 'VV'), ('주', 'VX'), ('아', 'IC'), ('짜증', 'NNP'), ('나서', 'VV'), ('일단', 'MAG'), ('보류', 'NNG')]"
"[('통장', 'NNP'), ('개설', 'NNG'), ('신분증', 'NNP'), ('촬영', 'NNG'), ('안', 'NNG'), ('버리', 'VX')]"
"[('흠', 'IC')]","[('업데이트', 'NNP'), ('너무', 'MAG'), ('자주', 'MAG')]"
"[('죄송', 'XR')]","[('저축', 'NNG'), ('업무', 'NNG'), ('처리', 'NNG'), ('오류', 'NNP'), ('발생', 'NNG')]","[('가깝', 'VA'), ('영업점', 'NNG'), ('고객', 'NNP'), ('센터', 'NNP'), ('문의', 'NNG'), ('바라', 'VV')]","[('같', 'VA'), ('오류', 'NNP'), ('계속', 'MAG'), ('반복', 'NNG')]"
"[('요즘', 'NNG'), ('프', 'VX'), ('이', 'NNP'), ('왜', 'MAG'), ('이렇', 'VA'), ('로그인', 'NNP'), ('안', 'MAG'), ('넘어가', 'VV'), ('항상', 'MAG'), ('잔액', 'NNG'), ('확인', 'NNG'), ('카드', 'NNG'), ('긁', 'VV'), ('이', 'VCP'), ('당장', 'NNG'), ('돈', 'NNG'), ('얼마', 'NNG'), ('있', 'VV'), ('확인', 'NNG'), ('안', 'NNG')]"
"[('가입', 'NNG'), ('하', 'VV'), ('거의', 'MAG'), ('아이', 'NNG'), ('이디르', 'NNP'), ('적', 'VA'), ('계속', 'MAG'), ('중복', 'NNG'), ('이', 'VCP'), ('뜨', 'VV'), ('해결', 'NNG'), ('법', 'NNG'), ('없', 'VA')]"
"[('농협', 'NNP'), ('전산', 'NNG'), ('언제나', 'MAG'), ('좀', 'MAG'), ('약하', 'VA')]"
"[('며칠', 'NNG'), ('전', 'NNG'), ('스마트', 'NNP'), ('뱅킹', 'NNG'), ('접속', 'NNG'), ('안', 'NNG'), ('V3', 'NNP'), ('업데이트', 'NNP'), ('실패', 'NNG'), ('종료', 'NNG')]","[('네트워크', 'NNP'), ('연결', 'NNG'), ('상태', 'NNG'), ('확인', 'NNG'), ('후', 'NNG'), ('다시', 'MAG'), ('접속', 'NNG'), ('바라', 'VV'), ('라고', 'NNP'), ('멘트', 'NNG'), ('뜨', 'VV'), ('접속', 'NNG'), ('안', 'NNG')]","[('업데이트', 'NNP'), ('어떻', 'VA'), ('하', 'VV'), ('이', 'VCP'), ('아니', 'VCN'), ('삭제', 'NNP'), ('다시', 'MAG'), ('깔', 'VV'), ('되', 'VV')]","[('현', 'NNG'), ('농협', 'NNP'), ('기업', 'NNG'), ('뱅킹', 'NNG'), ('잘', 'MAG'), ('있', 'VX')]"
"[('잘', 'MAG'), ('되', 'VV'), ('폰뱅킹', 'NNG'), ('안', 'NNG'), ('업데이트', 'NNG'), ('보', 'VX'), ('안', 'NNG'), ('잠깐', 'MAG'), ('화면', 'NNG'), ('되', 'VV'), ('하', 'VX'), ('없', 'VA'), ('지', 'VX'), ('버리', 'VX')]"
"[('쓰', 'VV'), ('스마트', 'NNP'), ('뱅킹', 'NNG'), ('오늘', 'NNG'), ('안', 'NNG'), ('스트레스', 'NNP'), ('왕창', 'NNP'), ('이', 'VCP'), ('왕', 'NNG'), ('짜증', 'NNP'), ('오늘', 'NNG'), ('일단', 'MAG'), ('포기', 'NNG')]"
"[('왜', 'MAG'), ('미만', 'NNG'), ('안', 'MAG'), ('되', 'VV'), ('불편', 'NNG')]"
"[('초기', 'NNG'), ('화면', 'NNG'), ('로그인', 'NNP'), ('방식', 'NNG'), ('선택', 'NNG'), ('넘어가', 'VV'), ('가까이', 'MAG'), ('걸리', 'VV')]","[('어떻', 'VA'), ('농협', 'NNP'), ('개발', 'NNG'), ('능력', 'NNG'), ('전', 'NNG'), ('발전', 'NNG'), ('여전히', 'MAG'), ('없', 'VA')]"
"[('로그인', 'NNP'), ('안', 'MAG'), ('되', 'VV'), ('빨리', 'MAG'), ('고치', 'VV'), ('주', 'VX')]"
"[('업데이트', 'NNP'), ('나서', 'VV'), ('로딩', 'NNP'), ('엄청', 'MAG'), ('오래', 'MAG'), ('걸리', 'VV')]"
"[('제발', 'MAG'), ('주거래', 'NNG'), ('계좌', 'NNP'), ('입출금', 'NNG'), ('알리', 'VV'), ('나오', 'VV'), ('하', 'VV'), ('주', 'VX'), ('좋', 'VA')]"
"[('잘', 'MAG'), ('되', 'VV'), ('왜', 'MAG'), ('잔액', 'NNG'), ('조회', 'NNP'), ('뜨', 'VV'), ('빠르', 'VA'), ('답변', 'NNG'), ('부탁', 'NNG')]"
"[('설정', 'NNG'), ('자꾸', 'MAG'), ('주민등록증', 'NNP'), ('찍', 'VV'), ('곳', 'NNG'), ('튕기', 'VV'), ('에러', 'NNG'), ('나', 'VV'), ('몇 번을', 'NNP'), ('시도', 'NNG'), ('보', 'VX'), ('그렇', 'VA')]"
"[('송금', 'NNG'), ('통장', 'NNP'), ('입금', 'NNG'), ('통장', 'NNP'), ('표시', 'NNG'), ('내역', 'NNG'), ('쓰', 'VV'), ('때', 'NNG'), ('오류', 'NNP'), ('언제', 'MAG'), ('수정', 'NNG'), ('너무', 'MAG'), ('불편', 'NNG'), ('자꾸', 'MAG'), ('다시', 'MAG'), ('쓰', 'VV'), ('되', 'VV')]"
"[('지금', 'MAG'), ('계좌', 'NNG'), ('이체', 'NNG'), ('하', 'VV'), ('계속', 'MAG'), ('정보', 'NNG'), ('이상', 'NNG'), ('다시', 'MAG'), ('탭', 'NNG'), ('열', 'VV'), ('진행', 'NNG'), ('하', 'VV'), ('참', 'VV'), ('정도', 'NNG'), ('되', 'VV'), ('화가', 'NNG'), ('이체', 'NNG'), ('하', 'VV'), ('하', 'VV'), ('이체', 'NNG'), ('못하', 'VX'), ('있', 'VV'), ('더', 'MAG'), ('짜증', 'NNP'), ('나', 'VV'), ('어찌', 'MAG'), ('되', 'VV'), ('이', 'VCP')]"
"[('휴대폰', 'NNG'), ('교환', 'NNG'), ('후', 'NNG'), ('새로', 'MAG'), ('설치', 'NNG'), ('간편', 'XR'), ('뱅킹', 'NNG'), ('서비스', 'NNG'), ('등록', 'NNG'), ('주민', 'NNG'), ('번호', 'NNG'), ('입력', 'NNG'), ('전화', 'NNP'), ('승인', 'NNP'), ('후', 'NNG'), ('확인', 'NNG'), ('터치', 'NNP'), ('하면', 'NNP'), ('종료', 'NNG'), ('시도', 'NNP'), ('설치', 'NNP'), ('해도', 'NNP'), ('똑같', 'VA')]"
"[('주민등록증', 'NNP'), ('선택', 'NNG'), ('계속', 'MAG'), ('튕기', 'VV'), ('어떻', 'VA'), ('하', 'VV'), ('되', 'VV'), ('남', 'NNG'), ('인식', 'NNG'), ('못', 'MAG'), ('하', 'VV'), ('하', 'VV'), ('그냥', 'MAG'), ('튕기', 'VV'), ('해결', 'NNG'), ('방법', 'NNG'), ('좀', 'MAG'), ('부탁', 'NNG'), ('드리', 'VV')]"
"[('나', 'VV'), ('아직', 'MAG'), ('텔레뱅킹', 'NNG'), ('쓰', 'VV')]"
"[('계속', 'MAG'), ('업데이트', 'NNG')]","[('열리', 'VV'), ('은행', 'NNG'), ('다', 'MAG'), ('되', 'VV'), ('농협', 'NNP'), ('다시', 'MAG'), ('설치', 'NNP'), ('몇 번을', 'NNP')]"
