"[('좋', 'VA')]"
"[('편리', 'NNG')]"
"[('따', 'NNG'), ('봉', 'NNG')]"
"[('좋', 'VA')]"
"[('좋', 'VA')]"
"[('아주', 'MAG'), ('좋', 'VA')]"
"[('삶', 'NNG'), ('질', 'NNG'), ('바꾸', 'VV'), ('주', 'VX'), ('최고', 'NNG'), ('은행', 'NNG'), ('이', 'VCP'), ('연계', 'NNG'), ('카카오', 'NNP'), ('뱅크', 'NNP'), ('꼭', 'MAG'), ('넘어서', 'VV'), ('좋', 'VA')]","[('글', 'NNG'), ('이', 'VCP'), ('댓글', 'NNP'), ('카', 'NNG'), ('뱅', 'NNG'), ('로고', 'NNP'), ('이', 'VCP'), ('이건', 'NNP'), ('알', 'VV'), ('까', 'NNP'), ('노', 'NNP')]"
"[('최고', 'NNG'), ('예', 'NNG')]"
"[('좋', 'VA')]"
"[('좋', 'VA')]"

"[('입', 'NNG'), ('출금', 'NNG'), ('자유', 'NNG'), ('편리', 'NNG'), ('좋', 'VA')]"
"[('좋', 'VA')]"
"[('굿', 'NNG')]"
"[('굿', 'NNG')]"
"[('너무', 'MAG'), ('편리', 'NNG'), ('유용', 'XR')]"
"[('케이', 'NNP'), ('뱅크', 'NNP'), ('금리', 'NNG'), ('낮', 'VA'), ('대출', 'NNG'), ('아주', 'MAG'), ('많이', 'MAG'), ('대출', 'NNG'), ('있', 'VV'), ('자주', 'MAG'), ('이용', 'NNG'), ('있', 'VX')]"
"[('잘', 'MAG'), ('사용', 'NNG'), ('있', 'VX')]","[('요번', 'NNG'), ('업데이트', 'NNP'), ('인하', 'VV'), ('안', 'MAG'), ('좋', 'VA')]","[('이', 'VCP'), ('로고', 'NNP'), ('메일', 'NNP'), ('겹치', 'VV')]","[('알리', 'VV'), ('오', 'VV'), ('메일', 'NNP')]",[],"[('바이오', 'NNP'), ('인증', 'NNP'), ('설정', 'NNG'), ('접속', 'NNP'), ('매번', 'MAG'), ('지문', 'NNP'), ('버튼', 'NNP'), ('누르', 'VV'), ('주', 'VX'), ('하', 'VX'), ('이전', 'NNP'), ('버전', 'NNP'), ('한번', 'NNG'), ('설정', 'NNG'), ('접속', 'NNP'), ('지문', 'NNP'), ('인증', 'NNP'), ('뜨', 'VV')]","[('지', 'VX')]"
"[('대출', 'NNG'), ('편리', 'NNG'), ('이체', 'NNG'), ('수수료', 'NNP'), ('없', 'VA'), ('최고', 'NNG'), ('이', 'VCP')]"
"[('기기', 'NNG'), ('변경', 'NNG'), ('먼저', 'NNG'), ('기기', 'NNP'), ('삭제', 'NNP'), ('하니', 'NNP'), ('잘', 'MAG')]"
"[('바이오', 'NNP'), ('인증', 'NNP'), ('다시', 'MAG'), ('등록', 'NNG'), ('바로', 'MAG'), ('지문', 'NNP'), ('인식', 'NNP'), ('뜨', 'VV'), ('감사', 'NNG'), ('합', 'NNG'), ('당', 'NNP')]"
"[('온라인', 'NNG'), ('뱅킹', 'NNG'), ('최고', 'NNG')]"
"[('편하', 'VA')]"
"[('보다', 'MAG'), ('더', 'MAG'), ('상세', 'XR'), ('정확', 'XR'), ('나오', 'VV'), ('감사', 'NNG')]"
"[('최고', 'NNG')]"
"[('깔끔', 'XR'), ('쉽', 'VA'), ('편하', 'VA')]"
"[('사용', 'NNG'), ('편하', 'VA'), ('좋', 'VA')]"
"[('만족', 'NNG'), ('합', 'NNG'), ('딘', 'NNP')]"
[]
"[('좋', 'VA')]"
"[('주거래', 'NNG'), ('은행', 'NNG'), ('케이', 'NNP'), ('뱅크', 'NNP'), ('바꾸', 'VV'), ('정말', 'MAG'), ('잘', 'MAG'), ('쓰', 'VV'), ('있', 'VX')]","[('은행', 'NNP'), ('보내', 'VV'), ('때', 'NNG'), ('수수료', 'NNP'), ('없', 'VA'), ('편하', 'VA')]","[('사람', 'NNG'), ('많이', 'MAG'), ('유입', 'NNG'), ('더', 'MAG'), ('잘', 'MAG'), ('되', 'VV'), ('좋', 'VA'), ('케이', 'NNP'), ('뱅크', 'NNP'), ('화이팅', 'NNP'), ('추가', 'NNG'), ('항상', 'MAG'), ('쓰', 'VV'), ('이번', 'NNG'), ('너무', 'MAG'), ('많이', 'MAG'), ('끼', 'VV'), ('못', 'MAG'), ('알아보', 'VV'), ('하', 'VV')]","[('이전', 'NNG'), ('화이트', 'NNP'), ('핑크', 'NNP'), ('색상', 'NNP'), ('눈', 'NNG'), ('잘', 'MAG'), ('띄', 'VV'), ('귀엽', 'VA'), ('친근', 'XR'), ('느낌', 'NNG'), ('이', 'VCP'), ('마음', 'NNG'), ('들', 'VV'), ('지금', 'NNG'), ('지하철', 'NNP'), ('같', 'VA')]","[('로고', 'NNP'), ('이전', 'NNG'), ('강조', 'NNG'), ('더', 'MAG'), ('나', 'VV'), ('같', 'VA')]","[('뜨', 'VV'), ('케이', 'NNP'), ('뱅크', 'NNP'), ('아니', 'VCN'), ('구글', 'NNP'), ('메일', 'NNP'), ('알리', 'VV'), ('이', 'VCP'), ('주', 'VX'), ('알', 'VV'), ('뱅크', 'NNP'), ('이', 'VCP'), ('왜', 'MAG'), ('강조', 'NNG'), ('모르', 'VV')]","[('이전', 'NNG'), ('기존', 'NNG'), ('은행', 'NNG'), ('차별', 'NNG'), ('있', 'VV'), ('예쁘', 'VA'), ('전부', 'MAG'), ('바뀌', 'VV'), ('너무', 'MAG')]"
"[('사용', 'NNG'), ('편하', 'VA')]"
"[('잘', 'MAG')]"
"[('뱅크', 'NNP'), ('이', 'VCP'), ('이', 'VCP'), ('쓰', 'VV'), ('놓', 'VX'), ('너무', 'MAG'), ('세계', 'NNP'), ('최초', 'NNG'), ('아니', 'VCN'), ('싶', 'VX')]","[('대문', 'NNP'), ('라고', 'NNP'), ('박', 'VV'), ('놓', 'VX'), ('회사', 'NNG'), ('이', 'VCP')]","[('이렇', 'VA')]"
"[('빠르', 'VA'), ('수정', 'NNG'), ('주', 'VX'), ('감사', 'NNG'), ('드리', 'VV'), ('다시', 'MAG'), ('수정', 'NNG')]","[('다시', 'MAG'), ('감사', 'NNG'), ('드리', 'VV')]"
"[('아', 'IC'), ('안', 'NNG'), ('그냥', 'MAG'), ('설치', 'NNG'), ('인증', 'NNG'), ('되', 'VV')]","[('왜', 'MAG'), ('이렇', 'VA'), ('귀찮', 'VA'), ('업데이트', 'NNP'), ('하', 'VV')]"
"[('수수료', 'NNP'), ('없이', 'MAG'), ('편리', 'NNG')]"
[]
"[('편하', 'VA')]"
"[('편리', 'NNG'), ('좋', 'VA')]"
"[('초창기', 'NNG'), ('색상', 'NNP'), ('반전', 'NNP'), ('한', 'NNP'), ('눈', 'NNG'), ('갱', 'NNG'), ('핫', 'NNG'), ('핑크', 'NNP'), ('바뀌', 'VV'), ('좋', 'VA'), ('너무', 'MAG'), ('같', 'VA'), ('아이콘', 'NNP'), ('바꾸', 'VV'), ('괜찮', 'VA')]"
"[('어머', 'IC'), ('바뀌', 'VV'), ('디자인', 'NNP'), ('너무', 'MAG'), ('케이', 'NNP'), ('뱅크', 'NNP'), ('뱅크', 'NNP'), ('바뀌', 'VV')]"
"[('굿', 'NNG')]"
[]
"[('편하', 'VA')]"
"[('편하', 'VA'), ('좋', 'VA')]"
"[('케이', 'NNP'), ('뱅크', 'NNP'), ('짱', 'MAG'), ('이', 'VCP'), ('겨', 'NNG')]"
"[('입출금', 'NNG'), ('간단', 'XR'), ('좋', 'VA'), ('디자인', 'NNP'), ('깔끔', 'XR')]"
"[('좋', 'VA')]"
"[('바탕', 'NNG'), ('화면', 'NNG'), ('어떻', 'VA'), ('끌', 'VV'), ('오', 'VX'), ('설명', 'NNG'), ('좀', 'MAG'), ('부탁', 'NNG'), ('드리', 'VV')]"
"[('한국', 'NNP'), ('KOREA', 'NNP'), ('최초', 'NNG'), ('인터넷 전문은행', 'NNP'), ('뱅크', 'NNP'), ('한국', 'NNP'), ('대표', 'NNG'), ('알파벳', 'NNP'), ('버리', 'VX'), ('떡', 'NNG'), ('박', 'VV'), ('놓', 'VX'), ('안타깝', 'VA')]","[('케이', 'NNP'), ('뱅크', 'NNP'), (""K'"", 'NNP'), ('선점', 'NNG'), ('않', 'VX'), ('인터넷 전문은행', 'NNP'), ('후발', 'NNG'), ('주자', 'NNP'), ('이', 'VCP'), ('카카오', 'NNP'), ('뱅크', 'NNP'), ('대신', 'NNG'), (""K'"", 'NNP'), ('당장', 'NNG'), ('쓰', 'VV'), ('않', 'VX'), ('케이', 'NNP'), ('뱅크', 'NNP'), ('로고', 'NNP'), ('바뀌', 'VV'), ('이번', 'NNG'), ('색감', 'NNG'), ('글자', 'NNG'), ('연관', 'NNG'), ('없', 'VA'), ('더욱', 'MAG'), ('이질감', 'NNG'), ('느끼', 'VV'), ('지', 'VX')]","[('기존', 'NNG'), ('고객', 'NNP'), ('혼란', 'NNG'), ('물론', 'NNG'), ('이', 'VCP'), ('케이', 'NNP'), ('뱅크', 'NNP'), ('송금', 'NNG'), ('고객', 'NNG'), ('어리둥절', 'XR')]","[('모바일', 'NNP'), ('송금', 'NNG'), ('제일', 'NNG'), ('먼저', 'MAG'), ('찾', 'VV'), ('은행', 'NNG'), ('이름', 'NNG'), ('아니', 'VCN'), ('로고', 'NNP'), ('이', 'VCP')]","[('겉모습', 'NNG'), ('바꾸', 'VV'), ('기업', 'NNG'), ('본질', 'NNG'), ('달라지', 'VV'), ('아니', 'VCN')]","[('잠재', 'NNG'), ('고객', 'NNP'), ('머리', 'NNG'), ('자리', 'NNG'), ('잡', 'VV'), ('케이', 'NNP'), ('뱅크', 'NNP'), ('이미지', 'NNG'), ('버리', 'VX'), ('결과', 'NNG'), ('낳', 'VV'), ('이', 'VCP')]","[('한편', 'NNG'), ('모바일', 'NNP'), ('송금', 'NNG'), ('은행', 'NNG'), ('목록', 'NNG'), ('살피', 'VV'), ('아직', 'MAG'), ('초창기', 'NNG'), ('로고', 'NNP'), ('보', 'VV'), ('있', 'VX')]","[('뱅크', 'NNP'), ('대한민국', 'NNP'), ('최초', 'NNG'), ('인터넷 전문은행', 'NNP'), ('이', 'VCP'), ('사실', 'NNG'), ('변하', 'VV'), ('없', 'VA'), ('사람', 'NNG'), ('케이', 'NNP'), ('뱅크', 'NNP'), ('떠올리', 'VV'), ('이미지', 'NNP'), ('변하', 'VV'), ('않', 'VX'), ('좋', 'VA')]"
"[('좋', 'VA')]","[('왜', 'MAG'), ('하나', 'NR'), ('많', 'VA'), ('아직', 'MAG'), ('모르', 'VV')]"
"[('잘', 'MAG'), ('쓰', 'VV'), ('있', 'VV'), ('아이콘', 'NNP'), ('바뀌', 'VV'), ('하', 'VV'), ('아직', 'MAG'), ('그대로', 'MAG'), ('바뀌', 'VV')]"
"[('좋', 'VA'), ('편리', 'NNG')]"
"[('최고', 'NNG'), ('이', 'VCP')]"
"[('이번', 'NNG'), ('색상', 'NNP'), ('좀', 'MAG'), ('매력', 'NNP'), ('도가', 'NNP'), ('덜하', 'VA')]","[('이전', 'NNG'), ('좋', 'VA')]"
"[('편리', 'NNG'), ('좋', 'VA')]"
"[('아이콘', 'NNP'), ('바꾸', 'VV'), ('서', 'VV'), ('강하', 'VA'), ('넘', 'VV'), ('버리', 'VX')]","[('실망', 'NNG')]"
"[('드디어', 'MAG'), ('일', 'NNG')]"
[]
"[('이제', 'MAG'), ('사용', 'NNG'), ('사람', 'NNG'), ('이', 'VCP'), ('상담', 'NNG'), ('하', 'VV'), ('때', 'NNG'), ('느끼', 'VV'), ('직원', 'NNG'), ('너무너무', 'MAG'), ('친절히', 'MAG'), ('상당', 'NNG'), ('기억', 'NNG'), ('생생', 'XR'), ('느끼', 'VV'), ('감사', 'NNG')]"
"[('좋', 'VA')]"
"[('걸', 'NNG'), ('안', 'NNG')]"
"[('아주', 'MAG'), ('좋', 'VA')]"
"[('아주', 'MAG'), ('좋', 'VA')]","[('편리', 'NNG'), ('잘', 'MAG'), ('이용', 'NNG'), ('있', 'VX')]"
"[('접속', 'NNP'), ('안', 'NNG'), ('그러', 'VV'), ('돈', 'NNG'), ('쓰', 'VV'), ('되', 'VV'), ('큰일', 'NNG'), ('이', 'VCP')]"
"[('빠르', 'VA'), ('정화', 'NNG'), ('좋', 'VA')]"
"[('아주', 'MAG'), ('조', 'NR'), ('아', 'NNP')]"
"[('다양', 'XR'), ('편리', 'NNG')]"
"[('굿', 'NNG')]"
"[('잘', 'MAG'), ('사용', 'NNG'), ('있', 'VX')]"
"[('알', 'VV'), ('지인', 'NNP'), ('국적', 'NNP'), ('캐나다', 'NNP'), ('이', 'VCP'), ('계정', 'NNG'), ('만들', 'VV'), ('있', 'VV'), ('방법', 'NNG'), ('있', 'VV')]"
"[('자체', 'NNG'), ('실행', 'NNG'), ('되', 'VV'), ('않', 'VX'), ('기종', 'NNG'), ('20', 'NNP'), ('이', 'VCP'), ('저녁', 'NNG'), ('이', 'VV')]"
[]
"[('좋', 'VA')]"
[]
"[('리뷰', 'NNP'), ('보', 'VV'), ('안', 'NNG'), ('하', 'VV'), ('절', 'VV'), ('1년', 'NNP'), ('동안', 'NNP'), ('잘', 'MAG'), ('이용', 'NNG'), ('있', 'VX')]"
"[('고객', 'NNP'), ('신뢰', 'NNP'), ('빠르', 'VA')]"
"[('케이', 'NNP'), ('뱅크', 'NNP'), ('일반', 'NNG'), ('은행', 'NNG'), ('편하', 'VA'), ('좋', 'VA')]"
"[('굿', 'NNG')]"
"[('플러스', 'NNP'), ('박스', 'NNP'), ('자동', 'NNG'), ('출금', 'NNG'), ('기능', 'NNG'), ('있', 'VV'), ('좋', 'VA')]","[('플러스', 'NNP'), ('박스', 'NNP'), ('자동', 'NNG'), ('입금', 'NNG'), ('있', 'VV'), ('기능', 'NNG'), ('없', 'VA')]","[('뱅크', 'NNP'), ('항상', 'MAG'), ('애용', 'NNG'), ('하', 'VX')]"
"[('만족', 'NNG'), ('쓰', 'VV'), ('있', 'VV')]"
"[('편하', 'VA')]"
[]
"[('시대', 'NNG'), ('맞', 'VV'), ('가상', 'NNG'), ('은행', 'NNG'), ('이', 'VV')]"
"[('파킹', 'NNP'), ('통장', 'NNP'), ('개설', 'NNG'), ('있', 'VV'), ('케이', 'NNP'), ('뱅크', 'NNP'), ('통장', 'NNG'), ('있', 'VV'), ('돈', 'NNG'), ('가져오', 'VV'), ('기능', 'NNG'), ('정말', 'MAG'), ('유용', 'XR')]"
"[('플러스', 'NNP'), ('박스', 'NNP'), ('송금', 'NNG'), ('기능', 'NNG'), ('있', 'VV'), ('더', 'MAG'), ('좋', 'VA'), ('같', 'VA'), ('꺼내', 'VV'), ('보내', 'VV'), ('조금', 'MAG'), ('번거롭', 'VA')]"
"[('편리', 'NNG'), ('우선', 'MAG'), ('한눈', 'NNG'), ('다', 'MAG'), ('보이', 'VV')]"
"[('화면', 'NNG'), ('안', 'MAG'), ('넘어가', 'VV'), ('돈', 'NNG'), ('빼', 'VV'), ('하', 'VX')]"
"[('최고', 'NNG'), ('은행', 'NNG')]"
"[('참으로', 'MAG'), ('편리', 'NNG'), ('좋', 'VA')]"
"[('만족', 'NNG')]"
"[('신속', 'NNG'), ('간편', 'XR')]"
"[('좋', 'VA')]"
"[('굿', 'NNG')]"
"[('굿', 'NNG')]"
"[('프', 'VX'), ('이', 'NNP'), ('안', 'MAG'), ('켜', 'VV'), ('지', 'VX')]"
"[('잘', 'MAG'), ('되', 'VV')]"
"[('아주', 'MAG'), ('좋', 'VA')]"
"[('직관', 'NNP'), ('이', 'VCP'), ('잘', 'MAG'), ('사용', 'NNG'), ('있', 'VX')]"
"[('담당', 'NNG'), ('님', 'NNG'), ('신규', 'NNG'), ('계좌', 'NNG'), ('개설', 'NNG'), ('본인', 'NNG'), ('계좌', 'NNP'), ('인증', 'NNP'), ('하', 'VV'), ('입금', 'NNG'), ('케이', 'NNP'), ('뱅크', 'NNP'), ('인증', 'NNP'), ('번호', 'NNG'), ('입력', 'NNG'), ('계속', 'MAG'), ('인증', 'NNP'), ('번호', 'NNG'), ('오류', 'NNP'), ('나오', 'VV'), ('어떻', 'VA'), ('하', 'VV'), ('하', 'VX')]"
"[('케이', 'NNP'), ('뱅크', 'NNP'), ('삼성카드', 'NNP'), ('프', 'VX'), ('안', 'NNG'), ('휴대', 'NNG'), ('전화', 'NNP'), ('부팅', 'NNG'), ('되', 'VV'), ('삭제', 'NNG'), ('설치', 'NNP'), ('해도', 'NNP'), ('안', 'NNG'), ('부팅', 'NNG'), ('두', 'VV'), ('프', 'VX'), ('모두', 'MAG'), ('정상', 'NNG'), ('작동', 'NNG')]"
"[('로그', 'NNP'), ('뜨', 'VV'), ('접속', 'NNG'), ('제거', 'NNG'), ('후', 'NNG'), ('설치', 'NNG'), ('하', 'VV'), ('안', 'NNG'), ('급하', 'VA'), ('10분', 'NNP'), ('후', 'NNG'), ('설치', 'NNG'), ('후', 'NNG'), ('원만히', 'MAG'), ('이용', 'NNG'), ('순간', 'NNG'), ('당황', 'NNG'), ('앞으로', 'NNP'), ('오류', 'NNP'), ('없', 'VA'), ('르', 'NNG')]"
"[('좋', 'VA')]"
"[('조', 'NR'), ('아', 'NNP')]"
"[('로고', 'NNP'), ('뜨', 'VV'), ('먹', 'NNG'), ('통', 'NNG'), ('이', 'VCP')]","[('돈', 'NNG'), ('다급', 'XR'), ('어쩌', 'VV')]"
"[('굿', 'NNG')]"
"[('좋', 'VA')]"
"[('가입', 'NNG'), ('하', 'VV'), ('폰', 'NNP'), ('바로', 'MAG'), ('가', 'VV'), ('안', 'MAG'), ('뜨', 'VV'), ('어떻', 'VA'), ('하', 'VV'), ('바로', 'MAG'), ('가', 'VV'), ('하', 'VV'), ('있', 'VV')]"
"[('심플', 'NNG'), ('직관', 'NNP'), ('이', 'VCP'), ('좋', 'VA')]"
"[('편리', 'NNG'), ('사용', 'NNG'), ('쉽', 'VA')]"
"[('최고', 'NNG')]"
"[('편리', 'NNG'), ('이용', 'NNG'), ('가능', 'XR'), ('모바일', 'NNP'), ('은행', 'NNP'), ('짱', 'MAG')]"
"[('굳', 'VV')]"
"[('좋', 'VV'), ('오', 'VV')]"
"[('아주', 'MAG'), ('편리', 'NNG')]"
"[('좋', 'VA')]"
"[('사용', 'NNG'), ('쉬', 'VV'), ('화면', 'NNG'), ('크', 'VA'), ('하', 'VX'), ('보', 'VV'), ('좋', 'VA')]"
"[('오늘', 'NNG'), ('갑자기', 'MAG'), ('접속', 'NNP'), ('로고', 'NNP'), ('뜨', 'VV'), ('이용', 'NNG'), ('안', 'NNG'), ('아래', 'NNG'), ('댓글', 'NNP'), ('주', 'VX'), ('내용', 'NNG'), ('보', 'VV'), ('네트워크', 'NNP'), ('삭제', 'NNG'), ('캐', 'VV'), ('쉬', 'MAG'), ('삭제', 'NNP'), ('해도', 'NNP'), ('안', 'NNG')]"
"[('꾸', 'VV'), ('웃', 'VV'), ('좋', 'VA')]"
"[('빠르', 'VA'), ('굿', 'NNG')]"
[]
"[('케이', 'NNP'), ('뱅크', 'NNP'), ('가입', 'NNG'), ('동행', 'NNP'), ('복권', 'NNP'), ('예치금', 'NNG'), ('충전', 'NNG'), ('계획', 'NNG'), ('이', 'VCP')]"
"[('좋', 'VA')]"
"[('개', 'VV'), ('카카', 'NNP'), ('뱅크', 'NNP'), ('좋', 'VA'), ('생각', 'NNG')]","[('오픈', 'NNP'), ('뱅킹', 'NNG'), ('깔끔', 'XR'), ('이체', 'NNG'), ('때', 'NNG'), ('입금자', 'NNG'), ('명도', 'NNP'), ('길', 'VA'), ('쓰', 'VV'), ('지', 'VX'), ('깔끔', 'XR'), ('만족', 'NNP')]"
"[('편하', 'VA'), ('좋', 'VA')]"
"[('정상', 'NNP'), ('동작', 'NNG'), ('감지', 'NNG'), ('어', 'NNG'), ('플리', 'NNP'), ('케이', 'NNP'), ('션', 'NNG'), ('들어가', 'VV'), ('지', 'VX'), ('않', 'VX'), ('왜', 'MAG'), ('가요', 'NNP')]"
"[('좋', 'VA')]"
"[('좋', 'VA')]"
"[('입출금', 'NNG'), ('편하', 'VA')]"
"[('좋', 'VA')]"
"[('굿', 'NNG')]"
"[('은행', 'NNP'), ('그림', 'NNG'), ('터치', 'NNP'), ('하면', 'NNP'), ('흰', 'NNG'), ('화면', 'NNG'), ('계속', 'MAG'), ('유지', 'NNG'), ('진행', 'NNG'), ('안', 'NNG'), ('다시', 'MAG'), ('깔', 'VV'), ('보', 'VX'), ('하', 'VX'), ('안되', 'VA'), ('왜', 'MAG'), ('그러', 'VV'), ('옆', 'NNG'), ('있', 'VV'), ('사람', 'NNG'), ('되', 'VV'), ('거래', 'NNG'), ('채', 'NNP'), ('하', 'VV'), ('없', 'VA'), ('답답', 'XR')]"
"[('전체', 'NNG'), ('편하', 'VA'), ('잘', 'MAG'), ('만들', 'VV'), ('같', 'VA')]"
"[('간편', 'XR'), ('좋', 'VA')]"
"[('굿', 'NNG')]"
"[('편하', 'VA'), ('좋', 'VA')]"
"[('쓰', 'VV'), ('케이', 'NNP'), ('뱅크', 'NNP'), ('카카오', 'NNP'), ('뱅크', 'NNP'), ('밖', 'NNG'), ('없', 'VA'), ('같', 'VA'), ('쓰', 'VV'), ('일반', 'NNG'), ('은행', 'NNG'), ('켜', 'VV'), ('어질어질', 'MAG'), ('당장', 'NNG'), ('보', 'VV'), ('카카오', 'NNP'), ('심플', 'NNG'), ('자잘', 'XR'), ('편의', 'NNG'), ('케이', 'NNP'), ('뱅크', 'NNP'), ('더', 'MAG'), ('잘', 'MAG'), ('있', 'VX'), ('좋', 'VA')]","[('고객', 'NNP'), ('센터', 'NNP'), ('친절', 'NNG')]"
"[('은행', 'NNG'), ('프', 'VX'), ('중', 'NNP'), ('제일', 'NNG'), ('좋', 'VA'), ('진짜', 'MAG'), ('깔끔', 'XR'), ('가볍', 'VA'), ('편하', 'VA'), ('이상', 'XR'), ('따로', 'MAG'), ('안', 'MAG'), ('깔', 'VV'), ('되', 'VV'), ('케이', 'NNP'), ('뱅크', 'NNP'), ('제발', 'MAG'), ('오래오래', 'MAG'), ('가', 'VV'), ('좋', 'VA'), ('좋', 'VA'), ('프', 'VX'), ('서비스', 'NNG'), ('개발', 'NNG'), ('감사', 'NNG')]"
"[('좋', 'VA')]"
"[('계좌', 'NNG'), ('개설', 'NNG'), ('하', 'VX'), ('인증', 'NNP'), ('번호', 'NNG'), ('안', 'VV'), ('내', 'VX'), ('보내', 'VV'), ('하', 'VX')]","[('어떻', 'VA'), ('확인', 'NNG')]"
"[('빠르', 'VA'), ('편하', 'VA'), ('아주', 'MAG'), ('좋', 'VA')]"
"[('편리', 'NNG'), ('좋', 'VA')]"
"[('좋', 'VA')]"
"[('21', 'NNP'), ('일', 'VV'), ('정상', 'NNP'), ('동작', 'NNG'), ('감지', 'NNG'), ('실행', 'NNG'), ('되', 'VV'), ('않', 'VX')]"
"[('좋', 'VA')]"
"[('좋', 'VA'), ('아주', 'MAG'), ('좋', 'VA')]"
"[('로그인', 'NNP'), ('문제', 'NNG'), ('친절', 'NNG')]"
"[('좋', 'VA')]"
"[('뱅크', 'NNP'), ('모바일', 'NNP'), ('가입', 'NNG'), ('사용', 'NNG'), ('이', 'VCP'), ('매우', 'MAG'), ('편리', 'NNG'), ('체크카드', 'NNP'), ('신청', 'NNG'), ('싶', 'VX'), ('어떻', 'VA'), ('하', 'VX'), ('하', 'VX')]"
"[('좋', 'VA')]"
"[('사용', 'NNG'), ('편하', 'VA')]"
"[('좋', 'VA')]"
"[('좋', 'VA')]"
"[('돈돈돈', 'MAG')]"
"[('각종', 'NNG'), ('수수료', 'NNP'), ('안', 'MAG'), ('나가', 'VV'), ('체크카드', 'NNP'), ('이체', 'NNG'), ('한도', 'NNG'), ('없', 'VA'), ('너무', 'MAG'), ('좋', 'VA')]"
"[('잘', 'MAG'), ('쓰', 'VV'), ('있', 'VV'), ('홈', 'NNG'), ('이', 'VCP'), ('위젯', 'NNP'), ('잔액', 'NNG'), ('확인', 'NNG'), ('좋', 'VA'), ('은행', 'NNP'), ('계좌', 'NNP'), ('위젯', 'NNP'), ('있', 'VV'), ('케이', 'NNP'), ('뱅크', 'NNP'), ('어', 'NNG'), ('플로', 'NNP'), ('직접', 'MAG'), ('들어가', 'VV'), ('하', 'VX')]"
"[('좋', 'VA')]"
"[('업데이트', 'NNP'), ('하', 'VV'), ('플러스', 'NNP'), ('박스', 'NNP'), ('금액', 'NNG'), ('설정', 'NNG'), ('자유', 'NNG'), ('빼', 'VV'), ('자유', 'NNG'), ('더하', 'VV'), ('만원', 'NNP'), ('단위', 'NNP'), ('잔돈', 'NNG'), ('다', 'MAG'), ('넣', 'VV'), ('놓', 'VX'), ('맛', 'NNG'), ('이', 'VCP'), ('실험', 'NNG'), ('삼', 'VV'), ('빼', 'VV'), ('낳', 'VV'), ('못하', 'VX'), ('기존', 'NNG'), ('방식', 'NNG'), ('익숙', 'XR'), ('지', 'VX'), ('있', 'VX'), ('잘', 'MAG'), ('알아보', 'VV'), ('못하', 'VX'), ('리뷰', 'NNP'), ('달', 'VX'), ('유', 'NNG'), ('확인', 'NNG'), ('친절', 'NNG'), ('답변', 'NNG'), ('감사', 'NNG'), ('드리', 'VV')]"
"[('다', 'MAG'), ('좋', 'VA'), ('로그인', 'NNP'), ('때', 'NNG'), ('지문', 'NNP'), ('인식', 'NNP'), ('기능', 'NNG'), ('추가', 'NNG'), ('주', 'VX'), ('좋', 'VA')]"
"[('계속', 'MAG'), ('프', 'VX'), ('접속', 'NNG'), ('안', 'NNG'), ('로고', 'NNP'), ('뜨', 'VV')]","[('벌써', 'MAG'), ('이', 'VCP'), ('삭제', 'NNP'), ('후', 'NNG'), ('다시', 'MAG'), ('설치', 'NNG'), ('하', 'VX')]"
[]
"[('전', 'NNP'), ('업데이트', 'NNG')]"
"[('좋', 'VA')]"
"[('편리', 'NNG')]"
"[('만족', 'NNP')]"
"[('굳', 'VV')]"
"[('케이', 'NNP'), ('은행', 'NNP'), ('굿', 'NNG')]"
"[('아주', 'MAG'), ('사용', 'NNG'), ('편하', 'VA'), ('안전', 'NNG')]"
"[('단말기', 'NNP'), ('악성', 'NNG'), ('코드', 'NNP'), ('발견', 'NNG'), ('안', 'NNG'), ('어떻', 'VA'), ('하', 'VX'), ('하', 'VX')]"
"[('아주', 'MAG'), ('좋', 'VA')]"
"[('놀랍', 'VA'), ('대부분', 'NNG'), ('사람', 'NNG'), ('뱅크', 'NNP'), ('이용', 'NNG'), ('위하', 'VV'), ('깔', 'VV'), ('않', 'VX'), ('이', 'VCP')]"
[]
"[('아주', 'MAG'), ('좋', 'VA')]"
"[('편리', 'NNG')]"
"[('이제', 'MAG'), ('인증', 'NNP'), ('잘', 'MAG'), ('되', 'VV'), ('이체', 'NNG'), ('완료', 'NNG'), ('후', 'NNG'), ('뒤', 'NNG'), ('가', 'VV'), ('하', 'VV'), ('때', 'NNG'), ('이체', 'NNG'), ('과정', 'NNG'), ('넘어가', 'VV'), ('않', 'VX'), ('싶', 'VX'), ('이', 'VCP')]"
"[('생각', 'NNG'), ('쉽', 'VA')]"
"[('편리', 'NNG')]"
"[('굿', 'NNG')]"
"[('좋', 'VA')]"
"[('굿', 'NNG')]"
"[('너무', 'MAG'), ('편하', 'VA')]"
"[('편리', 'NNG')]"
"[('굿', 'NNG')]"
"[('짱', 'MAG'), ('이', 'VV')]"
"[('굿', 'NNG')]"
"[('좋', 'VA')]"
"[('휴대폰', 'NNG'), ('카메라', 'NNG'), ('고장', 'NNG'), ('나서', 'VV'), ('신분증', 'NNP'), ('인식', 'NNP'), ('안', 'NNG'), ('계좌', 'NNG'), ('개설', 'NNG'), ('방법', 'NNG'), ('전혀', 'MAG'), ('없', 'VA')]"
"[('아주', 'MAG'), ('편리', 'NNG')]"
"[('프', 'VX'), ('로딩', 'NNP'), ('왜', 'MAG'), ('이렇', 'VA'), ('느리', 'VA'), ('가요', 'NNP')]"
"[('좋', 'VA')]"
"[('좋', 'VA'), ('정보', 'NNP'), ('이', 'VCP')]"
"[('편하', 'VA'), ('좋', 'VA')]"
"[('입출금', 'NNG'), ('통장', 'NNP'), ('발행', 'NNG'), ('받', 'VV'), ('없', 'VA'), ('날짜', 'NNP'), ('아무것', 'NNG'), ('혹시', 'MAG'), ('개인정보', 'NNP'), ('악용', 'NNG'), ('지', 'VX'), ('아니', 'VCN'), ('싶', 'VX'), ('아니', 'VCN'), ('혹시', 'MAG'), ('상당히', 'MAG')]"
"[('잘', 'MAG'), ('사용', 'NNG'), ('하', 'VV'), ('있', 'VX')]","[('가상', 'NNG'), ('화폐', 'NNP'), ('거래', 'NNG'), ('하', 'VV'), ('가입', 'NNG'), ('하', 'VV'), ('은행', 'NNG'), ('프', 'VX'), ('보', 'VV'), ('편하', 'VA'), ('이체', 'NNG'), ('한도', 'NNP'), ('빵빵', 'XR'), ('너무나', 'MAG'), ('좋', 'VA'), ('단', 'NNG'), ('쓰', 'VV'), ('버', 'NNG'), ('불안정', 'NNG'), ('하', 'VV'), ('보', 'VX')]","[('접속', 'NNG'), ('잘', 'MAG'), ('않', 'VX'), ('이', 'VCP'), ('디', 'NNP'), ('레이', 'NNP'), ('되', 'VV'), ('실패', 'NNG'), ('되', 'VV')]","[('친구', 'NNG'), ('추천', 'NNG'), ('사용', 'NNG'), ('보', 'VX'), ('하', 'VV'), ('가입', 'NNG'), ('않', 'VX'), ('되', 'VV')]"
"[('감사', 'NNG')]"
"[('굿', 'NNG')]"
"[('좋', 'VA'), ('뱅킹', 'NNG')]"
"[('개설', 'NNG'), ('바탕', 'NNG'), ('화면', 'NNG'), ('안보', 'NNG'), ('이', 'VCP')]"
"[('정확', 'XR'), ('신속', 'NNG'), ('감사', 'NNG')]"
"[('최고', 'NNG'), ('짱', 'MAG'), ('짱', 'MAG')]"
"[('인증', 'NNP'), ('번호', 'NNG'), ('발송', 'NNG'), ('문자', 'NNG'), ('안', 'MAG'), ('오', 'VV'), ('카', 'MAG'), ('톡', 'MAG'), ('안', 'MAG'), ('오', 'VV'), ('개설', 'NNG'), ('못하', 'VX')]"
"[('회원', 'NNG'), ('가입', 'NNG'), ('민', 'NNP'), ('증', 'NNG'), ('면허증', 'NNG'), ('촬영', 'NNG'), ('페이지', 'NNP'), ('자꾸', 'MAG'), ('오류', 'NNP'), ('발생', 'NNG'), ('하', 'VV')]"
"[('편하', 'VA')]"
"[('좋', 'VA')]"
"[('보안', 'NNP'), ('그렇', 'VA'), ('면', 'NNG'), ('만족', 'NNP')]"
"[('짱', 'MAG'), ('이', 'VCP')]"
"[('수수료', 'NNP')]"
"[('다운로드', 'NNP'), ('받', 'VV'), ('본인', 'NNG'), ('인증', 'NNP'), ('하', 'VV'), ('인증', 'NNP'), ('번호', 'NNG'), ('발신', 'NNG'), ('요청', 'NNG'), ('인증', 'NNP'), ('번호', 'NNG'), ('안', 'MAG'), ('오', 'VV'), ('잘못', 'NNG'), ('건지', 'NNG'), ('수신', 'NNP'), ('차단', 'NNP'), ('이', 'NNG'), ('건지', 'NNG')]"
"[('UI', 'NNP'), ('깔끔', 'XR'), ('서비스', 'NNG'), ('기획', 'NNG'), ('구현', 'NNP'), ('상황', 'NNP'), ('정말', 'MAG'), ('좋', 'VA')]","[('항시', 'MAG'), ('잘', 'MAG'), ('쓰', 'VV'), ('있', 'VX')]"
"[('이체', 'NNG'), ('매우', 'MAG'), ('편리', 'NNG')]"
"[('매우', 'NNP'), ('편리', 'NNG')]"
"[('굿', 'NNG')]"
"[('어제', 'MAG'), ('지우', 'VV'), ('다시', 'MAG'), ('깔', 'VV'), ('열리', 'VV'), ('오늘', 'NNG'), ('아예', 'MAG'), ('안', 'MAG'), ('열리', 'VV')]","[('구동', 'NNG'), ('자체', 'NNG'), ('안', 'NNG')]"
"[('비하', 'VV'), ('사용', 'NNG'), ('간편', 'XR'), ('시각', 'NNG'), ('깔끔', 'XR')]","[('앞', 'NNG'), ('번창', 'NNG'), ('바라', 'VV'), ('속도', 'NNG'), ('좀', 'MAG'), ('더', 'MAG'), ('빠르', 'VA'), ('좋', 'VA'), ('같', 'VA')]"
"[('외국인', 'NNG'), ('영주권', 'NNP'), ('계좌', 'NNG'), ('못', 'MAG'), ('만들', 'VV')]"
"[('인출', 'NNG'), ('송금', 'NNG'), ('수수료', 'NNP'), ('면제', 'NNG'), ('공인인증서', 'NNP'), ('필요', 'NNG'), ('없', 'VA'), ('매우', 'MAG'), ('매우', 'MAG'), ('편리', 'NNG'), ('좋', 'VA')]"
"[('뱅킹', 'NNG'), ('라면', 'NNP'), ('적어도', 'MAG'), ('불편', 'NNG'), ('없', 'VA'), ('하', 'VV'), ('사람', 'NNG'), ('피드백', 'NNP'), ('곧이', 'MAG'), ('곧대로', 'MAG'), ('나오', 'VV'), ('머릿속', 'NNG'), ('돈', 'NNG'), ('벌어들이', 'VV'), ('생각', 'NNG'), ('없', 'VA'), ('항상', 'MAG'), ('제자리', 'NNG'), ('걸음', 'NNG'), ('형식', 'NNG'), ('이', 'VCP'), ('답변', 'NNG'), ('내놓', 'VV'), ('개선', 'NNG'), ('생각', 'NNG'), ('없', 'VA'), ('같', 'VA')]","[('에', 'NNG'), ('휴', 'NNP'), ('그냥', 'MAG'), ('사람', 'NNG'), ('뱅킹', 'NNG'), ('썰', 'VV'), ('하', 'VV'), ('더욱', 'MAG'), ('효율', 'NNG'), ('이', 'VCP'), ('같', 'VA')]"
"[('아래', 'NNG'), ('하', 'VV'), ('설명', 'NNG'), ('3월 22일', 'NNP'), ('기준', 'NNG'), ('업데이트', 'NNP'), ('하', 'VV'), ('다', 'MAG'), ('하', 'VV'), ('안', 'MAG'), ('열리', 'VV'), ('일단', 'MAG'), ('드리', 'VV'), ('어떻', 'VA'), ('하', 'VV'), ('하', 'VX'), ('갤럭시', 'NNP'), ('21', 'NNP'), ('플러스', 'NNP'), ('이', 'VV')]"
"[('익숙', 'XR'), ('지', 'VX')]"
"[('사용', 'NNG'), ('편하', 'VA'), ('코', 'NNG'), ('린', 'NNP'), ('이', 'NNP')]"
"[('너무', 'MAG'), ('편하', 'VA'), ('좋', 'VA')]"
"[('코드', 'NNP'), ('바이오', 'NNP'), ('인증', 'NNP'), ('변경', 'NNG'), ('어떻', 'VA'), ('하', 'VV'), ('사라지', 'VV'), ('비번', 'NNG'), ('설정', 'NNP'), ('하', 'VV')]"
"[('계좌', 'NNG'), ('만들', 'VV'), ('중간', 'NNG'), ('끄', 'VV'), ('오늘', 'NNG'), ('계좌', 'NNP'), ('만들', 'VV'), ('만들', 'VV'), ('대포통장', 'NNP'), ('근절', 'NNG'), ('416', 'NNP'), ('만들', 'VV'), ('있', 'VV'), ('문구', 'NNP'), ('나오', 'VV'), ('계좌', 'NNP'), ('없', 'VA'), ('처음', 'NNG'), ('화면', 'NNG'), ('나오', 'VV'), ('은행가', 'NNG'), ('확인', 'NNG'), ('하', 'VV'), ('답변', 'NNG'), ('감사', 'NNG')]"
"[('좋', 'VA'), ('사용', 'NNG'), ('편하', 'VA')]"
"[('젤', 'NNG'), ('편하', 'VA'), ('같', 'VA')]"
"[('제가', 'NNP'), ('군', 'NNG'), ('있', 'VV'), ('카메라', 'NNG'), ('사용', 'NNG'), ('가능', 'XR')]","[('많', 'VA'), ('군', 'NNG'), ('카메라', 'NNG'), ('사용', 'NNG'), ('안', 'NNG'), ('본인', 'NNG'), ('인증', 'NNP'), ('하', 'VV'), ('없', 'VA'), ('포기', 'NNG'), ('많', 'VA')]","[('카메라', 'NNG'), ('사용', 'NNG'), ('없이', 'MAG'), ('본인', 'NNG'), ('인증', 'NNP'), ('하', 'VV'), ('있', 'VX'), ('방식', 'NNG'), ('만들', 'VV'), ('주', 'VX'), ('정말', 'MAG'), ('감사', 'NNG'), ('할거', 'NNG'), ('같', 'VA')]"
[]
"[('굿', 'NNG'), ('조', 'NNP'), ('아', 'NNP')]"
"[('사진', 'NNG'), ('보이', 'VV'), ('주', 'VX'), ('알리', 'VV'), ('주', 'VX')]"
"[('편하', 'VA'), ('사용', 'NNG')]"
"[('계', 'NNG'), ('설중', 'NNG'), ('간편', 'XR'), ('비밀', 'NNG'), ('번호', 'NNG'), ('기억', 'NNG'), ('안', 'MAG'), ('나', 'VV'), ('비밀', 'NNG'), ('번호', 'NNG'), ('찾', 'VV'), ('방법', 'NNG'), ('없', 'VA')]"
"[('창', 'NNG'), ('안', 'MAG'), ('열리', 'VV')]"
"[('킷캣', 'NNP'), ('사용자', 'NNP'), ('못쓰', 'VV'), ('현재', 'MAG'), ('이', 'VCP'), ('최소', 'NNG'), ('사용', 'NNG'), ('가능', 'XR'), ('안드로이드', 'NNP'), ('버전', 'NNP'), ('알리', 'VV'), ('주', 'VX')]"
"[('편의', 'NNG'), ('좋', 'VA')]"
"[('편하', 'VA'), ('좋', 'VA')]"
"[('프', 'VX'), ('은', 'NNP'), ('왜', 'MAG'), ('안', 'MAG'), ('깔리', 'VV'), ('폰', 'NNP'), ('아무리', 'MAG'), ('뒤지', 'VV'), ('안보', 'NNG'), ('이', 'VCP')]"
"[('예전', 'NNG'), ('케이', 'NNP'), ('뱅크', 'NNP'), ('이용', 'NNG'), ('고객', 'NNG'), ('이', 'VCP')]","[('핸드폰', 'NNP'), ('번호', 'NNG'), ('바뀌', 'VV'), ('접속', 'NNG'), ('예전', 'NNP'), ('폰', 'NNG'), ('번호', 'NNG'), ('나오', 'VV'), ('번호', 'NNG'), ('변경', 'NNG'), ('불가', 'NNG'), ('접속', 'NNG'), ('안', 'NNG')]","[('새롭', 'VA'), ('계좌', 'NNG'), ('만들', 'VV'), ('하', 'VV'), ('기존', 'NNG'), ('유심', 'NNP'), ('문제', 'NNG'), ('있', 'VV'), ('나오', 'VV')]","[('국내', 'NNG'), ('제품', 'NNG'), ('이', 'VCP'), ('알', 'NNP'), ('뜰', 'NNG'), ('폰', 'NNP'), ('유심', 'NNP'), ('사용', 'NNG'), ('이', 'VCP')]","[('케이', 'NNP'), ('뱅크', 'NNP'), ('이용', 'NNG'), ('다시', 'MAG'), ('하', 'VV'), ('하', 'VV'), ('확인', 'NNG'), ('후', 'NNG'), ('조치', 'NNG'), ('부탁', 'NNG'), ('드리', 'VV')]"
"[('휴대폰', 'NNG'), ('돈', 'NNG'), ('입금', 'NNG'), ('하', 'VV'), ('은행', 'NNG'), ('돈', 'NNG'), ('빠지', 'VV'), ('나가', 'VV'), ('제가', 'NNP'), ('처음', 'NNG'), ('사용', 'NNG'), ('그렇', 'VA')]"
"[('잘', 'MAG'), ('쓰', 'VV'), ('있', 'VV'), ('농협', 'NNP'), ('말', 'NNG'), ('이', 'VCP'), ('증권', 'NNG'), ('계좌', 'NNP'), ('연계', 'NNG'), ('있', 'VV'), ('더', 'MAG'), ('좋', 'VA')]"
[]
"[('없', 'VA')]"
"[('좋', 'VA')]"
"[('계좌', 'NNP'), ('개설', 'NNG'), ('바로', 'MAG'), ('안', 'NNG'), ('3월 29일', 'NNP'), ('이후', 'NNG'), ('되', 'VV'), ('뜨', 'VV'), ('왜', 'MAG'), ('그러', 'VV'), ('최근', 'NNG'), ('계좌', 'NNP'), ('개설', 'NNG'), ('한적', 'NNP'), ('없', 'VA')]"
"[('반년', 'NNG'), ('사용', 'NNG'), ('이', 'VCP'), ('아직', 'MAG'), ('단점', 'NNG'), ('발견', 'NNG'), ('않', 'VX'), ('확실히', 'MAG'), ('기존', 'NNG'), ('은행', 'NNG'), ('프', 'VX'), ('복잡', 'XR'), ('않', 'VX'), ('시각', 'NNG'), ('보', 'VV'), ('찾', 'VV'), ('너무', 'MAG'), ('편하', 'VA')]","[('군더더기', 'NNG'), ('없이', 'MAG'), ('깔끔', 'XR'), ('맘', 'NNG'), ('들', 'VV'), ('기존', 'NNG'), ('가지', 'VV'), ('있', 'VX'), ('은행', 'NNG'), ('더', 'MAG'), ('많이', 'MAG'), ('쓰', 'VV'), ('되', 'VV')]","[('더욱', 'MAG'), ('발전', 'NNG')]"
"[('기기', 'NNP'), ('인증', 'NNP'), ('하기', 'NNP'), ('안', 'NNG'), ('간편', 'XR'), ('비밀', 'NNG'), ('번호', 'NNG'), ('설정', 'NNP'), ('한적', 'NNP'), ('없', 'VA'), ('다시', 'NNP'), ('설정', 'NNG'), ('회원', 'NNG'), ('가입', 'NNG'), ('안', 'MAG'), ('하', 'VX')]"
"[('굿', 'NNG')]"
"[('좋', 'VA')]"
"[('햄버거', 'NNP'), ('사', 'NNG'), ('먹', 'VV'), ('노년기', 'NNG'), ('금융', 'NNG'), ('거래', 'NNG'), ('하', 'VV'), ('조금', 'NNG'), ('힘들', 'VA'), ('않', 'VX'), ('하', 'VV'), ('우려', 'NNG'), ('하', 'VV'), ('기우', 'NNG'), ('이', 'VCP'), ('온라인', 'NNG'), ('뱅킹', 'NNG'), ('공인', 'NNP'), ('인증', 'NNP'), ('설치', 'NNG'), ('하', 'VV'), ('보다', 'MAG'), ('간편', 'XR'), ('쉽', 'VA'), ('왜', 'MAG'), ('이제서야', 'MAG'), ('알', 'VV'), ('코로나', 'NNP'), ('19', 'NNP'), ('인해', 'NNP'), ('외출', 'NNP'), ('쉽', 'VA'), ('않', 'VX'), ('장년', 'NNP'), ('적극', 'NNG'), ('추천', 'NNG'), ('하', 'VV')]"
"[('평점', 'NNG'), ('걱정', 'NNG'), ('잘', 'MAG'), ('되', 'VV'), ('기능', 'NNG'), ('편하', 'VA'), ('좋', 'VA')]"
"[('오픈', 'NNP'), ('뱅킹', 'NNG'), ('은행', 'NNG'), ('보이', 'VV'), ('주', 'VX'), ('한눈', 'NNG'), ('잘', 'MAG'), ('들어오', 'VV'), ('점점', 'MAG'), ('발전', 'NNG'), ('사용', 'NNG'), ('편하', 'VA'), ('이', 'VCP'), ('이체', 'NNG'), ('거래', 'NNG'), ('쉽', 'VA')]"
"[('아주', 'MAG'), ('좋', 'VA')]"
"[('매우', 'MAG'), ('유용', 'XR'), ('프', 'VX'), ('이', 'NNP'), ('은행', 'NNG'), ('프', 'VX'), ('간편', 'XR'), ('절차', 'NNG'), ('간소', 'XR'), ('있', 'VV'), ('사용', 'NNG'), ('정말', 'MAG'), ('좋', 'VA')]"
"[('가입', 'NNG'), ('편하', 'VA'), ('사용', 'NNG'), ('편하', 'VA')]"
"[('쓰', 'VV'), ('괜찮', 'VA'), ('은행', 'NNG')]"
"[('사용', 'NNG'), ('편리', 'NNG'), ('빠르', 'VA')]","[('인터넷', 'NNG'), ('은행', 'NNG'), ('진짜', 'MAG'), ('잘', 'MAG'), ('만들', 'VV'), ('같', 'VA')]"
"[('초창기', 'NNG'), ('사용', 'NNG'), ('이', 'VCP'), ('업', 'NNG'), ('비트', 'NNP'), ('연결', 'NNG'), ('더', 'MAG'), ('좋', 'VA'), ('갑자기', 'MAG'), ('사람', 'NNG'), ('몰리', 'VV'), ('오류', 'NNP'), ('많', 'VA'), ('보', 'VX'), ('화이팅', 'NNP'), ('이', 'VCP'), ('전', 'NNP'), ('잘', 'MAG'), ('쓰', 'VV'), ('있', 'VX')]"
"[('믿', 'VV'), ('쓰', 'VV'), ('중', 'NNP')]","[('넘', 'VV'), ('주거래', 'NNG'), ('사용', 'NNG'), ('이', 'NNP'), ('용', 'NNP'), ('처음', 'NNP'), ('네이버', 'NNP'), ('카드', 'NNG'), ('귀엽', 'VA'), ('쓰', 'VV'), ('은행', 'NNG'), ('이', 'VCP'), ('쓰', 'VV'), ('맘', 'NNG'), ('깔끔', 'XR'), ('사용', 'NNG'), ('넘', 'NNG'), ('쉽', 'VA'), ('주거래', 'NNG'), ('잘', 'MAG'), ('사용', 'NNG'), ('중', 'NNP'), ('입', 'NNG'), ('당', 'NNP'), ('처음', 'NNG'), ('업그레이드', 'NNP'), ('되', 'VV'), ('버', 'NNG'), ('지', 'VV'), ('편하', 'VA')]","[('이것저것', 'NNG'), ('상품', 'NNG'), ('생기', 'VV'), ('플러스', 'NNP'), ('박스', 'NNP'), ('생기', 'VV'), ('오픈', 'NNP'), ('뱅킹', 'NNG'), ('넘', 'NNG'), ('보', 'VV'), ('좋', 'VA'), ('어쩜', 'MAG'), ('이리', 'MAG'), ('사용', 'NNG'), ('한지', 'NNP'), ('더', 'MAG'), ('성장', 'NNG'), ('모습', 'NNG'), ('보', 'VV'), ('좋', 'VA'), ('앞으로', 'NNP'), ('흥하', 'VV'), ('바라', 'VV'), ('아', 'IC'), ('글', 'NNG'), ('이', 'VCP'), ('개', 'VV'), ('그룹', 'NNP'), ('계좌', 'NNP'), ('같', 'VA'), ('생기', 'VV'), ('좋', 'VA'), ('모임', 'NNG'), ('계좌', 'NNG'), ('같', 'VA'), ('사용', 'NNG'), ('건의', 'NNG'), ('보', 'VX')]"
"[('업데이트', 'NNP'), ('이후', 'NNG'), ('사용', 'NNG'), ('편하', 'VA'), ('지', 'VX')]"
"[('오픈', 'NNP'), ('뱅킹', 'NNG'), ('좋', 'VA'), ('사용', 'NNG'), ('금리', 'NNG'), ('좋', 'VA'), ('사용', 'NNG')]"
"[('굿', 'NNG'), ('오픈', 'NNP'), ('뱅킹', 'NNG'), ('편하', 'VA')]"
[]
"[('최고', 'NNG'), ('예', 'NNG')]"
"[('굿', 'NNG'), ('좋', 'VA')]"
"[('괜찮', 'VA')]"
"[('사용', 'NNG'), ('보', 'VX'), ('카카오', 'NNP'), ('뱅크', 'NNP'), ('비슷', 'XR'), ('괜찮', 'VA'), ('같', 'VA'), ('괜찮', 'VA'), ('사용', 'NNG'), ('잘', 'MAG'), ('있', 'VV'), ('감사', 'NNG')]"
"[('시작', 'NNG'), ('흰', 'NNG'), ('화면', 'NNG'), ('무한', 'NNP'), ('로딩', 'NNP'), ('고치', 'VV'), ('별점', 'NNG'), ('바꾸', 'VV'), ('드리', 'VX'), ('이슈', 'NNG'), ('수정', 'NNG'), ('변경', 'NNG')]"
"[('간결', 'XR'), ('사용', 'NNG'), ('편리', 'NNG')]"
"[('류', 'NNP'), ('정현', 'NNP'), ('로딩', 'NNP'), ('화면', 'NNG'), ('길', 'VA'), ('지', 'VX'), ('접속', 'NNG'), ('못하', 'VX'), ('인', 'NNG'), ('이', 'VCP')]","[('케이', 'NNP'), ('뱅크', 'NNP'), ('지우', 'VV'), ('설치', 'NNP'), ('권한', 'NNG'), ('허용', 'NNG'), ('여부', 'NNG'), ('묻', 'VV'), ('거부', 'NNG'), ('전화', 'NNG'), ('허용', 'NNG'), ('카메라', 'NNG'), ('허용', 'NNG'), ('저장', 'NNG'), ('공간', 'NNP'), ('허용', 'NNG'), ('허용', 'NNG'), ('있', 'VV'), ('다', 'MAG'), ('다시', 'MAG'), ('접속', 'NNG'), ('되', 'VV')]",[]
"[('사용', 'NNG'), ('편하', 'VA'), ('좋', 'VA')]"
"[('접속', 'NNP'), ('처음', 'NNG'), ('희', 'VA'), ('화면', 'NNG'), ('멈추', 'VV'), ('있', 'VX'), ('지우', 'VV'), ('다시', 'MAG'), ('깔', 'VV'), ('똑같', 'VA'), ('아', 'IC'), ('아무것', 'NNG'), ('못하', 'VX'), ('있', 'VX')]"
"[('설치', 'NNG'), ('새로', 'MAG'), ('왜', 'MAG'), ('안', 'NNG')]"
"[('천원', 'NNP'), ('받', 'VV')]"
"[('업', 'NNG'), ('비트', 'NNP'), ('구글', 'NNP'), ('스토어', 'NNP'), ('페이', 'NNP'), ('코', 'NNG'), ('이', 'VCP'), ('다날', 'NNP'), ('검색', 'NNP'), ('다운', 'NNP'), ('가입', 'NNG'), ('코', 'NNG'), ('이', 'VCP'), ('지급', 'NNG'), ('워드', 'NNP'), ('코드', 'NNP'), ('CC', 'NNP'), ('현시', 'NNP'), ('당', 'NNP'), ('업', 'NNG'), ('비트', 'NNP'), ('상장', 'NNP'), ('페이', 'NNP'), ('코', 'NNG'), ('인', 'NNG'), ('직접', 'MAG'), ('이용', 'NNG'), ('있', 'VV'), ('곳', 'NNG'), ('세븐일레븐', 'NNP'), ('미니스톱', 'NNP'), ('교보문고', 'NNP'), ('달콤', 'XR'), ('커피', 'NNG'), ('도미노피자', 'NNP'), ('치킨', 'NNP'), ('드', 'NNP'), ('포', 'NNG'), ('가', 'VV'), ('릭', 'NNP'), ('골프', 'NNP'), ('존', 'NNP'), ('파크', 'NNP')]"
"[('좋', 'VA')]"
"[('넘넘', 'XR'), ('좋', 'VV')]"
"[('최고', 'NNG')]"
"[('굿', 'NNG')]"
"[('쓰', 'VV'), ('좋', 'VA'), ('프', 'VX'), ('이', 'NNP'), ('그렇', 'VA'), ('모르', 'VV'), ('오늘', 'NNG'), ('새로', 'MAG'), ('초기', 'NNG'), ('하', 'VV')]"
"[('사용', 'NNG'), ('넘', 'NNG'), ('좋', 'VA')]"
"[('예전', 'NNG'), ('사용', 'NNG'), ('제가', 'NNP'), ('다시', 'NNP'), ('로그인', 'NNP'), ('하', 'VX'), ('개명', 'NNP'), ('한상태', 'NNP'), ('이', 'VCP')]","[('이름', 'NNG'), ('변경', 'NNG'), ('절차', 'NNG'), ('확인', 'NNG'), ('부탁', 'NNG'), ('드리', 'VV')]"
"[('사용', 'NNG'), ('보', 'VX'), ('편리', 'NNG')]"
"[('좋', 'VA')]"
"[('이제', 'MAG'), ('잘', 'MAG')]"
"[('오픈', 'NNP'), ('뱅킹', 'NNG'), ('너무', 'MAG'), ('편리', 'NNG'), ('오픈', 'NNP'), ('뱅킹', 'NNG'), ('면', 'NNG'), ('모바일', 'NNP'), ('뱅킹', 'NNG'), ('프', 'VX'), ('최고', 'NNG'), ('이', 'VCP'), ('같', 'VA'), ('적금', 'NNP'), ('계좌', 'NNP'), ('개설', 'NNG'), ('편하', 'VA'), ('좋', 'VA')]","[('특히', 'MAG'), ('오픈', 'NNP'), ('뱅킹', 'NNG'), ('진짜', 'MAG'), ('모바일', 'NNP'), ('뱅킹', 'NNG'), ('최고', 'NNG')]"
"[('너무', 'MAG'), ('쉽', 'VA'), ('대출', 'NNG'), ('잘', 'MAG')]"
"[('뱅', 'NNG'), ('점점', 'MAG'), ('좋', 'VA'), ('지', 'VX'), ('같', 'VA')]","[('오픈', 'NNP'), ('뱅킹', 'NNG'), ('보', 'VV'), ('깔끔', 'XR'), ('사용', 'NNG'), ('편리', 'NNG'), ('상품', 'NNG'), ('좋', 'VA'), ('좋', 'VA'), ('상품', 'NNP'), ('더', 'MAG'), ('많이', 'MAG'), ('만들', 'VV'), ('주', 'VX')]"
"[('제가', 'NNP'), ('지금', 'MAG'), ('군인', 'NNG'), ('이', 'VCP'), ('카메라', 'NNG'), ('기능', 'NNG'), ('사용', 'NNG'), ('못하', 'VX'), ('신분증', 'NNP'), ('촬영', 'NNG'), ('하', 'VV'), ('없', 'VA'), ('계좌', 'NNG'), ('못', 'MAG'), ('만들', 'VV'), ('있', 'VX')]","[('혹시', 'MAG'), ('방법', 'NNG'), ('만들', 'VV'), ('없', 'VA')]"
"[('편리', 'NNG')]"
"[('오픈', 'NNP'), ('뱅킹', 'NNG'), ('편하', 'VA'), ('좋', 'VA')]"
"[('새롭', 'VA'), ('바뀌', 'VV'), ('화면', 'NNG'), ('많이', 'MAG'), ('편하', 'VA'), ('심플', 'NNG'), ('개선', 'NNG')]"
"[('예쁘', 'VA'), ('업데이트', 'NNP'), ('되', 'VV'), ('메인', 'NNP'), ('화면', 'NNG'), ('은행', 'NNG'), ('계좌', 'NNP'), ('잔고', 'NNG'), ('바로', 'MAG'), ('확인', 'NNG'), ('있', 'VV'), ('좋', 'VA'), ('지', 'VX')]"
"[('제가', 'NNP'), ('군인', 'NNG'), ('이', 'VCP'), ('사진', 'NNG'), ('촬영', 'NNG'), ('본인', 'NNG'), ('인증', 'NNP'), ('하', 'VV'), ('없', 'VA')]","[('혹시', 'MAG'), ('미리', 'MAG'), ('찍', 'VV'), ('두', 'VX'), ('신분증', 'NNP'), ('사진', 'NNG'), ('본인', 'NNG'), ('인증', 'NNP'), ('하', 'VV'), ('있', 'VV'), ('방법', 'NNG'), ('없', 'VA')]"
"[('케이', 'NNP'), ('뱅크', 'NNP'), ('상품', 'NNG'), ('좋', 'VA'), ('케이', 'NNP'), ('뱅크', 'NNP'), ('서비스', 'NNG'), ('좋', 'VA')]"
"[('오픈', 'NNP'), ('뱅킹', 'NNG'), ('리', 'NNP'), ('뉴', 'NNG'), ('얼', 'NNG'), ('버전', 'NNP'), ('괜찮', 'VA'), ('눈', 'NNG'), ('은행', 'NNG'), ('이', 'VCP'), ('확', 'MAG'), ('들어오', 'VV'), ('아주', 'MAG'), ('편리', 'NNG')]"
"[('원래', 'NNG'), ('깔', 'VV'), ('놓', 'VX'), ('잘', 'MAG'), ('안', 'MAG'), ('쓰', 'VV'), ('주변', 'NNG'), ('케이', 'NNP'), ('뱅크', 'NNP'), ('오픈', 'NNP'), ('뱅킹', 'NNG'), ('편리', 'NNG'), ('하', 'VX'), ('쓰', 'VV'), ('보', 'VX'), ('편하', 'VA'), ('진짜', 'MAG'), ('편리', 'NNG'), ('잘', 'MAG'), ('쓰', 'VV'), ('업데이트', 'NNP'), ('자주', 'MAG'), ('하', 'VV'), ('주', 'VX')]"
"[('새로', 'MAG'), ('바뀌', 'VV'), ('화면', 'NNG'), ('너무', 'MAG'), ('편하', 'VA'), ('이제', 'MAG'), ('필요', 'NNG'), ('없', 'VA'), ('속도', 'NNG'), ('더', 'MAG'), ('빠르', 'VA'), ('지', 'VX'), ('같', 'VA')]"
"[('카카오', 'NNP'), ('뱅크', 'NNP'), ('쓰', 'VV'), ('업', 'NNG'), ('비트', 'NNP'), ('넘어오', 'VV'), ('너무', 'MAG'), ('편하', 'VA')]","[('오픈', 'NNP'), ('뱅킹', 'NNG'), ('바로', 'MAG'), ('쓰', 'VV'), ('있', 'VV'), ('좀', 'MAG'), ('짱', 'MAG'), ('이', 'VCP'), ('싶', 'VX')]"
"[('좋', 'VA')]"
"[('쓰', 'VV'), ('되', 'VV'), ('리뷰', 'NNP'), ('너무', 'MAG'), ('알', 'VV'), ('좋아서', 'NNP'), ('걱정', 'NNG')]"
[]
"[('핸드폰', 'NNP'), ('전화번호', 'NNP'), ('인식', 'NNG'), ('못하', 'VA'), ('유심', 'NNP'), ('을', 'NNG'), ('장착', 'NNG'), ('하', 'VX'), ('모바일', 'NNP'), ('쓰', 'VV'), ('있', 'VX'), ('가입', 'NNG'), ('지금', 'MAG'), ('유심', 'NNP'), ('잘', 'MAG'), ('문제', 'NNG'), ('있', 'VV'), ('가요', 'NNP')]"
"[('오', 'IC'), ('대응', 'NNP'), ('속도', 'NNP'), ('최강', 'NNG')]"
"[('친구', 'NNG'), ('추천', 'NNG'), ('가입', 'NNG'), ('친구', 'NNG'), ('저', 'IC'), ('돈', 'NNG'), ('받', 'VV'), ('감사', 'NNG')]","[('매일', 'MAG'), ('이자', 'NNP'), ('붙', 'VV'), ('거도', 'NNP'), ('좋', 'VA'), ('참', 'MAG'), ('괜찮', 'VA'), ('같', 'VA'), ('앞으로', 'NNP'), ('파이팅', 'NNP')]"
"[('시간', 'NNP'), ('상담', 'NNG'), ('대기', 'NNG'), ('있', 'VV'), ('고객', 'NNP'), ('기준', 'NNP'), ('보', 'VV'), ('때', 'NNG'), ('불편', 'NNG'), ('해결', 'NNG'), ('하', 'VV'), ('못하', 'VX')]"
"[('좋', 'VA'), ('바뀌', 'VV'), ('편하', 'VA'), ('이용', 'NNG'), ('이', 'VCP')]"
"[('안녕하세요', 'NNP'), ('새해', 'NNG'), ('복', 'NNG'), ('많이', 'MAG'), ('받', 'VV'), ('케이', 'NNP'), ('뱅크', 'NNP'), ('입출금', 'NNG'), ('계좌', 'NNP'), ('이체', 'NNG'), ('아예', 'MAG'), ('무료', 'NNG'), ('이', 'VCP'), ('깔끔', 'XR'), ('단순', 'XR'), ('인', 'NNG'), ('증서', 'NNP'), ('등록', 'NNP'), ('노인', 'NNG'), ('하', 'VV'), ('수준', 'NNG'), ('만들', 'VV'), ('사용', 'NNG'), ('너무', 'MAG'), ('좋', 'VA'), ('계좌', 'NNP'), ('타행', 'NNG'), ('송금', 'NNG'), ('입출금', 'NNG'), ('뜨', 'VV'), ('공짜', 'NNG'), ('이', 'VCP'), ('너무', 'MAG'), ('좋', 'VA'), ('느리', 'VA'), ('흠', 'NNG'), ('이', 'VCP'), ('하', 'VV'), ('나머지', 'NNG'), ('좋아서', 'NNP'), ('눈', 'NNG'), ('띄', 'VV'), ('않', 'VX'), ('리뷰', 'NNP'), ('보니', 'NNP'), ('스마트폰', 'NNP'), ('사용', 'NNG'), ('못하', 'VA'), ('박', 'NNP'), ('이', 'VCP'), ('신경질', 'NNG'), ('내', 'VV'), ('보이', 'VV'), ('마음', 'NNG'), ('아프', 'VA'), ('인증', 'NNP'), ('서도', 'NNP'), ('등록', 'NNG'), ('하', 'VV'), ('너무', 'MAG'), ('감사', 'NNG'), ('잘', 'MAG'), ('쓰', 'VV'), ('새해', 'NNG'), ('복', 'NNG'), ('많이', 'MAG'), ('받', 'VV'), ('건강', 'NNG'), ('연결', 'NNG'), ('느리', 'VA'), ('때', 'NNG'), ('비행기', 'NNP'), ('모드', 'NNP'), ('한번', 'NNG'), ('접속', 'NNP'), ('하', 'VV'), ('그나마', 'MAG'), ('빠르', 'VA'), ('지', 'VX'), ('구형', 'NNG'), ('폰', 'NNP'), ('느리', 'VA'), ('하얗', 'VA'), ('좀', 'MAG'), ('신형', 'NNG'), ('폰', 'NNG'), ('이', 'VCP'), ('알뜰', 'XR'), ('요금', 'NNG'), ('쓰', 'VV'), ('겨우', 'MAG'), ('보', 'VV'), ('속도', 'NNG'), ('이', 'VCP'), ('당연', 'NNG'), ('느리', 'VA'), ('제가', 'NNP'), ('그래요', 'IC'), ('제한', 'NNG'), ('속도', 'NNP')]"
