,comment
0,편하게 잘 사용하고 있어요 미국계 은행이라 외국에 나가면 공항 대도시 중심가에 ATM기가 항상 있어 씨티은행을 이용합니다
1,편리성이 너무 떨어짐 앱 다루기가 힘듦
2,편해요
3,저도 며칠 동안 오류로 뜨네요 혹시 몰라 은행 가기 전 다시 깔고 다시 시도하려고 합니다
4,조아
5,설정 들어가면 아무것도 안되고 먹통이 돼요 그리고 원하는 걸 하기에 너무 난잡하고 찾기도 힘들어요 앱 자체가 렉도 심하고 끊김이 있어요
6,앱 ui 진짜 너무 답답하고 불편해요 디자인은 말할 것도 없고 그리고 어플로 주소지 변경하라길래 했는데 10번 다 에러 뜨고 튕기네요 답답해 돌아버릴 지경
7,생에 첫 간편결제  그동안 계좌이체와 무통장입금으로 온라인쇼핑을 하다가 간편결제 한번 하고 나니까 무통 계좌이체 안 쓰게 됨 세상 세상 편리함 굳 굳히었으나 어느 순간부터 간편결제할라치면 앱 정보가 정확하지 않으니 재실행하라고 문구가 뜨는데 재시작해도 문제는 해결되지 않네요 해외에서 한국결제 유용하게 히고 있었는데 너무 불편합니다 코로나 때문에 한국도 못 들어가고 있는데 답답하네요
8,씨티은행 카드 혜택이 아주 좋아요 오래오래 가능하길
9,최악입니다 오류 떠서 지우고 다시 깔았는데 인증 무한 루프입니다 짜증 나네요
10,씨티카드 문 닫음 안돼요 내가 얼마나 오래 사용한 카드인데
11,심플하고 좋아요
12,완벽
13,터치가 안 먹혀요  답답 답답 답답 속 터짐  언제 고쳐주시나요
14,차라리 앱을 없애는 게 나을 것 같아요 2021년에 사용 중인 어플이라니 끔찍할 정도 씨티은행 계좌 없이 대출금 조회해보셨나요 공동 인증서 갱신 이후부터 로그인이 안 됩니다 타행 인증서 등록하려는데 왜 씨티은행 계좌를 입력해야 하나요 결국엔 공동 인증서로 로그인을 막아서 회원가입률 올리는 거겠죠 it 서비스 기획자는 씨티은행이라는 회사에 없나요 애꿎은 사람들 놀리지 말고 은행 창구나 늘리세요
15,이체 무료에 정말 빠른 외화도 가능할까 테스트해봐야지
16,최고
17,죄송하지만 빠른 반응속도 위주의 새로운 어플 출시를 부탁드립니다
18,느려도 너무 느리다
19,좋아요
20,정이 
21,편하고 안전하네요
22,칼뱅 제휴카드 신청하고 시티 모바일앱 설치하려고 하는데 계속 대기 중으로 설치가 되지 않음 첨부터 이런데 서비스가 제대로 제공될지 의구심이 드네요 씨티카드 수령 거부하고 탈회 신청해야겠습니다
23,씨티은행짱
24,매우 편리
25,씨티카드만 사용하는데 인증서 등록해서 로그인하려면 씨티은행 계좌번호를 쓰라는 데 있어야 쓰죠 카드사 앱 중에서 가장 허접하고 가장 불편합니다
26,앱이 너무 느립니다 빠르게 개선 좀 됐으면 좋겠어요
27,간편한데 앱이 최적화가 잘 안되어있는 것 같아요 너무 무겁게 느림
28,로그인이 안 돼요
29,좋아요
30,빠른 처리에 감사
31,씨티카드는 멤버스 앱이나 어떤 페이나 이런 게 없나요 시티 모바일앱만 있는 거 맞나요
32,pc에서 시티 스마트 간편결제하려는데 앱에서 어디서 하는지 못 찾겠어요 다른 카드사처럼 팝업 뜨게 해주던 거 qr코드로 바꾸던가 누가 바코드를 써요 완전 메인 ui는 쓸데없는 메뉴만 돈 빨리 갚는 머 그런 것만 있고 검색어로도 스마트 간편결제 결제 코드 인터넷 다 넣어도 없는 단어라고 하고 젊은 사람도 이렇게 못 찾는데 어르신들은 어떻게 이용하실까 싶네요
33,편리해요
34,편리해요
35,지문인식도 되고 쓰기 좋네요
36,진짜 아침부터 짜증 나게 오류인지 먼지 계속 안되네요 왜 이러나 요
37,개인적으로 통장이나 카드나 이벤트 등 시중은행 중에서는 나름 괜찮은 편입니다 그러나 고객서비스는 소통할 채널 자체가 부족하고 그나마 용이한 채팅은 상담원이 전문성이 없이 여러 분야를 응대해서 그런지 친절도도 짜증 안 내면 다행 그냥 채팅 봇이 더 나을 정도이고 답변 수준도 자기도 잘 모르면서 잘못된 답을 알려줘서 직접 해당 부서에 전화해서 알려준 대로 이야기 진행했더니 완전 바보 됐습니다 그리고 앱 자체로 만 봤을 때 은행 앱 중에서 반응속도가 꼴찌에 속합니다 뭔가를 누르면 반드시 23초 정도 로딩 시간이 흘러야 넘어갑니다 다른 건 다 만족하는 편인데 이게 뭐라고 이거 하나 땜에 별을 다 깎았냐면 반응속도 느린 거로 몇 년 전부터 개선해줄 것을 요청했지만 아직도 그대로입니다 업데이트할 때마다 사용자들에게 가장 불편하고 급한 건 놔두고 뭘 개선하는 건지 알 수가 없고요 놀고 있는 건 아닐 테고 몇 년째 같은 반응속도인 걸 보면 그냥 속도 하나 개선 못할 정도로 능력이 없거나 그만큼 투자를 안 한다고 밖에 생각이 안 드네요
38,빠름
39,비대면 만들려다가 본사 뛰어갈 판 이따위로 만들다니  웃기다
40,본인인증 문자 하나 기다리는데 언제까지 기다려야 되는지 몇 번을 다시 해도 문자가 안 오다가 오길래 입력했더니 번호 오류 미치겠네요 로그인도 못하고
41,간편결제 어딨는데 UI 누가 만들었냐
42,편해요
43,최고의 카드
44,탭 반응 너무 느려서 여러 번 오류 남
45,PC 기반 웹사이트는 괜찮은데 앱은 타 금융이 타보다 에러가 많음
46,카드 내역 조회만 터치하면 먹통이 되네요 카드사 어플 중 하위권
47,로그인을 하고 이체를 하려고 하면 로그인이 필요하다며 다시 로그인 창이 나오고 또 로그인해도 똑같고 가끔 이런 증상이 있는데 참 답답하네요 다른 은행 어플에서는 한 번도 일어나지 않은 오류가 시티에서는 자주 생기는 듯
48,메뉴 누를 때마다 로그인하라고 뜸 가뜩이나 반응속도 최악인데 아주 좋은 기능 추가했네 대단들 하십니다
49,분명히 로그인하고 사용 계좌 들어가서 이체 신청하면 로그인 후 사용 가능하다는 메시지가 뜨고 다시 로그인하면 경로 오류 뜨고 다시 경로 찾아 계좌이체하려면 오류로 인해 사용이 불가하니 잠시 뒤에 하라고 합니다 잠시 뒤 이걸 한 시간을 하고 있는 내가 너무 화가 나네요 삭제하고 다시 깔아도 마찬가지입니다 황당하고 어이가 없네요
50,좋아요 
51,사용하기 편하고 여러 혜택이 있어요
52,좋아요
53,한도 증액 감사합니다
54,사용하기 편합니다
55,카카오페이 통해 신용대출받으려고 하는데 건강보험 자료 인증에서 계속 오류 발생합니다
56,왜 계 느려진 거죠
57,사용하기 편하고 아주 좋아요 
58,기업고객은 서비스 이용이 불가능한가요 기업카드 확인하는 곳이 없네요
59,모든 은행 어플을 써보지는 못했지만 사용해본 중에 제일 별로예요 한번 접속하면 꼭 5번 이상 삭제하고 싶어져요 반응도 느리고 뭐가 잘 안돼요 누르면 활성화되는데 너무 오래 걸려요 원하는 메뉴 찾기도 힘들어요 디자인도 별로예요
60,안 열려요
61,2021년에 이런 앱이 있다는 것이 놀라울 따름이고 평점이 46이라는 것에 한 번 더 놀라움 카드 혜택도 별로인데 앱은 정말 이상하게 만들어짐 시티는 다름 금융사 앱은 안 보는 것이 진지 3개월 사용하다가 해지할 거라 앱 지웠는데 마지막 남은 결재 건이 있다고 해서 다시 깔면서 평점 남김
62,시티는 가끔 오류가 발생 골 때립니다
63,사용하기 편리하게 잘 만들어졌어요
64,신분증 ocr인 증 이렇게 안되는 앱은 천이네요 대안방식을 강구하던가 지점 방문 안내를 해둘 건가 가뜩이나 씨티은행 지점도 별로 없는데 비대면이 이렇게 불편해서야 어쩝니까
65,이체 시 확인 버튼 클릭이 되질 않네요 두 번이나 지웠다 다시 깔아도
66,너무 느립니다 결재 조회도 안되고요
67,제발 이체 좀 하게 해주세요 이체 버튼 누르면 모바일 인증하라고 하고 모바일 인증하려 하면 이미 되어 있다 하고 내 돈 내가 빼가고 싶은데 왜 못하게 하나요 
68,너무 편해요
69,대충 만든 느림
70,왜 이렇게 만드세요 접속도 안돼요 글로벌은행이 이렇게 운영하면 위에서 뭐라 안 하나요
71,계속 오류 남
72,오류
73,쉽게 보고 이용할 수 있어 좋네요
74,너무 느려요
75,편하게 사용하고 있습니 디
76,세상에서 가장 불편한 금융앱 시디 모바일
77,좋아요
78,어플 관리 안 하냐
79,아니 앱 설치하면 들어갈 수는 있게 만들어야지 수십 번 지웠다 깔아도 계속 첫 화면에서 먹통 그냥 이전 앱으로 돌려놔라 도대체 어떤 빠가들이 만든 거냐
80,사랑하는 국제 메가뱅크 은행 한국 철수하지 말고 앞으로도 계속 함께해줘 별 5점 줄게
81,앱에서 이체 안되는 문제 해결 안 하시나요 오류가 너무 많고 이체도 종종 안되고 시티 앱 이용하기에 위험성이 너무 많아 참고 참다 이용 종료합니다 한국에서 비즈니스 축소하는 건 알겠는데 기본적인 건 제대로 하셔야 합니다
82,거지 같은 앱 어느 순간 오류투성이 카드 확인 및 결제다 안되고 모든 메뉴 눌러도 오류만 뜨네요
83,에러가 왜 이렇게 뜨는지 999999 이거 뜨면서 아무것도 안됨
84,내 카드가 안 보입니다  없다고 나와요 하 앱을 타 카드사처럼 만드시던지 사용하기 불편해요
85,빨리 철수 부탁드립니다
86,10여 년 전 앱 오류로 결제가 안되는 답답함을 21년에 느끼네요 타임머신을 타시고 싶으시면 사용하시기 바랍니다
87,계좌이체 시 잘 안 넘어가요 돈 보낼 때마다 꼭 그러더라고요 핸드폰 껐다가 다시 켜요 개선요망요 다른 은행 건 문제없는데 여기만요
88,본인 핸드폰인데도 SMS 비번과 OTP 비번을 요구하는 것은 과잉 보안으로 보임
89,스마트 간편결제 안됩니다 스마트 간편결제에 카드 등록되어 있는데 결제 화면으로 안 넘어가고 자꾸 구글 플레이로 열립니다
90,로그인 자체가 안돼요 도저히 쓸 수가 없음
91,편리합니다
92,아이디 로그인 시 사용하는 비밀번호 변경 시 기존 비밀번호와 신규 비밀번호만 입력하는 것으로 수정하면 안 될까요 변경하려는데 계좌번호와 출금 비밀번호 혹은 신용카드번호와 카드 비밀번호를 입력하라고 합니다씨티앱 버전 200100 간편 비밀번호 지정이나 공동 인증서 지정할 때도 모두 계좌번호와 출금 비밀번호 신용카드번호와 카드 비밀번호 입력 요구합니다 혹시 해킹인가 본인 확인을 위해 필요 한 것이라면 다른 어플들처럼 공동 인증서나 등록된 이메일 또는 핸드폰 번호 콜백 기능으로 대체하면 안 될까요
93,앱 들어가집니다 감사합니다
94,사용이 아주 편리합니다
95,엄청 편함
96,대출 정보 보려고 클릭하면 오류코드 9999999 뜨면서 유통 오류라고 뜨네요 해결 부탁합니다
97,머 하자는 거예요 카드 쓰지 말라는 거예요 모바일 결제 한번 하려다 인내심 한계 오고 분노조절장애 올 것 같아요 별 하나 주는 것도 아까워서 손이 덜덜
98,간편해서 좋아요
99,좋고 편리해요
100,너무 느립니다 입력 시 반응이 너무 느려서 도저히 사용할 수 없을 정도입니다 계좌 하나 개설하는데 얼마나 많은 오류가 발생하게 되는지 담당 부서에서는 직접 한번 사용해보시고 개선 부탁드립니다
101,베리굿
102,즉시 결제 주말에 안되는 거 진짜 불편은 시스템적으로 잘 만들어놓아서 바로바로 즉시 결제를 했는데 확실히 시티는 시스템이 구려요
103,이용하기 편해요
104,이렇게 오류 많은 뱅킹 앱 처음 안드로이드에선 휴대전화 인증 후 오류로 가입 불가 아이폰으로 가입은 했는데 이번엔 이체한도 증액하려는데 마지막 인증서 인증 후 오류만 계속 안 드나 아이폰 둘 다 이체한도 증액 오류 이 앱으로 할 수 있는 것이 없다
105,온라인 사용등록 진짜 더럽게 안됨 겨우겨우 했는데 카드 등록 안 되어있음 신분증 촬영 인식도 더럽게 잘 안됨 진짜 안 쓴다 그냥
106,스마트 간편 결재 안돼요 15777000으로 전화해도 돌리고 또 돌리고 10분 이상 시간 낭비하다가 그냥 일반 결재 등록해서 결재했습니다
107,금융앱이 어떻게 이렇게 쓰레기일 수가 로그인 후 뭐 조회만 하려고 하면 로그인해야 조회 가능한 메뉴래 기가 찬다
108,전보다 불편해진 느낌
109,앞 버전으로 바꿔주세요 비번 로그인도 안 되고 그래서 카드 결제도 미리미리 못하고 결제금액도 모르네요
110,good bank citi
111,만족
112,포인트 굿
113,좋아요
114,이용 항목을 찾아보기가 힘듭니다 그리고 5G 프리미엄 휴대폰으로 유독 이 앱에서만 반응속도가 느린 것은 뭐가 문제일까요
115,한도가 늦게 올라감이 자도 비싸고
116,디지털 OTP 불편
117,굳 아주 편해요
118,편리합니다
119,너무 좋아요
120,앱이 정상 작동을 하지 않음
121,이체할 때 계좌 확인하는 부분에서 먹통 됨
122,Good
123,통신 상태가 원활하지 않는다는 에러가 자꾸 뜨는지 모르겠군요 모바일 데이터로 사용해봐도 앱 삭제 후 다시 깔아봐도 똑같아요 예전에는 안 그러던데 왜 이러는지 답답하네요
124,카드 10년 이상 사용했는데 최근 업데이트되고 앱도 안 열리고 개판이네요 있었던 정마저 떨어지는 기술력
125,항공 마일리지 카 드 때문에 어쩔 수 없이 깔았는데 호환 운영시간 오류 등등 중소기업 수준입니다 한국에서는 굳이 쓸 필요 없어 보입니다
126,신속하고 편리하게 사용할 수 있어 좋습니다
127,너무 편하고 좋아요
128,메뉴 반응속도가 너무 느리다
129,편리하고 좋아요
130,아주 좋음
131,하 모바일어플서 결제하는데 계속 스토어에서 시티 모바일 열라고만 뜨고 뭔;; 이 짓거리를 지금 몇 번을 하는지 기존 결제 비밀번호 6자리 입력창이 없고 스토어만 만 뜨고 밑에 리뷰가 저랑 같아서 답글 확인 후에 답변대로 스마트 결제 들어가 보니 뭔 바코드를 입력하거나 찍으래요 어플 연동이 안되네요 젊은 저도 이러는데 다른 사람들은 오죽할까요 간편결제하는데 바코드 찍으라는 경우는 처음 봅니다 정말 다른 금융 어플이랑 너무 차이 나요 씨티카드 좋아하는데 어플 사용할 때마다 암 걸려요 정말 개발자님 죄송한데 씨티카드 어플 사용할 때마다 스트레스받아요 물론 개발자님께서도 제 글 보고 스트레스받으실 거 아는데 이게 소비자가 잘 못하는 거 일 수도 있는데 잘 못하게 만든 것에 아쉽다는 피드백을 남기고 싶어요 지금 인터넷쇼핑하고 결제 단계에서 시티 클릭하고 결제하기 누르면 스토어에 씨티카드 들어가라고만 뜨고 그 후 들어가도 아무런 액션이 없습니다
132,앱 사용 속도가 예전보다 상당히 느려졌어요 개선 필요합니다
133,진심 최악의 앱 회원가입하려 하니 아이디가 이미 있다고 나오고 아이디 조회하면 아이디가 없다고 나오네
134,개판
135,인증을 대체 몇 번을 하는지 
136,타 카즈에 비해 한도 높고 혜택도 맘에 들어요 캐시백
137,너무 느립니다
138,양호
139,오류 때문에 카드 하나를 만들려고 며칠째 지점도 없고 비대면은 계속 오류 뜨고 이용하지 말라는 거죠
140,점점 느림
141,쉽고 빠른 이체 리뷰 잘 안 쓰는데 시티뱅크가 한국에서 나간다네요 아쉬워요
142,아주 만족합니다
143,나의 최고의 동반자
144,편하고 속전속결 좋아요
145,너무 좋아요
146,뭐 계속 통신오류냐 바이 오든 간편이든 어휴
147,좋아요
148,느려졌습니다
149,Pc에서 모바일앱으로 인증서 내보내길 할 때 아무리 시도해도 인증번호가 안 생깁니다 인증서가 급히 필요한데 정말 짜증 나네요 웬만하면 리뷰 같은 거 좋게 쓰는데 뭐 이런 거지 같은 경우가 있는지 하
150,씨티은행 계좌가 없으면 아예 진행이 안되네요 씨티카드만 사용하는 사람은 쓰지 말라는 가요
151,빠르고 간편해요
152,좋아요
153,새로 나온 앱 쓰기 좋네요
154,계좌개설했는데 로그인부터 안 됨 진짜 쌍욕 나오는 쓰레기 앱
155,오류 없이 잘 이용 중이네요
156,좋아요
157,너무 느려요
158,제가 쓰는 모든 은행 앱 중에서 가장 오류 많아요 지금도 계속 접속 시도 중인데 중간에서 멈춰요 제발 중간에 멈추는 오류 빨리 개선해 주세요
159,그냥 마냥 이유 없이 시티가 좋아
160,사용하기 편함
161,좋아요
162,하 웬만하면 꾹 참고 쓰는데 클릭 시 버퍼링처럼 멈췄다 넘어가는 불편한 경험을 했어요 개선 부탁드려요
163,너무 느려졌어요
164,모바일에서 구매 시 씨티카드 선택하고 모바일 결제 실행하면 결제 인증 번호 입력하는 화면으로 넘어가야 하는데 어제부터 자꾸 구글 플레이에서 어플 열기로 넘어와서 애꿎은 앱만 열고 닫고 반복하고 있어요 뭔가 잘못하고 있나 싶어서 어플 지워서 다시 깔고 카드도 다시 등록해봤지만 똑같아요 시티가 준 카드라 불편함이 많아도 그냥 참고 견뎠는데 아 이번 건 진짜 별로네요
165,잘 사용 중이에요
166,접속 오류 자주 발생해 답답해요
167,속도가 너무 느립니다
168,간편
169,보안카드는 귀차니즘
170,대출 연장하면서 인증도 다하고 마지막 페이지에서 대출 연장 버튼이 회색 처리되어서 연장이 안되네요 이틀 남았는데 어떻게 합니까
171,딱 필요한 만큼만 너무 편하지도 불편하지도 않게 딱 좋아요
172,너무 느려요
173,예전보다 사용 불편
174,너무 느리고 불편함
175,사용이 간편해요
176,좋아요
177,데이터 확인 사용이 정말 불편함
178,인증번호가 안 옵니다
179,상당히 빠르고 간단하네요
180,good
181,도대체 잘 쓰고 있던 앱에 무슨 짓을 한 거냐 계좌이체도 안되고 왜 이리 무거워
182,정말 사용하기 힘들었습니다
183,개발자님 이체할 때 받으시는 분이 맞나 용에서 확인이 안 눌리고 멈춰서 이체를 못합니다
184,굉장히 쉽고 편리합니다
185,씨티카드 결제 클릭 후 왜왜왜 결제 창안 나오고 어플 로그인이 되냐고요 미쵸불겠네 참
186,간편하게 이용이 가능함
187,속도 개선이 절실히 요구됩니다
188,굿
189,다음으로 넘어가지 않고 계속 제자리만 맴돌고 있음 계좌개설하는데 이렇게 힘든 은행 어플 처음  다시 만드시는 게 어떤지
190,구동 및 처리 속도가 너무 느림
191,편하고 좋아요 특히 이체할 때
192,아주 좋아요 굳굳굳이에요
193,인천은행 경기은행 한미은행 씨티은행으로 계속 이어 이용하고 있으며 가까운 우체국이나 지방에서 우체국을 이용하면 편리하게 이용할 수 있어 불편 없이 이용합니다
194,너무 느리고 사용 불편함
195,굿
196,다른 은행 모바일앱보다 보기에도 사용하기에도 모두 편해요
197,계좌 확인과 이체가 편리합니다
198,이런 걸 앱이라고 만들어 서비스하나요 최악이네요 공동 인증서 등록도 안되고 아이디 찾기도 안되고 엄청 느리고 아니 뭐 로그인이 돼야 뭘 이용을 하지
199,굿
200,대출은 받았는데 오류 땜에 돈을 못쓰네요 이거 뭐지요;;;;; 인출 좀 합시다 좀
201,PC 홈페이지보다는 쪼금 낫네  다른 은행 벤치마킹 좀 하시구려
202,전에는 잘 되다가 요즘 들어 갑자기 느려졌는데 왜 그런가요 좀 됐는데 개선이 안되네요
203,이체 화면이 제대로 안 뜹니다
204,1 외화 비쌈 카카오뱅크가 훨씬 나음 2 앱 렉 자주 걸림 딱 아이폰 처음 나왔을 때 같음 3 선택사항 마케팅 이런 거 다 동의 눌러야 넘어감
205,205번 에러 뜨길래 지우고 깔았는데 또 205번이 뜨네요 앱을 어떻게 사용해야 하나요
206,쓰기 무지 복잡해요 신규로 가입하려고 해도 막히고 그러네요 인증서 자릿수가 4자리인데 3자리 수로 나오 고러네요
207,터치에 대한 반응은 느리고 휴대폰 인증도 안되고 너무하네요;;
208,툭하면 계좌 확인 창에서 확인이 안 눌러짐 대체 왜 안 고치는 건지;;
209,좋아요 흐흐
210,시티 스마트 간편결제가 안됩니다 계속 은행 창만 열리고 카드 결제창은 안 열리네요
211,지금 인증번호 안 날라오는데 왜 그런 건가요 올바르게 쳤는데도 인증번호가 안 날라오네요
212,로그인 한 적도 없는데 계속 다른 장치 중복 로그인 이야기 나오고 개인 정보 유출인데 처리하고 싶어도 방법도 없고 실망입니다
213,반응도 느리고 이체하려니 안 움직이고 딴 은행들 앱 있으니 있다는 시늉만 하려고 만든 것 같네요 왜 만들어놨어요
214,앱이 너무 느립니다
215,오류 나서 화면이 안 나오길래 지우고 다시 깔았는데 이제 본인인증부터 잘 안되네요  많이 불편해요
216,스마트 간편 결재 바로 가기를 첫 화면으로 빼주세요 메뉴 그중에 겨우 찾는 스마트 결재 이렇게 들어가는 앱이 요즘 어디 있는지 아휴
217,은행 앱 중에 제일 거지 같음
218,시티 계좌번호 없다고 앱 카드 등록도 안되고 뭐 이런 어이없는 일이 카드 취소하게 생겼네요
219,속도가 너무 구리고 편의성 엄청 떨어짐 90년대 앱을 보는 느낌이고 정말 보기 드물게 구린 카드 앱
220,일시적 통신 장애 대체 뭔가요 일주일째 이러는데 로그인이 안 되는데
221,아니 로그인하려 해도 알뜰폰 sk인데 다 적고 동의해도 휴대폰 통신사를 확인해주세요 이건 뭡니까 알뜰폰은 사용하지도 말란 겁니까
222,있는 거보다 없는 게 더 나은 쓰레기 앱
223,사용성이 편리하고 이체가 빠른 최고의 앱입니다
224,아니 화면이 전부 흰색 아무것도 안 보여요 지웠다 깔아도 껐다 켜도 절대 절대 아무것도 안 보여요 어쩔 거예요 돈 보내야 되는데
225,타 카드 앱은 계속 업그레이드되고 있는 데 이 앱의 디자인과 기능은 계속 제자리네요 제발 벤치마킹 좀 하소 어쩔 수 없이 사용하고 있지만 이런 시대에 떨어지는 대응 때문에 점점 고객이 이탈하지
226,이체가 안되는데 이유를 모르겠음에 전에 없던 일이라 영문을 모르겠음이 체 마지막 단계에서 계속 에러가 나는데 도저히 안됨
227,아 어지간하면 이런 거 안 쓰는데 앱 기능에 오류도 많고 사용자 편의도 많이 떨어집니다 개발자분 고생하셨겠지만 앱 관리 지원에 있어서 본부지원이 제대로는 되는지 의심될 정도이네요 오히려 모바일앱 때문에 씨티은행의 신뢰도가 떨어질 수 있다고까지 걱정이 되는데요 앞으로 나아지겠지만 모바일앱 관리에 신경 좀 부탁드려요
228,기능이 심플한데도 속도가 많이 느립니다 특히 이체할 때 1만 원 5만 원 등 버튼 누르면 즉시 반영 안돼서 두세 번 누르게 되고 그러다가 잘못 입력되어 지우는데 또 느립니다 이때도 금액 x 버튼이 없어 일일이 지워야 하네요
229,앱 문제 있는 분 해결 방법 구글에 불법 앱 사이트 찾아서 문제없던 버전을 찾아서 다운로드 후 폰에 저장하신 후 설치하면 됩니다 업데이트 절대 진행하지 마세요
230,아니 무슨 어플을 이렇게 못 만들었는지 어플에 돈 좀 쓰세요 기본적으로 살짝씩 느리게 반응하고 제대로 안되는데 다른 어플들은 잘만 되는데 얘만 촌스럽고 반응도 느리고 참 진짜 별 1개도 아까움 어플 좀 제대로 만들어라 진짜 화나서 못쓰겠네 별점 낮은 이유가 있음
231,그동안 잘 사용하다 계속 통신오류 뜨면서 로그인이 안 되다 재설치 후 다시 등록하니까 되네요
232,갑자기 로그인이 안 되네요 간편 비번이 틀린 건 아니고 통신오류 어쩌고 나오고 어쩌라고
233,일시적 장애가 이틀 동안 계속 떠서 결국 다시 다운로드합니다
234,205일시적 장애 지속된다고 나오네요 고객센터는 다 상담 중이라 전화되지도 않고 이제 곧 철수하신다지만 그래도 관리 좀 제대로 부탁드립니다
235,요즘 시대에도 이런 앱이 있네
236,씨티카드 사용 중인데 지금껏 써본 금융앱 중 최악이다 카드 관련해서 내가 원하는 정보를 찾는 게 이렇게나 힘이 들다니 이번 달 결재된 금액과 내역들을 찾으려는데 못 찾겠다
237,yy
238,편리하게 쓰고 있어요
239,사용하기 쉬워요
240,Good
241,오랜 기간 사용 중입니다
242,편하게 잘 쓰고 있습니다
243,터치 잘 안되는 거 저만 그런가요
244,진짜 쓰레기 어플 중 쌍따봉최고 쓰레기별 한 개도 아깝다
245,로그인도 안 되고 진짜 거지 같다 사용 안 할 거다
246,필요한 사항들 불편 없이 사용하고 있어요
247,어떻게 오래간만에 들어가도 오류 뜨는지 제대로 못 만들 거면 첨부터 만들지를 말던가
248,신속하고 편리합니다
249,금융사 어플 중 최악이에요  사소한 카드 결제일 변경을 하려고 해도 결제일 변경에 따른 사용기한 뜨지도 않고 번거롭기는 카드사 중 최고네요 칼뱅 이벤트로 한번 사용해보려고 했는데 어플 불편해서 못쓰겠어요 
250,좋아요
251,에러가 너무너무 많아요
252,단말기 등록을 했는데도 미지정 pc에 접속됐다는 알람이 항상 떠서 보니 모델명이 공백이더라고요 등록해 지하고 재등록해도 모델명이 입력되지 않네요 이것 때문에 접속하면 미지정 pc 알람이 계속 뜨네요 어쩔 수 없이 추가 인증만 설정하고 사용 중인데 고쳐주세요
253,고객 탈퇴 유도 앱인 듯 지점 줄이고 혜택 줄여나가도 씨티은행 10년 넘게 썼지만 더 이상은 못쓰겠다 유선문의는 카카오톡 자동응답챗으로 넘겨버리고 채팅 문의는 같은 내용만 반복해서 붙여넣기 해버리고 앱도 쓰레긴데 고객 응대마저 답이 없다 계좌 곧 해지한다 정말
254,카드회사 중에 최악
255,진짜 쓰레기를 만들어놨네 버튼이 안 눌러지고 느려서 한 시간째 이체 증액하는 거 먹통 무방문 서비스 좋아하시네 1시간이면 은행 갔다 오는 게 빠르겠다 씨티은행 망하려고 발악을 하는구나 아주
256,로그인 후에 이체하는 곳에서 계속 멈춤이 있네요 전화통 하니 본인은 잘 된다 하는데 왜 저는 안되는 걸까요 여기 다른 분들 글 보니 이체가 안된다는 글이 많은데 조속히 해결 바랍니다
257,씨티은행 영업 중단할 계획이 구체적으로 앞당겼나 봐요 세상에 이 체액 한도 증액하는데 타은행 인증서 등록은 왜 필요하나요 씨티은행끼리 이체할 때 공동 인증으로 하는데 그렇다 치고 계속 입력 오류라고 한 시간 동안 뺑뺑이 돌리고 있네요 언제 되나 싶어서 앱과 싸우다가 제가 두 손들고 항복합니다 다른 메뉴 들어가기도 힘들고 다른 은행 앱 참조해서 다시 만드는 게 좋겠어요 사용자 불만이 이만저만 아닌데 오류 문의하면 전화하라고 하고 전화받는 오류 내용에 대한 수정은 왜 안 하시나요 고객 인내심 테스트 앱으로 아주 세계 최고입니다 이쪽으로 사업 번성하세요
258,업데이트 이후 사용할 수 없음 테스트도 안 하냐
259,로그인도 잘 안되고 겨우 로그인 되어도 계좌이체 확인 버튼이 동작하지 않아요 답답합니다
260,업데이트 이후 화면 터치 자체가 잘 안 먹고 엄청 버벅임
261,가짜 어플 가짜 어플로 인해 본인이 심각한 피해를 입고 있어요
262,화면이 잘 안 열려요 로그인도 되다 안되다 렉도 전보다 엄청 심해졌어요
263,며칠째 계속 장애라고 돼질 않네요
264,진짜 인생 살면서 어플 평가 그것도 부정적인 것은 처음 써요  일시적 오류가 한 달 이상 가네요 심각한 듯 요 백화점 할인 때문에 만들긴 했는데 유지는 어려울 것 같아요  혜택을 늘리고 어플을 더 잘 만드셔야 될 것 같아요 
265,진짜 업데이트 이후 너무 불편합니다 터 지도 안 먹이로 원활한 거래를 몇 주 째 못하는지 너무 답답하네요 하루빨리 개선 부탁드려요
266,문제 해결에 도움 주셔서 감사합니다 잘 쓰고 있습니다
267,일시적 장애는 매일인가요 최악의 앱
268,어플 때문에 신용카드 없애고 싶음; 너무 렉 심하고 느려서 스트레스받아요 알 수 없는 이유로 작업 종료되었다고 꺼지고 처음부터 다시 입력해야 되고
269,휴대폰 인증부터 계속 오류 남 반응속도는 왜 이리 느린지
270,별 한 개도 아깝지만 별 한 개 안 주면 리뷰를 할 수 없게 되어있으니 송금을 할 수 없게 만들어 놨군요 고객이 넘치는 모양이군요 고객 탈퇴를 위한 앱인 듯 마지막 이체하시겠습니까에서 화면이 터치가 안되고 멈춰있는 현상이 종일 계속  일시적인 현상이 아닌 듯
271,왜 이렇게 보기 불편하게 만들었죠 결제 내역 전체 조회하는데 도대체 클릭을 몇 번을 해야 하는 거야 다른 카드들은 얼마나 쓰기 편하게 만들었는데 진짜 수준 떨어지네요 이것 때문에 카드 없앨까 고민 중이에요
272,일시적 장애 일시적이란 짧은 한때의 것 일시적인 현상 근데 하루 종일 로그인이 어려워서야 쓰겠어요 진짜 금융 관련 이상한 어플 많은데 오늘부터 시티 모바일에게 1등 드립니다 무슨 업데이트를 했길래 이지경을 만들었냐고요 
273,사용하기 편리하고 가편하다는 생각입니다 너무 편하네요
274,뭐 하는 겁니까  앱 들어가서 이메일 문의하려는데 다시 인증하라고 하고 그러면서 앱 다시로긴 하라는데 지문으로 해놔서 비번 교체하려고 했더니 인증을 도대체 몇 번을 하라는 거야 인증할 때마다 맨 처음으로 돌아오는데 왜 개 불편하지 시티 해지해버려
275,카드 등록부터 안 됨
276,모바일 진행도 안되고 해서 14일 콜센터로 2번 전화했다 전화 준다고 해서 기다리는데 답이 없다 쓰레기 어플에 콜센터 직원들 관리도 엉망진창이다
277,타은행 어플에 비해서 반응이 매우 느림 카드 혜택 관련해서 찾아보기가 힘듦 직관성이 떨어지고 여러 단계를 거쳐야 겨우 볼 수 있으면 다른 리뷰 봤는데 이것도 전화하라고 답변 남기시겠죠 글에 다 써놨는데 왜 전화하라고 하실까요
278,로그인이 정말 안돼요 
279,U 알뜰 모바일 사용자인데 인증번호가 안 받아지네요 사용하고 싶어도 불편해서 사용 못 하겠네요 개선 좀 부탁드립니다
280,별 한 개도 아까움 이렇게 에러 많고 느린 어플 첨 봄 이게 어떻게 제1금융권 은행 어플인지 신기함
281,모바일앱 오류 나서 1566 1000에 전화하니까 계속 연결 안 되고 어떻게 하라는 겁니까
282,앱이 노 답이네
283,요새 왜 이러나 요 답변 도성의 없음 연락 달라고 하고 끝 송금도 안되고 어쩌라는 건지
284,어제부터 로그인이 안 되면서 일시적인 접속 오류 205번이 계속 떠서 고객센터 문의 결과 삭제하고 다시 설치하라 하여서 그렇게 했습니다 재설치 후 로그인은 되는데 어플 화면에 계좌가 모두 보이지 않고 밑으로 내려지지도 않아 계좌 상세보기가 되지도 않습니다 한국에서 사업 정리하신다더니 개발자분들도 다 이직하셨나 봅니다 남겨진 고객들 생각해 주시기 바랍니다
285,빠른결제창즘 메인에 오픈해주시지 카드 결제하려면 메뉴 눌러서 들어가는 게 정말 옛날 방식 아닌가요 기본적인 거 같은데 하루에도 다섯 번씩은 켜야 하는 사업자인데 사용하고 싶어도 불편해서 손이 안 가요 저 원래 평가 리뷰 안다는 사람인데  메인에 누르면 카드 바코드 사용할 수 있게만 만들어주세요 
286,별 한 개도 아깝네요 은행 업무하는 건데 너무 막 만든 거 아닌 가요 어제오늘 계속하는데 다른 기계에서 로그인 되어있다고 하고 겨우 한 단계 넘어가니 어제는 심지어 타자 자판이 안뜸 다음 단계로 넘어갈 수가 없음 만들지 말라는 건가 봄 재 설치해도 안 됨 겁나 느림 돈거래하는 어플이 이 정도면 말 다 했죠 정보 빠져나가는 건 우습겠네요
287,업그레이드하래서 업그레이드했더니 에러 자주 뜨고 이젠 완전히 먹통 됐네요  사용도 못 하고 이송해 누가 대체해주나요
288,스냅샷 기능으로 펀드 수익률을 매일 간편하게 확인했었는데 왜 없어졌죠
289,핸드폰으로 인증번호를 보냈다고 하지만 오지 않으면 답답합니다
290,터치해도 반응 없는 곳이 많습니다 계좌개설하려다가 답답해서 껐네요
291,앱 리뉴얼된 이후로 바이오 로그인이 너무 안되고 로그인 오류가 너무 많이 뜹니다 로그인했어도 계좌조회가 안되는 경우도 다반사 너무 답답한 이용자는 이곳에라도 하소연합니다 제발 고쳐주세요
292,왜 로그인이 안 되나요 자꾸 201에러 뜨고 아예 들어가지 못하고 있습니다 거의 한 일주일을 그냥 에러가 뜨게 두는 이유가 뭐죠
293,기존에 지문으로 잘 쓰고 있던걸 업데이트 후에 아이디 찾아서 다시 등록하고 로그인한 후 신분증을 찾아 다시 지문등록을 하게 만들어 놨네요 은행이 필요로 해서 업데이트를 하면서 고객에게 불편을 떠넘기다니 정말 최악입니다 별 한 개도 아깝네요
294,몇 주 째 로그인이 안 됩니다 혹시나 싶어 아이디 찾기 비밀번호 찾기를 들어가서 은행 고객  신용카드 고객 모두 제대로 입력해도 오류가 나고요 인증서 로그인마저도 계속 오류가 나서 아예 들어가지를 못합니다 인증서 재발급을 하려 해도 아이디가 어쨌다나 오류가 납니다 은행 어플인데 로그인 오류가 말이 되나요
295,인증서 없이 송금이 가능해서 좋아요
296,시티 시스템 장애 불량 콘텐츠입니다
297,이벤트 때문에 바로 카드 신청했는데 발급이 오래 걸려서 수령하니 이벤트 끝남 해지
298,업데이트하고 나서부터 로그인 접속도 느리고 레벨업 통장의 원화를 외화통장으로 보내려는데 통화 코드가 틀리다고 오류 남 외화통장 연결한 상태 문제 해결을 하려 해도 매뉴얼을 찾을 수 없음
299,친구와 영상통화 중에 시티 모바일로 결제시도하면 아이에 진행이 안 되고 영상통화를 종료해도 어플을 강제 종료하거나 휴대폰을 재부팅하지 않으면 결제가 진행이 안 됩니다 잘 쓰고 있었는데 업데이트 이후로 계속 문제가 발생해서 좀 번거롭고 귀찮네요 빠른 수정 바랍니다
300,사용이 편하고 유용합니다 
301,업데이트 이후 최악 이전에는 이런 경우가 전혀 없었으나 업데이트 이후에는 로그인 시 에러가 무진장 많음 아니 무슨 일반 게임 앱도 아니고 신속 정확이 생명인 은행 앱이 뭔 에러가 이렇게 많아서야 다운그레이드 할 수 있게끔 알려주세요 이대로는 도저히 사용할 수가 없음 설마 한국에서 철수한다고 전혀 신경도 안 쓰는지 개발자가 누군지 정말 한심하다 정말 최악 별 하나도 아깝다
302,이체 시키려고 할 때마다 오류가 뜹니다 지금은 금액 오류가 계속돼서 이체를 할 수 없어요 30년 이용했는데 이상한 은행입니다
303,기간 지정 후 결재 내역을 검색하면 사용 합산 금액이 뜨지 않고 메뉴도 참 불편하기 그지없음 외국계 회사라 사고방식이 다른지
304,장난하나
305,아주 좋아요
306,요즘 왜 이러나 요 로그인을 여러 번 받네요 에러 좀 해결해주세요
307,다 등록했는데 반복적으로 오류라고 뜨고 뭐가 오류인지도 없이 진행이 더 이상 안되고 앱이 닫히네요 어떻게 하란 건지 업그레이드된 거 맞나요 ★전원 종료하고 다시 해도 오류 팝업창이 계속 뜹니다 빠른 조치해주세요 너무 불편해요
308,갑자기 로그아웃되면서 고객님의 휴대폰은 통신사 본인확인이 불가합니다 이건 뭔가요 영업점 없앨 거면 모바일 인터넷이라도 제대로 해놓던가 앱 지우고 통장 해지하고 다른 은행 갑니다
309,왜 계속 휴대폰 인증이 안되는 거죠 아무리 눌러도 인증번호가 오질 않아요
310,205 일시적 통신장애라고 계속 나옵니다 들어가지도 못하고 있어요 원인 해결 좀 해주세요 답답합니다 4일 동안 이용 못하고 있어요
311,하나의 앱에서 뱅킹과 카드까지 돼서 좋아요 해외서 사용해보니 빠르고 괜찮네요
312,인증번호 입력해야 하는데 인증번호 문자 전송이 안됩니다 
313,모바일 인증했는데 계좌이체 시 다시 하라고 하고 몇 번째 하고 있는데 타은행 보다 힘드네요
314,멀쩡히 잘 되던 게 왜 쓰레기 어플이 됐나요 관리자 바뀌었어요
315,UI가 보통
316,공인인증서 로그인하는데 왜 10자리 넣으라고 나오나요  이거 때문에 인증서 비밀번호 바꿔야 되는 건지 정말 어이없게 업데이트했네요
317,아 놔 앱 카드가 안 되니 결국 실크 받아써야 하는구먼
318,이용 중인 상태에서 뒤로 가면 모든 메뉴가 초기화면 또는 금융 서비스로 넘어지는지 메뉴 찾아 삼만 리네요
319,정말 기가 찬 은행 앱을 통해서 정보 수정이 가능한 건 상식인데 내가 하지도 않은 정보가 변경되어 있음 전화해서 물어보니까 결제하다가 바뀠을거다라는 말만 함 개인 정보 유출인지 해킹당한 건지 알 수가 없네 철수한다더니 이렇게 관리하는 건지
320,인터페이스 하며 속도 하며 은행 앱이 이렇게도 만들어지네요
321,좋음
322,제가 써본 은행 앱 중 최악인 거 같네요 엄청 튕기고 인증을 했는데 또 인증하라고 하고 벌써 5번째
323,뭐 살다 살다 이런 뭐 같은 어플은 처음 접해봄 성질나서 그냥 제거
324,좋아요
325,업데이트 후에 초기화되더니 가입 때 인증 문자가 3일째 안 옴 내 돈 묶여있다 전화도 안 받고 꼭 내가 이거 풀어서 다 빼고 해지한다
326,이전 버전에서 간편 비밀번호를 사용해 왔는데 최신 버전에서 간편 비밀번호 사용을 위해 안드로이드 80을 요구하는데 폰이 안드로이드 70까지만 지원을 해서 이전 버전으로 돌아가고 싶은데 방법이 없나요
327,갤럭시 폴드 2 신분증 촬영 화면 카메라 반전되어서 도저히 촬영이 안됩니다
328,편리하고 좋네요 고맙습니다 
329,공동 인증서도 안되고 모바일 인증 34번 해도 다음 안 넘어가지네요 지점도 몇 개 없는데 무방문 체크카드 하나 재발급 받는데 1시간이 넘게 걸리다니
330,많이 쓰는 메뉴 계좌이체 현황 이런 거는 찾기 힘들게 만들어 놓고 쓰지 않는 메뉴만 잘 찾을 수 있도록 배치한 듯 날이 갈수록 쓰기 불편해지네요
331,감사합니다
332,업그레이드가 개판이다 1바이오 인증을 다시 해야 하는데 인증 오류만 뜬다 2계좌 거래내역을 보려면 4번이나 클릭해서 들어가야 보인다 3이벤트는 무조건 첫 화면에 뜨면서 계좌조회를 찾아가기 어렵다 4 만들어놓은 것을 보니까 한심하다
333,공인인증서 로그인도 안 되고 재발급해서 비밀번호 설정 후 사용하려는데 일치하지 않다고 계속 뜨네요 도대체 어떻게 사용하라는 거죠
334,업데이트 이후 최악의 사용성을 보여줍니다 시티뱅크 앱의 장점이었던 로그인 없이 빠르게 거래내역 확인 가능하던 간편한 스냅샷 기능은 삭제되었고 거래내역 확인하는 절차가 오히려 더욱 번거롭게 되었습니다 또한 앱 이곳저곳에 애니메이션 효과를 팍팍 넣어서 느려서 못쓰겠습니다 심지어 이 효과들 때문에 잘 꺼지지도 않아요 진짜 최악입니다 은행 지점들 축소되었을 때도 계속 씨티은행으로 주 거래를 했었지만 너무나도 불편해진 앱 사용성 때문에 곧 다른 은행으로 갈아타야겠어요
335,엠이 제대로 열리지 않아요 꼭 다시 재시작해야 됩니다
336,로그인해도 계속 에러가 뜹니다 시티 모바일 만 에러가 계속 납니다 저는 6자리 숫자 로그인하는데
337,앱 사용 중에 중복 로그인 됐다는 메시지가 뜨며 로그아웃 됩니다 다른 기기에 로그인한 적이 없는데 왜 이러는 건가요
338,아이디로 로그인 후 본인인증 시 인증번호 메시지가 왜 안 들어올까요 갤 A21s 헬로모바일입니다
339,아 진짜 지금 어떤 시대인데 앱 어플 하나 못만드냐시티은행 지점이 많아 점포가 많아 지난번에도 은행 앱 중에서 가장 시원찮더니만 업데이트하니깐 오류 계속 뜨고 대체 IT 부서는 머 하는 건지 내가 은행을 바꿔야지 갑갑해서 원
340,편리하고 좋아요
341,저가 전화하면 친절하게 설명을 해 줍니다
342,Goog
343,새로이 홈페이지 먹찌 다용
344,사용하기에 간편함
345,조금 더 편하게 사용했으면 좋겠네요
346,간단히 필요한 정보를 확인할 수 있어 편합니다
347,인증번호가 왜 이렇게 안 올까요
348,해외에서 사용 중입니다 앱 업그레이드 후 속도가 엄청 빨라졌어요 아직 많은 기능을 다 써보신 않았지만 계좌 거래내역 확인 시 타행 앱보다 단계가 복잡하네요 그리고 해외라 지문 인증 안되는 것도 불편해요 좀 더 개선한다면 좋은 앱이 될 것 같습니다
349,자꾸 로그인하면 앱이 꺼집니다 계속 반복이에요 열려야 쓰죠
350,빠르고 심플함
351,한 달 사이에 오류가 몇 번 나는 건지 맨 처음에는 갤럭시 업데이트 오류인 줄 알았는데 그게 아니고 그냥 이 어플 자체 문제네요 오류 때문에 여러 번 삭제하고 다운로드하는 것도 지겹네요
352,업데이트하더니 결제한 내역도 바로바로 이용대금에 안 합쳐지고 한참이 지나서야 이용대금에 합산이 되니 카드값 결제할 때 헷갈려서 짜증 납니다
353,업데이트하고 로그인되여 있는데 선결제나 쿠폰 클릭하면 또 로그인하라고 자꾸 그래서 짜증 나요
354,은행에 가서 먼저 계좌를 만들어야 하나요
355,괜찮은 것 같아요
356,앱 리뉴얼 후 본인 인증에 자꾸 오류가 뜹니다
357,에러가 너무 많네요 공동 인증서 로그인해도 다시 로그인하라고 하거나 계좌조회도 뜨질 않고 겨우 조회하려고 하면 다시 로그인 화면으로 돌아가거나 바이오 인증을 등록하려고 하면 휴대폰 인증에서부터 오류가 나고 앱의 처리 속도도 느리고 간편 비밀번호 등록하려고 입력하면 처음으로 돌아가버리고 제가 돌아버릴 것 같네요 글로벌 씨티 은행 앱 맞나요 지난 앱보다 훨씬 안 좋습니다 업그레이드가 아니라 옆그레이드 다운그레이드입니다 씨티은행 한국 철수하나요
358,좋아요
359,자주 끊김
360,은행 앱이 오류가 이렇게 많다면 은행 신뢰도가 떨어지겠지요
361,설치는 어렵게 됐는데 사용 중에 자주 에러 나와 삭제 와 설치를 반복하네요 무슨 문제일까요
362,왜 갑자기 인증서가 없어짐
363,Good
364,대출금 일부 상환을 하려고 하는데 완료가 안되었는데 더 이상 진행되지 않은 채 완료되었다고 나오나요 출금이 되지 않은 상태로 종료가 되네요
365,스마트 결제 에러
366,앱 접속이 안되네요 왜 이런가요
367,업데이트 후 오히려 오류가 잦고 계좌이체 내역과 카드 결제 내역이 그때그때 오지 않네요 예전이 디자인도 더 낫고 보기도 편하고 오류도 적었던 듯하여 아쉽네요
368,앞으로 사용법을 해야겠습니다
369,잘 사용하고 있어요
370,가즈야 당첨
371,일단 글씨가 눈에 확 들어와 너무 좋네요 내가 보유하고 있는 카드도 이미지로 나와 카드 선결제 및 미납금액 상환하려면 어디인지 맨날 헷갈렸는데 카드만 클릭하면 바로 보이고 너무 편해졌네요 완전 굿
372,어플 때문에 너무 짜증 났는데 리뉴얼 되니 나아졌네요 후 그리고 카드 예쁘게 만들어주세요
373,다른 금융 앱보다 편합니다
374,카드만 이용하는 고객은 로그인을 못하게 해 놓았네요 인증서 등록 생체 등록 모두 계좌 입력이 필수인데 계좌가 없습니다 이전 앱에서 잘 사용했는데 사용을 못 하겠네요
375,기존 사용하던 앱 대비 훨씬 세련되어졌고 느낌으로는 이전보다도 더 빨라진 것 같습니다 애니메이션은 안 넣는 게 더 나았을 듯
376,New 시티 모바일 앱 출시를 축하합니다 화면도 보기 훨씬 편하고 쿠폰과 카드 포인트를 첫 화면에서 바로 확인 가능해서 너무 좋습니다 또 글로벌 뱅크답게 환율 자료도 업그레이드되어 좋습니다 초기 오류가 좀 있었지만 이제 불편함이 없는 것 같네요 앞으로도 고객 입장에서 쭉 개선해서 함께하는 시티 모바일이 되었으면 하는 바람입니다
377,새로 업데이트 후 로그인 시 다른 오류 없이 정상적으로 로그인이 되고 한눈에 볼 수 있게 잘 업데이트된 거 같습니다 간편 로그인하는 것도 맘에 들고 좋네요
378,도대체 로그인하고 먹통이 돼서 계속 강제 종료해도 안되는데 뭐가 문제인가요 데이터 캐시 다 지워서 시간 들여 인증들도 다시 했는데도 반복됨하
379,전 버전보다 구동이 빨라져서 좋아요
380,업그레이드 전의 시티 모바일은 카드 및 대출 특히 마이너스 대출 등 여러 가지로 불편한 점이 많았는데 업그레이드된 시티 모바일은 사용하기 편리해졌다고 다른 사람들한테 추천할 수 있을 만큼 잘 만들어졌네요
381,새로운 디자인 명확하고 좋습니다
382,업데이트되고 나서 더 좋아진 건 하나도 못 느끼겠고 가독성 심각하게 불편해졌고요 일단 전체적으로 너무 느려졌어요 뭔가 조치를 취해주세요
383,예전에 비해 화면이 심플하고 단순해서 좋아요 통장사본 저장도 되니 편리하네요
384,메뉴 검색이 잘 되어서 편리합니다 홈버튼 있으면 좋겠습니다
385,쓰레기 같은 앱이네요 이렇게 느리고 광고성 있는 브랜드 금융사 앱 처음 봄
386,4월 1일에 대금을 내는데 이전 달 이용대금명세서만 보여주면 어떡합니까 예 이전 달 30만 사용 이번 달 결제 예정 금액이 45만인데 메인카드에서 들어가는 명세서는 30만 원만 접근 가능함 그리고 메인에서 보이는 결제 예정 금액이랑 아마 5월 1일 청구 예정금액인 듯 실제 내가 내야 할 결제일 임박한즉 예시에서 45만 원이 달라요 아 그냥 이전 버전으로 복구해줘요 이번 달 내가 얼마 내는지 한눈에 알아야 할 거 아녜요 내일모레가 결제일인데 메뉴 눌러서 4월 명세서를 찾고 찾아야겠어요
387,첫 화면 깔끔하고 카드 예금 함께 보여줘서 좋아요 Otp 없이 이체도 편하네요 하지만 하위 메뉴는 전단계로 이동도 안되고 불편해요
388,시티 모바일 세련된 화면 좋아요
389,앱이 계속 멈춥니다
390,개인적으로 펀드를 가입하고 있는데 가입 상품의 정보나 한눈에 모든 계좌 정보를 확인할 수 있어서 좋은 것 같아요
391,좋아요
392,화면이 깔끔해지고 찾기가 편해져 사용하기 편리합니다
393,디자인 깔끔하고 쓰기 편리함
394,앱 업데이트 후 구 공인인증서 로그인하려니 뜬금없이 10자 이상 입력하라네요 타행으로 설정한 8자 잘 쓰고 있는데
395,아주 훌륭한 금융 서비스입니다 특히 로그인할 때 지문인식률이 타사 보다 매우 훌륭하며 이체 방식 조회 등이 타사 대비 아주 효율적입니다 이건 업데이트로 UI가 많이 개선되었습니다
396,편리한 이용
397,유익합니다
398,이번 3월 업데이트 이후 오류와 성능 저하가 심하네요 빠른 조치 부탁드릴게요
399,사용하기 엄청 편해졌어요 굿입니다 화면도 매우 고급 지고 부드러운 느낌이라 정말 좋습니다
400,시티 모바일앱 업데이트 후 시인 성향 상이 되었어요 이용하기 편하고 매우 만족합니다 계속 발전하기를 바랍니다
401,업데이트되고 좋아졌어요 빨라진 속도와 한눈에 내 계좌 및 필요한 정보들을 볼 수 있어 좋네요 
402,처음엔 어색했는데 필요한 것만 사용하기 좋게 바뀌었네요
403,잔액 모으기 누르면 타행계좌 등록 팝업이 뜨고 확인 눌러도 진행이 안됩니다
404,빨라지고 메인화면이 심플해졌네요 좋아요
405,새로 로그인해서 쿠폰 쓰려 하는데 계좌들 잔액이 다 보여서 민망하네요 본인 화면 구성을 원하는 메뉴로 설정할 수 있게 하던가 아님 금액은 안 보이게 해줬으면 좋겠습니다
406,앱 잘 쓰고 있는데 최근 앱 업데이트 이후 스냅샷 기능이 안 보이더라고요 사라진 건가요
407,새로 어플을 깔았어요 휴대폰 인증번호가 오지 않네요 신구 어플 모두 요
408,앱 업데이트 후 스마트 간편결제 등록이 안됩니다 인증번호 요청을 몇 번이나 해도 발송을 안 해주는데 어떻게 카드 등록을 하나요 업데이트 전엔 잘 이용했었는데 업데이트 후 더 사용하기 힘들어졌습니다 기존 앱 삭제 후 최신 버전 다운로드하고 폰 다시 재부팅 해서도 해보고 몋번이나 했는지 모릅니다 오류 수정 빨리해주시면 좋겠습니다
409,사용 중인 카드를 구분하기 쉽게 이미지가 있어 좋네요 개인적으로 자주 이용하는 이용명세서와 즉시 결제를 바로 선택할 수 있게 변경된 것도 좋아요
410,업데이트 이후로 로그인이 안 돼서 앱 삭제 후 재설치 했더니 이젠 아예 앱이 실행도 안되네요 대체 왜 이러는 건가요
411,카드가 이미지랑 카드 뒷자리도 나와서 편해요
412,앱이 안 열려 짜증 폭발입니다 도대체 뭐가 문제입니까 새로 깔고 지웠다 다시 하고 해도 접속이 안되네요 뭔 은행일 보려고 들어가려는데 열리지가 않으니 어쩌란 겁니까 빨리 좀 고치세요
413,앱 안 좋습니다 오류가 많아요
414,많이 빨라졌네요 좋아요
415,엉망
416,여러 은행 이용하는데 다른 은행 앱보다 눈에 잘 잘 들어오네요 인증서 없이 아이디만으로도 거래가 돼서 편리하고 거래내역 조회나 이체도 이전보다 훨씬 빨라졌네요 앱 까니까 바로 잔액이랑 최근 거래내역이 나와서 너무 편리합니다
417,시티 모바일앱이 설치가 안돼요
418,앱이 안 켜져요 카드값을 못 내게 하시네 황당해라
419,계속 통신 상태 원활하지 않다고 나옴 무슨 업데이트를 이렇게 하나요 앱이 꺼지지도 않음
420,통신이 원활하지 않아 사용할 수 없다는 메시지만 계속 뜹니다 백그라운드 지우고 해도 같고 매번 다시 다운로드해야 하네요
421,너무 좋아요 보낸 자료가 잘 저장되어 있어요
422,오류 관련 화면 캡처해서 개발자 메일 보냈으니 확인해 주세요
423,오류 수정 요망
424,오류가 너무 많아요
425,카드를 신규 발급했습니다 첫 이용부터 ARS 인증 전화가 오지 않아 불안했는데 어느 순간부터 계속 오류 뜨며 앱이 열리지조차 않습니다 아래 글에 전화문의 하라길래 오랜 기다림 끝에 상담원 연결하여 말씀하신 조리대로 했음에도 안되는 건 여전 다른 유저는 된다 며칠 더 기다리라던데 이게 최선인가요
426,스마트 알림이 앱이 바뀐 뒤로 안됩니다 로그아웃했다가 들어가면 설정이 꺼져있어서 수시로 해도 다시 로그인 후 설정에 또 꺼져서 알림이 아예 안 됩니다 불편해요
427,웹을 얼면 오류 통신 상태가 메시지가  업데이트 이전에는 없었던 메시지임
428,어플 좀 제대로 만드세요 껐다 키면 오류 생기고 시티 모바일 어플 강제 중지하고 다시 해야 오류 복구되네요 기본적인 보안 시스템이랑 연동도 제대로 안되는데 불편해서 사용하겠어요 ARS 응대가 오래 걸려서 어플 쓰는데 이게 더 오래 걸리겠네요;;
429,업데이트 이후 통신장애란 메시지가 뜨며 작동이 안 됩니다 핸드폰을 껐다 켜야 작동됩니다
430,업데이트하고 나서 계속 오류 나요 통신 상태가 원활하지 않다고 잠시 후 다시 켜라는데 한두 번도 아니고 짜증 나네요 인터넷 뻔히 잘 되는데 대체 왜 이러나요
431,주거래은행 편할 수밖에
432,바뀌어서 생소하지만 개편된 어플에서는 모든 거래를 한눈에 볼 수 있게 되어서 정말 편리하네요 가끔 잊고 있던 걸 챙길 수도 있게 되었어요
433,더 간편하고 실용적으로 바뀌었네요
434,가입 중에 자꾸 중복 로그인됐다고 중간에서 안 넘어감 진짜 화가 차올라서 이딴 허접한 프로그램 쓰는 은행에 신뢰가 안 가서 쳐다보지도 않을 거임 보안 프로그램을 얼마나 개판으로 만들어놨으면 가입신청 10번을 처하게 만드는 건지 진짜 욕하고 싶음 애초에 가입을 앱으로 만하게 만들었으면 이딴 식의 에러가 발생하지 않도록 해야 하는 게 정상아냐
435,어플 로그인을 하면 웹페이지를 사용할 수 없다고 나옵니다
436,아이디 비번 만들어서 로그인하려는데 오류라면서 화면이 아예 안 떠요 이거 어떡해요 아니 잘 쓰고 있는 앱을 왜 바꿔선 이렇게 불편하게 하는 건지
437,업데이트 이후 심플한 메뉴가 눈에 편하며 속도가 빨라졌습니다 예금 펀드다 출신용 카드 보험 등 현재 잔고 현황을 바로 확인할 수 있으며 특히 신용카드 포인트와 마일리지를 별도의 버튼 조작 없이 바로 볼 수 있어서 편해졌습니다
438,업데이트 후 너무 자주 허구한 날 연결이 안 되네요
439,아니 오류 점검이 하루도 더 걸리나요
440,다운로드하고 첫 등록했는데 없는 페이지라고 나옴
441,간편 비번 설정하여 사용하고 있었는데 인증번호가 오지 않아 사용 못 하고 있어요 어떡해야 하나요
442,한눈에 보기 좋게 볼 수 있어서 너무 좋고 거래하기가 너무 쉽고 편해요
443,이번에 변경된 내용을 보면 기존 대비 사용자 입장에서 많이 개선된 것 같습니다
444,모바일 인증이 안돼서 간편한 생체 인식 기능이나 핀 입력 등을 사용할 수가 없네요 그전에 나름 편리하게 쓰고 있었는데 괜히 업데이트해서 기능이 불편해지면 왜 업데이트를 하는지 모르겠네요 정말 짜증 나서 은행 거래를 다른 데로 옮길까 생각 중입니다
445,카드 사용 현황 및 예금 현황을 한눈에 보기 좋게 업데이트되어 좋습니다
446,메인 페이지가 깔끔하게 업데이트됐네요
447,한눈에 보이는 계좌 정보 신용카드 사용 조회  분실신고 아주 편하게 거래되네요 타행 앱도 여러 개 쓰는데 시티 앱이 제일 편하네요
448,새로운 시티 모바일 앱이 기존보다 훨씬 사용자가 편하게 사용할 수 있도록 첫 화면에 구성되어 좋네요
449,업데이트 후 다시 들어가려니 로그인만 하면 어플이 그냥 꺼져버려요 제거하고 다시 설치하면 그때만 들어가지고 그 후에 로그인하면 꺼져버립니다 업데이트 후 들어갈 수가 없네요 해결 좀 해주세요
450,앱 세부 메뉴가 기능별로 정리가 잘되어 사용자가 검색하기 용이합니다
451,기존 버전에서 잘 되던 입출금 내역 문자 서비스가 전혀 오지 않고 있네요 설정에서 기능 off 했다 재설정 했음에도 여전히 되지 않습니다 매우 유용한 기능인데
452,이전에 비해 메뉴 구성도 깔끔해졌고 쓰기 편리해졌네요
453,기존 어플에서는 필요한 섹터를 메뉴 화면을 클릭하여 매번 찾아서 이용했어야 했는데 새로운 어플은 로그인 후 한 번에 섹터가 다 나오니 보기가 정말 편합니다
454,업데이트 후 엉망 되었네요 로그인 잘 되던 것도 안되고 정보 다 해지하고 인증서 등록도 해지해놓고 안 그래도 느린데 모션 넣으셔서 더 느린 느낌 주는 UIUX까지 우리카드 외주업체가 옮겨간듯한 행보에요
455,변경된 시티 모바일 확실히 보기 좋고 편하네요 포인트도 바로 보이고 계좌뿐 아니라 대출 펀드 보험상품도 한눈에 보이니 좋아요
456,앱 바뀐 후 카드 사용에 있어서 나의 할인 혜택 카드 쓴 금액이 정확하지 않게 나오네요 카드 쓴 내역보다 적게 나옵니다 전에 쓰던 앱 좋았는데 돈이 남아도는 지시 간이 남아도는지 고객들 불편하게
457,이제껏 경험해 보지 못한 화면 및 속도에 만족합니다
458,한눈에 잘 보이고 나에게 필요한 추천상품이 있어서 좋은 거 같아요 쿠폰 한과 시티 포인트가 눈에 보이는 곳에 있어서 놓치지 않고 사용할 수가 있어서 이 부분도 좋은 거 같습니다 화면도 깨끗하게 정리가 되게 훨싸 사용하기 편해진 거 같습니다
459,복붙 답변 그만하시고 개선된 앱이 아니라 롤백이 필요한 거 아닌가요 카톡 메시지를 통해 선결제 링크로 들어가면 동작이 되는데 거기서 내 계좌 조회 눌러도 에러 뜬다고요
460,모바일앱 첫 화면에서 적립된 포인트와 마일리지가 눈에 띄게 바로 보이고 가입한 상품들이 모두 한꺼번에 보이니 너무 좋네요 카드 결제할 때 사용해야겠어요
461,카드 사용자가 편해진 것 같아요
462,한눈에 보이니 따로 메뉴 누를 번거로움 조차 거부하는 모바일입니다 만족합니다
463,새로운 기능이 많이 들어가서 좋아요 유저인터페이스가 훨씬 자연스럽고 세련된 것 같아요
464,메뉴도 단순 깔끔하고 큼지막해서 편리합니다 은행권 앱 중 최고인 것 같습니다
465,개선되고 나니 한눈에 잘 들어오게 디스플레이 된 거 같고 끊김 현상도 없어졌네요 만족합니다
466,간편 인증 다시 설정했는데 바이오 인증하고 나니 아래처럼 오류 페이지가 뜨네요 앱 껐다 켜도 마찬가지 빠른 시일 내에 오류 처리 바랍니다 ￼ 웹페이지를 사용할 수 없음 다음 이유로 fileandroid_assetwwwindexhtml의 웹페이지를 로드할 수 없습니다 netERR_FILE_NOT_FOUND
467,기존 핀 번호를 왜 없애는 거야 해외 유저는 생각도 안 하네  개구 데어 앱이네
468,새로 바뀐 모바일 앱 ᆢ처음엔 바탕 그림 너무 크고 메뉴 선택 및 카테고리가 눈에 안 들어왔는데 익숙해지니 메인 화면 앞에 서 한 번에 볼 수 있어 편리함ᆢ 하지만 거래내역 조회 시 전 금액 표시가 안 나오고 별도ᆢ아래ᆢ예전 거래내역 조회를 눌러야 볼 수 있어 조금 불편함ᆢ그것 빼고는 좋아요 ykhw1004  EL19778
469,개선된 시티 모바일앱 이전보다 화면구성이 편리해졌습니다 상품 찾기도 수월해졌고요 만족 만족 만족
470,외화 정기예금이 만기일도 확인이 안되고 해지도 안돼서 영업점에 가야 하는 불편함이 있었는데 해결돼서 너무 편하고 좋아요 이전 어플에 비하면 딱 필요한 정보가 한눈에 보기 쉽게 되어있어 메뉴 여기저기 찾아다닐 필요가 없어지고 편리해져서 정말 마음에 쏙 듭니다
471,심플하고 깔끔한 디자인이 복잡하지 않아 편리합니다 리뉴얼하여 더새련 되지고 고급스러워진 것 같습니다 한눈에 쿠폰 계좌 카드가 깔끔하게 보이네요 앞으로 계속 잘 이용할게요
472,전에 와 다르게 로그인하고 첫 화면에 포인트 등 편안하게 볼 수 있어 좋아요
473,한눈에 다 보여서 너무 편해요 인증도 간편하고 좋네요
474,업데이트 이후 간단한 등록 절차로 로그인 가능해서 편리합니다 신용카드 포인트 마일리지 쿠폰 한 등 혜택을 먼저 보여줘서 편리합니다
475,한눈에 금융거래 현황이 보여서 좋아요
476,22일부터 통신오류가 계속 뜨네요 언제까지 안되는 건가요 백그라운드 앱을 닫아도 통신오류 뜨네요
477,포인트가 젤 좋아
478,sms 인증이 안돼서 사용을 못 하고 있어요 아이디 비번 찾으려고 휴대폰 인증받으려고 하는데 인증번호가 안 옵니다 주말이라 혹시 안 되나 해서 시간대도 바꿔보고 삭제 후 재설치했는데도 안되고 모바일은 사용하지 말라는 건가요 그냥 돈 다 빼고 계좌 없앨까 합니다 
479,노트 9인데 간편 로그인만 하면 안드로이드 오류라면서 되지도 않네요 앱 삭제했다 다시 설치해도 똑같네요 답답해죽겠습니다 상담원도 지웠다 다시 해보라고만 하고 해결책 없네요
480,편해요
481,짜증 왕짜증
482,계속 알 수 없는 오류 뜨고 아무것도 안 됨
483,앱 업데이트 후 인증하려는데 인증번호가 안 옴
484,업데이트 후 접속이 더 잘 안되네요
485,업데이트된 이후로 통신 원활하지 않다며 접속이 안되네요
486,불편사항이 많이 개선되어 좋아요
487,제 폰은 s20 울트라입니다 1간편 비번이 안 되나요 2어풀 접속이 아예 안 돼요 통신오류라고만 뜨네요 3 다른 어플 잘 되고 있어서 통신 문제는 아닌 것 같아요
488,개발서버에서 테스트 후 배포해주세요 급하게 배포했습니까 에러코드도 전혀 안 맞음 무조건 알버트 뜨게 한거 같은데 처리 좀 요 통신 상태 원활  앱 삭제 후 깔라는데 자제 좀 사용자들 예민하게 하지 말고 테스트 후 배포 좀요 다른 앱에 비해 디자인 너무 별로 개선할 거면 ui 개선 좀
489,시티 모바일 정말 형편없네요 완전 스트레스 짜증 나요 19일 금요일에 고객센터와 통화 앱을 수십 번 다시 깔기 반복 똑같은 현상 통신 상태로 잠시 후 이용 확인 버튼 눌으면 앱은 닫히고 다시 삭제하고 깔면 한 번은 되고 다시 똑같은 현상이 계속 생기는데 금요일 오후쯤 고객썬터에서 전화를 걸어와서 상담원이 이제 괜찮을 거라고 다시 앱을 뿌렸으니 괜찮을 거라 했는데 토 일요일 현재까지 마찬가지여서 이체할 때마다 앱 깔개와 삭제를 반복하는 바람에 엄청 스트레스받고 있네요 아니 잘 되던 앱을 왜 업그레이드 하라고 해서 이런 불편을 주나요 내일 월요일에 고객 썬 터 전화하면 화풀이 좀 해야겠어요 
490,써본 은행 앱 중에 제일 최악의 쓰레기
491,통신 상태가 원활하지 않습니다 잠시 후 다시 이용하여 주시기 바랍니다 통신 위해 안드로이드 442 미만에서는 이용이 불가할 수 있습니다 오류 뜨네요 어프재설치해두 계속 오류 뜨입니다 노트 20 사용자입니다
492,업데이트 후 20일부터 통신 상태가 원활하지 않다는 오류가 계속 뜨면서 전혀 실행이 안되네요 간편결제도 되지 않고 너무 불편합니다 앱 삭제 후 다시 설치하면 그때 딱 한 번만 되고 종료 후 다시 들어가면 여전히 오류
493,업데이트 후 간편 로그인까지는 되는데 이후 웹페이지를 찾을 수 없다고 나옹 수십 번 앱 끄고 핸드폰 재부팅해도 같은 증상임
494,늘 사용하는 씨티카드 너무 좋아요
495,생각하고 만든 거죠 무슨 쿠폰이 내 계좌가 일 번으로 보여야 하는 거 아닌가 쿠폰 한 이에요 은행이에요
496,왜 자꾸 통신오류가 뜨나요 지웠다 깔기만 5번째입니다 더 불편해진 개편이군요 계속 안됩니다 깔리기만 하고 나갔다가 다시 들어가려면 통신 오류가 나와요
497,업데이트하더니 아이디로 로그인하니까 웹페이지를 사용할 수 없다고 뜸;;이게 뭔 일인가요 로그인도 안 되면 사용을 어떻게 하라는 건지
498,기존에 다운로드해서 잘 쓰고 있었는데요 업그레이드되면서 못쓰게 됐네요 참고로 제 폰은 노트 5입니다 좀 오래되긴 했지만 현재까지 잘 사용했는데 제 폰은 os7 에요 업데이트는 3월 20일에 받았는데 기존에 사용하던 사람으로서 좀 짜증이 나네요 os8부터 사용할 수 있다니 이 앱 사용하려면 폰을 사야 하나요 황당합니다 신 x이나 국 x 은행 거는 지금 잘 쓰고 있는데 시티만 사용을 하다가 못 하네요 계좌 없이 카드 사용하는 사람으로서 상당히 불편한 앱이네요 그냥 카드 해지합니다 시티 이제 안 쓰려고요
499,업데이트 후에 페이지가 아예 안 열리네요 잘 쓰고 있었는데 더 이상 못쓰겠네요
500,왜 자꾸 에러가 뜨나요 자꾸 에러가 뜨니 들어가지도 못해서 이체도 못하고 정말 짜증 나고 화나네요
501,한 번에 사용하고 있는 여러 가지를 볼 수 있다는 점이 좋은 거 같아요 쿠폰부터 포인트까지 놓칠 수 있는 부분도 한 번에 볼 수 있게 되어서 편리하네요
502,안드로이드 10 이상인데 왜 핀 로그인이 안 되는지 이해가 안 됨 이럴 거면 카드사 갈아타는 게 나을 듯
503,업데이트하고 나서 간편 비밀번호로 로그인까지는 되는데 바로 웹페이지 실행이 안된다고 뜨면서 이렇게 나와요 어플 삭제하고 다시 깔면 되다가 몇 분 뒤에 다시 또 안돼요 정말 불편하네요 다음 이유로 fileandroid_assetwwwindexhtml의 웹페이지를 로드할 수 없습니다 netERR_FILE_NOT_FOUND
504,로그인을 해야 되는데 휴대폰 인증부터 계속 에러가 나니 미치겠어요 왜 이렇게 불편하게 해놓은 건가요 로그인을 못하고 있어요
505,웹페이지 오류로 자꾸 안 들어가지네요
506,자꾸 오류 나요 아 불편하고 짜증 나요 리뉴얼이 아니고 더 후퇴한 듯 요
507,인터페이스도 허접한데 뭐가 이렇게 느립니까 서버 좀 늘이고 시티 돈 좀 쓰세요 그런데 아래 리뷰 보니 이게 리뉴얼 한 거였어요
508,아 왜 안되죠
509,업데이트 후에 접속이 안됩니다 지금 써야 하는데 조속히 해결해주세요 와이파이에서 안 써요 무선 환경입니다
510,갑자기 안된다 했던 이 이런 뭐 이렇게 해놨노 그동안 잘 사용했는데 미쳐버리겠다
511,Skt 하고 kt 알뜰폰 듀얼 심을 사용하고 있는데 어플 업데이트 후 사용할 수가 없네요 본인인증을 하려 해도 통신사를 skt도 안 되고 kt kt 알뜰폰도 안 되네요
512,바뀐 앱 첫 화면의 디자인이 이쁘네요 로그인 방식이 다양해서 좋고 로그인 후 계좌 전체가 조회돼서 편한 것 같아요 이번에 바뀌면서 쿠폰 보유 내역도 바로 볼 수 있어 좋아요
513,계속 통신 상태가 안 좋다고 나오고 그 전도 좋은 건 아니지만 더 불편하네요
514,앱 새로 깔아서 실행하면 되고 닫고 다시 하면 또 오류 안드로이드 442 이상에서 실행하라는데 제 핸드폰은 그거 이상이거든요 할 때마다 새로 깔고 할 수도 없고 답답하네요
515,업데이트 이후 통신장애 체크카드 결제 오류 반복돼요
516,다른 은행 어플도 좀 보고 만들던가
517,씨티카드만 사용하고 씨티은행은 사용 안 하는 사람은 아무것도 못하게 되었네요;;
518,꺼져 
519,업데이트가 되어야 뭘 하는데 계속 대기 중
520,안드로이드 11인데도 로그인하려고 하면 바로 꺼지는 현상이 계속되네요 사용을 그만할까 생각하게 만들어요
521,오늘 저녁 예고 없는 카드 결제 장애가 생겼네요 근데 시간 지나서도 긴급공지도 없고 
522,버전 수정후 엉망이 되어 사용 못 하겠다
523,카드 사용에 대한 서비스가 한눈에 보여 편리하고 포인트나 쿠폰을 확인할 수 있어 좋아요 큰 테두리 변경은 없으나 처음 들어갈 때 로고나 화면이 매우 세련됐네요 디테일한 부분을 신경 써 주신듯하네요 잘 사용하겠습니다
524,멍청한 개발자들아 왜 잘 쓰고 있던 앱을 개판으로 만들어놓냐 1점도 주기 아깝다 생각이라는 걸 좀 하자 본인이 직접 사용도 많이 하고 업데이트를 반영해야지 이건 뭐 로딩 시간은 더 길어지게 만들고 쓸데없는 모션 애니메이션 같은 걸 넣으니까 가뜩이나 느려터진 앱이 더 느려졌다 돌대가리가 만든 앱
525,업데이트 후 결제 알림도 안 오고 스마트 결제도 계속 오류 나서 안되네요 다시 설치했는데도 동일한 문제가 발생합니다 저만 이런 건지 이해가 안 되네요
526,통신사 인증 시 인증번호 6자리가 안 날라오고 한참 있다가 본인인증이 발생했다고 날라옴 어쩌라는 것인지 이전 버전으로 돌러놔주세요
527,하 진짜 못 써먹겠다 이놈의 시티
528,지금 막 업데이트했는데 통신오류라니요 이거 왜 이런 거예요 돈 이체해야 되는데 어쩌라는 건가요 지금
529,아니 왜 업데이트를 해놔가지고 급해죽겠는데 안되냐고 아오 진짜 다시 열리면 돈 다 뺄 예정 다신 안 써 아 진짜 왕짜증
530,메뉴 사용이 훨씬 쉬워지고 가독성이 좋네요
531,간편결제 어떻게 해요
532,새로운 시티 모바일을 설치하여 사용한 결과 한눈에 모든 계좌와 보유 카드가 보여서 보기 편리하네요 보유 카드별 즉시 결제 선택할 수 있는 기능 혜택 존에 나에게 필요한 혜택이 보이는 부분 개선이 좋은 것 같아요 다만 상세화면이나 일부 메뉴 화면은 좀 다른 플랫폼과 같은 이질 감이 있네요 전체적으로 디자인도 좋아졌고 사용하기도 편리해진 것 같아요
533,하 휴대폰 본인인증하려고 하는데 인증번호 보내주는 거 맞아 간편하게 등록 좀 하려고 이러는 건데 이거 지금 몇 번을 하는 중인데 하도 안 와서 어플 지웠다가 다시 하는데도 인증번호는커녕 뭐 오는 게 없는데 뭐 하자는 건지 모르겠네
534,바이오 인증 등록이 매우 간편하고 등록 후 이용 시에 편리함
535,한 번에 깔끔하게 보기 좋아요
536,첫 화면의 계좌 정보 숨김 기능 있으면 좋겠어요 너무 바로 보여서 좀 그렇네요
537,업데이트 전에는 편했는데 업데이트 이후에는 웹 페이지를 사용할 수 없다고 나오네요
538,통신 상태가 원활하지 않다며 계속 접속이 안되고 안드로이드 442미만에서는 안된다다고 업데이트하라는데 어떻게 하라는 건지요
539,한눈에 보여 좋아요
540,한 페이지에 일목요연하게 모든 정보를 볼 수 있어서 아주 좋네요 상단에 쿠폰 포인트 적립 현황까지 볼 수 있으니 자주 들어갈 것 같네요
541,업데이트 후 로그인하면 웹페이지를 사용할 수 없음이라고 떠여
542,오류 떠서 삭제하고 재설치
543,앱 진짜 거지같이 만들었네 카드 신청하려고 본인인증하는데 휴대폰 인증도 안되고 인증서 인증도 안되고 뭘 어쩌라는 거야 아 욕 나오네
544,책임자 누굽니까 일부러 직장에서도 타행이 우대받아도 12년 전 좋은 기억으로 여태까지 주거래 은행으로 사용하며 지냈는데 사전 공지 없이 묻지 마 업데이트 진행하고 무슨 생각으로 공인인증서 접근까지 어렵게 만들어 놓으셨나요 어디 유튜브 같은 곳에 공개 채널 있으시면 자세한 연유를 좀 밝혀주세요 이런 거 터질 때마다 콜센터에 항의해야겠습니까
545,로그인해도 아무것도 보이지 않아요
546,바뀐 앱 로그인도 힘드네요 시티 계좌가 없는데 무슨 계좌를 계속 누르라는 건지 아 진짜
547,신용카드 내 카드 보유 카드 조회 들어가면 아무것도 안 뜨는데 오류인가요 업데이트하고 나서부터 이러네요
548,드디어 완전히 바뀌었네요 오랜 세월 답답했습니다
549,너무너무 좋아요
550,이번 업데이트로 모든 게 완벽해진 시티 모바일 앱이 된 것 같습니다 직관적이고 사용하기 편리해졌네요
551,사용 편리성이 많이 좋아졌네요
552,좋습니다
553,모든 거래가 한눈에 보여서 좋아요
554,새로운 버전 좋아진 점은 모든 거래가 한눈에 확 보인다는 점 굵은 볼드체 표기로 내용이 한눈에 들어오고 연결되는 서브 메뉴의 이용이 편리하게 구성된 점임 여러 메뉴 테스트에도 문제없이 잘 구동되고 있음 잘 사용할게요
555,사용하기 편리하네요
556,카드 정보가 없어 진건 저만 그런가요
557,간편 비밀번호 인증으로 로그인해서 사용했었는데 업데이트 이후 안드로이드 8로 업데이트 이후 사용하라면서 로그인이 안 됩니다 이미 업데이트돼있는데 안되네요
558,신용카드 내 카드 정보에서 보유 중인 나의 모든 카드번호가 보이도록 해 주었으면 좋겠네요
559,그동안 지문 핀 로그인 잘 됐는데 안드로이드 8이 아니라 그런가 사용이 안 되네요 그래서 아이디 비번 새로 만들려고 하는데 비번 입력하는 데서 계속 오류 앱이 그냥 꺼져버리네요 뭐 어쩌라는 건가요 아무것도 할 수가 없는데  카드 바꾸러 갑니다
560,업데이트하고 들어가 봤는데 보기가 정말 편하게 변했네요 사용하는 모바일 중 쉽고 간편하게 돼있어 자주 이용할 듯요
561,첫 화면이 예전보다 일목요연하게 보기 편합니다 앞으로 많은 이벤트 기대합니다
562,이번 업데이트는 정말 훌륭합니다 군더더기 없이 보기 편할 뿐만 아니라 빠르고 간편하네요
563,갤럭시노트를 계속 업그레이드하면서 SK텔레콤이랑 같이 쓰고 있는데 지난 몇 년 동안 아무런 문제없이 잘 쓰고 있음
564,잘 쓰고 있던 앱은 왜 리뉴얼을 해서 이렇게 불편하게 합니까 원래 앱도 다른 은행에 비해 썩 좋았다는 것은 아니지만 기본 적인 게 안됩니다 예고는 물론 있었지만 스크린숏 없어진 거 너무나 불편하고요 저는 개인 계좌 거의 안 쓰고 사업자 계좌 위주로 쓰는데 왜 사업자 계좌는 지문 간편 번호로 그인 기능 없는지 궁금합니다 꼭 만들어주시기 바랍니다 미치겠습니다 타은행은 로그인을 한 번만 빡세게 인증하고 점차 안 하고 들어가는 판국에 왜 이러는지 모르겠습니다 정말
565,혹시 qa를 진행하고 앱 업데이트를 하셨나요 바이오 긴 편 비밀번호는 계좌가 있어야만 등록이 가능하고 보안카드는 카드만 사용하는 사용자는 있지도 않으니 등록이 불가하고요 계좌 인증은 씨티은행 계좌로만 가능한가요 씨티은행 계좌 가진 사람이 얼마나 있을까요 그래서 공인인증서로 로그인했더니 오류 화면이 뜹니다 이래서 믿고 씨티은행 카드와 거래하겠습니까
566,업데이트하고 처음 들어가 보니 제가 주로 사용하는 카드와 주로 사용하는 계좌 정보 그리고 평소 챙기지 않으면 잊게 되는 쿠폰 포인트까지 한화면에 똿 좋네요 제게 관심 가질만한 금융 정보가 아래쪽에 보이는 것도 좋고요 잘 써보겠습니다
567,이전 디자인 별 1개 현재 디자인 별 5개 디자인은 사용자를 즐겁게 만드는 중요한 요소인 것 같아요
568,거래현황을 쉽게 알 수 있게 변경되었네요 모바일 거래의 선두주자처럼 은행과 카드 거래를 한눈에 보기 쉬워요 너무 좋아요
569,모바일 앱의 새로운 업그레이드 환영합니다
570,화면이 간략하고 인증이 손쉬워서 이체가 용이합니다 내역을 보기에 편리했습니다
571,좋아요
572,참 편리하고 한눈에 확 들어와요
573,속도가 엄청나게 빨라졌네요
574,빠르고 이뻐졌어요
575,이거 바뀐 게 훨씬 보기 편하고 속도도 빠른 것 같네요
576,아주 좋네요
577,한눈에 모든 상품을 일목요연하게 볼 수 있는 직관성이 높아져서 좋았음 단 투자 상품의 투자원금이 표기되어 있지 않아 조금 불편함
578,디자인이 세련되어졌네요 신기술도 적용되고요 고생했네요 아직 예전 디자인인 건 곳 개선되겠죠
579,메뉴가 한눈에 보이고 속도가 엄청 빨라졌어요
580,업데이트 후 빨라졌고 편리해짐
581,공인인증서 다운로드 관련 문의 답을 주셨는데 제가 해외에 있어서 전화문의를 할 수 없는 상황입니다 이메일로 회신 부탁드립니다
582,최악
583,메뉴들이 어디 있는지 찾기 불편하고 필수적인 메뉴들이 전혀 없어 불친절한 앱입니다 이건 마치 90년대 컴퓨터 인터넷 초기 버전 느낌이 드는 건 저만의 생각일까요 너무 무성의하고 촌스럽고 불편한 앱입니다 한국에도 서비스하려면 한국에 맞게 세련되고 편리하고 알차게 구성한 앱으로 다시 만드시길 유럽이나 미국의 전형적인 불편하고 불친절한 앱이네요
584,편리해요
585,씨티카드 사용자인데 메뉴 찾기가 힘들어요 리볼빙 서비스 해지 신청하려는데 어디서 해야 할지 못 찾겠습니다 여러 키워드로 검색해봐도 없다고 뜨네요 카드 해지 신청하는 곳에서 하면 카드가 해지될 거 같은데 어렵네요 그리고 선 결제할 때 펌뱅킹 등록은 왜 하는 건가요 오류라고 종종 떠서 여러 번 시도하게 돼요 씨티카드 혜택이 좋아서 잘 쓰는데 앱 사용이 불편해요
586,앱 진짜 이따위로밖에 못 만드나
587,로그인하면 비번 틀리다고 해서 재설정하고 들어가도 또 비번 틀리다고 하네요 기본적인 게 안 돼있어서 카드 신청한 것부터 후회됨
588,통신 상태가 원활하지 않다고 계속 나오네요 아무리 점검 중이라고 생각해도 점검 안내 팝업도 아니고 심지어 금융사 앱이 사전 공지 없이 점검을 이렇게 건다는 것도 말도 안 됨 원래부터 사용성 쓰레기 인건 알았지만 접속부터 쓰레기가 되는 건 너무하네
589,정말 편해요
590,렉 편의성 둘 다 안타깝다
591,앱 실행하면 원격 어플이 감지되었다는 문구가 뜹니다 어떤 앱이 깔려 있으면 이런 문구가 나오는지 알려주세요 원격 앱은 없는데 계속 뜨네요 답변 부탁드립니다
592,며칠째 안되는데 왜 그런가요 조치 좀 해주세요
593,핀 로그인 언제 돼요 저는 카드밖에 없어서 핀 로그인밖에 못하는데요
594,사용자가 편리한 기능이 많아서 주로 이용합니다 감사요
595,이체 수수료가 없어서 좋아요 단순한 정보제공으로 사용하기가 쉬워서 편해요
596,인증서 비밀번호에 특수문자가 들어가서 오류가 난다니 뭐 이딴 앱이 있어 폰 인증도 안되고 엉망임
597,이거 사용하라고 만든 건가요 관상용으로 만든 거 같아요 노 답입니다
598,이러니 망할 수밖에
599,야 그냥 내가 개발자 할게 너네 다 퇴직해라 어플 수준이 왜 이래 왜 공동 인증서 비번 입력하고 휴대폰 인증해도 다음 단계로 안 넘어가
600,진짜 이렇게 최악인 앱은 처음이네요 노력하겠다는 댓글만 달지 말고 제발 실질적인 개선 좀 해주세요
601,메일보다 카톡 인사 문자로 보내주세요 부탁
602,프로구램 사용하기 왜 이렇게 복잡하고 지저분하게 만들었는지 참
603,조선금융앱 따위에 기대한 게 바보지 어휴 옜다 삭제
604,오늘 오전 내내 바이오 사용 여부 확인하람서 이체가 안되고 계속하던 건 더 결국 앱을 다시 설치 미치는 줄
605,너무 느립니다 해외서 사용할 때도 이렇게 느리지 않았는데 지금 한국에서 시도를 하는데도 벌써 몇 번째 시도 인지 창조 차 열리지가 않네요 개선 좀 해주세요 제발
606,신용카드 승인내역 기간별로 조회할 때 합계금액이 나오게 해주셔요 실적을 맞추려 거근 필요한 기능인데 다른 카드사는 합계금액이 다 너와 요 7개월 전에 쓰고 다시 수정하는데 달라진 게 없어요 너무하군요
607,최악의 금융 앱 모든 게 불편하기 이를 데 없어서 무엇부터 지적해야 할지 도저히 모르겠다
608,이거 씨티은행 계좌 없는 사람은 어떻게 로그인해야 하나요 카드만 쓰고 있는데 핀 로그인만 해왔는데 로그인하려 하면 은행 계좌 쓰라는데요
609,최근 들어 로그인하려면 너무 느리고 웹페이지를 사용할 수 없다고 하고 급히 송금해야 할 때 낭패를 본적 두세 번 있음 최악임
610,금융 어플 중 최악 18일 대대적 업데이트한다고 하는데 아직도 그대로 정말 최악입니다
611,개선 좀 해라
612,공인인증서 로그인이 한 번에 되는 적이 거의 없음
613,로그인이 왜 안됩니까
614,며칠 전에도 안되고 어제에 이어 또 안되네요 진짜 너무 심한 거 아니에요 자꾸 통신오류라고만 하지 마시고 정작 사용을 못 하고 있잖아요 어쩌다 한 번은 그렇다 치고 넘어가지만 이게 도대체 몇 번째인가요
615,너무너무너무 느리고 로그인 안 될 때도 너무 많고 선결제가 승인 뜨는 날짜도 너무 느려요 우리나라에 좋은 개발자분들 많은데 어플이 왜 2000년대에 멈춰있는 건지
616,혹 씨티은행 돈 아끼려고 앱 개발을 고등학교 동아리에 의뢰한 건가 살다 살다 이런 앱은 정말 처음이다 돈 좀 쓰세요 잠시 일시적이라고요 어이가 없네
617,예금 조회 한 번 하려고 했는데 계속 쿠폰 함 페이지에서 넘어가질 않고 5분 동안 별짓 다 해보다가 포기하고 자렵니다 어플 정말 너무너무 별로네요
618,먼 통신 상태가 매일 원활하지 않은지 참 며칠째 계속 이럼
619,아주 유용하게 잘 사용했었는데 얼마 전부터 아래 리뷰들처럼 로그인이 안 되며 계속 반복되는 현상이 있습니다 이런 현상이 나타나기 전에 안드로이드 사양에 관한 안내문이 있었는데 단말기를 바꿔야 하는 건지 앱에 맞는 사양을 설치할 수 있는 것인지 알고 싶습니다 수고하세요
620,이자 납부하려는데 너무 복잡합니다 연체 안 시키려고 타은행 계좌로 입금시키려고 해도 씨티은행 통장을 만들어야 하는지 나와 있지 않고 출금 통장 만들었더니 선택이 불가하고 아 계좌잔고 확인 안 한 내 잘못도 있지만 너무 복잡하고 타은행에 비해 단순해서 좋은데 너무 설명이 안 되어 있는 거 같습니다 이점 개선 좀 해주세요
621,급하게 이체해야 하는데 사용자의 인터넷이 느려서 접속이 안된다는 개 풀 뜯어 먹는 문구가 나옵니다 모바일웹 하래서 웹으로 들어가서 인증서 가져오고 지정 단말기 지정하래서 하고 다시 들어갔더니 단말 지정이 안되어 단말기 지정을 해야 한다는 화나는 문구가 뜹니다  앱 안돼서 웹 하래서 웹 들어가서도 단말 지정 때문에 문제 있다고 분명 썼는데 답변에 바쁘면 웹 쓰라고 허접 본 붙을 해놨네
622,로그인이 계속 안돼요
623,앱 좀 고쳐봐요 되긴 뭘 되고 일시적오류에요 계속 무한 로딩 중인데
624,내가 citigold private client인데 조만간 만기되는 적금 끝나면 다른 은행으로 모두 옮길 거임  로그인조차 제대로 안되고 느려터진 이 어플 때문에
625,공지로 사과문을 쓰던지 점검이라도 해서 업데이트를 하든지 이건 뭐 로그인도 안 되고 이체 업무도 못 보고 다시 깔아도 안되고 머 하자는 건지 심해도 너무 심하네요 이참에 계좌를 없애버리든가 해야지 아침부터 하루 종일 안 되네 급하구먼
626,너무 심각하게 후지다 질 떨어짐 몇 번이나 로그인을 해도 반응이 없어서 앱 제거 후 다시 실행해봐도 로그인 화면에서 멈춤 반응이 없음 너무 심각한 거 아닙니까
627,이런 개그 튼 어플 접속도 안되고 국내 서비스하는 모든 시중은행 어플 중 최악 20년 넘게 주거래은행인데 바꿔야겠다 어휴
628,왜 이렇게 로그인이 안 되나요
629,오늘 계속 접속이 안되네요 최근 리뷰가 전부 어플 불편에 대한 내용인데 어플 개선 좀 해주세요
630,왜 로그인이 안 되는 거죠 계속 로딩 중으로 만 뜨고
631,못쓸 어플
632,사용승인내역에서 날짜를 지정하고 검색했을 때 총 사용금액이 좀 보이면 좋겠어요
633,지금 시티 모바일 접속이 안되네요 이거 왜 이런가요 업무 봐야 하는데 빠른 복구 부탁드립니다 평을 보니 이건 좀 심하네요
634,아니 무슨 인터넷 문제도 없는데 통신오류는 뭔가요 불편하네요
635,아니 왜 실행을 못함
636,타은행 어플에 비해 너무 느려요
637,앱 왜 안 되나요
638,스마트 간편결제가 갑자기 안되네요 앱 실행 결제 인증을 누르면 왜 자꾸 앱이 자동으로 연결되지 않고 스토어로 넘어오는지 링크가 잘못된 것 같아요 앱에 들어가도 결제는 할 수 있는 방법이 없고 결제가 안되는 상황
639,업데이트 이후 무한 로딩 로그인 불가 앱 오류 보완 재배포 기다리고 있으나 그 뒤로 업데이트 없음
640,왜 접속이 계속 안될까요 로딩 중 언제까지 로딩만 되더라도 비번치고 로그인했는데 다시 로그인 창이 뜨고 뭐지 너무 사용이 불편합니다
641,느리고 거지 같아도 참고 썼는데 이제는 접속도 안되네 이런 거는 미리 공지를 해줘야 하는 거 아닙니까 급하면 인터넷 접속해서 하라는 말만 계속하지 말고 앱 좀 고쳐보세요 사람이 아니라 AI가 댓글 다는 겁니까 앱이고 나발이고 그냥 주소창에 쳐서 들어가는 게 낫겠네요 우리은행보다 더 최악은 처음
642,제발 좀 로그인 반응속도 좀 지금도 로그인이 안 된다 알아아
643,업데이트하고 나서 진짜 잘 안 들어가짐 이 정도면 문제 있는 거 아님
644,어플이 왜 안 들어가 지나요
645,아니 왜 로그인이 안 돼요 진짜
646,와 서버 관리 좀 하세요 진짜 답답해 뒤질 거 같아요 좀 심하네
647,무한 로그인 실패 여기 댓글 달아주는 분은 직원이신 건지 로봇 AI 인건비 같은 댓글 복사 붙여넣기 신공 뭐가 문제이고 어떤 점 복구 중이고 이런 것은 홈페이지에 공지도 없고 사용자만 호구
648,안 좋은 평가 잘 안 남기는데 은행 어플 중 가장 최악이에요 원래 느리긴 했지만 오늘 로그인만 30분 넘게 시도 중인데 자꾸 멈추네요 삭제했다가 다시 설치해봐도 안돼요 최근 안 좋은 평가가 계속 달리는데도 개선이 안되네요 어플 때문에 씨티카드 쓰기 싫어져요
649,최악의 쓰레기 같은 앱 은행 어플인데 로그인도 안 되고 튕기고 뭐 이딴 식으로 만드는지 고객들이 피드백을 줘도 안되면 인터넷뱅킹해봐라는 소릴 해돼질 않나 씨티은행이랑 거래 끊고 싶게 하는 어플입니다
650,수시로 로그인이 안 되고 오늘은 앱 실행 자체가 안되네요
651,뭔 로그인도 안 되냐 어플을 만들지 말던지 전화상담하면 뭐든 어플로 하라고 안내하더니 로그인도 안 된다 어플 개발자는 신한이나 현대카드 어플 사용한 번 해보든지 별 하나도 아깝네
652,아니 어플 쓰지 말라는 거예요 아예 안 들어가지네  점점 느려지더니 아예 안 들어가지네요 진자 멋 같네
653,로그인이 안 되는 게 하루 이틀도 아니고 급하게 이체도 못하고 어찌 사용하라는 거예요 지금도 로그인 안 돼서 삭제하고 재 설치했는데 안 되네요
654,별 한 개도 아깝네 저렇게 평점 안 좋으면 개선 좀 하시지 그러려니 하고 쓸려 해도 적당히 그래야지 맨날 오류에 접속도 잘 안되고 저렇게 평점 안 좋은데도 계속 안 하는 거 보면 개선할 맘이 없단 건가 답답하네요 진짜
655,갑자기 접속 안됨 시티 모바일 만 이러는데 문제 있는 거 아닌가요
656,1점도 짜증 남 진짜 무한 로딩 무한 로그인 안 고치시나요
657,아니 이렇게까지 말도 안 되게 느린 은행 앱이 있다는 것 자체가 충격적입니다 로그인하는데 수없는 실패 로그인을 해도 뭐하나 누를 때마다 모래시계가 3분씩 뜹니다 장난하나요 언제 복구되나요
658,로그인 안 됨 무한 부팅
659,펌뱅킹 등록은 왜 자꾸 오류 납니까 좀 뭐 합니까
660,실행이 안돼서 전화해보니 업데이트 중이라 기다리라고 함 온라인화하겠다고 지점까지 다 없애놓고 앱이 안되면 업무를 볼 방법이 없음
661,아니 갑자기 공동 인증 오류 나고 강제 종료 문구 떠서 다시 깔고 했는데도 인증 후 다시 또 또 또 인증하고 겨우 인증되니 이체 중 다시 인증하라 하고 이거 어쩝니까 완전 불편 불안함
662,갑자기 왜 이래요 이체해야 되는데 로딩은 엄청 길고 로그인도 안 되고 어쩌라는 거예요 급한데 체크카드는 되긴 하는 건가
663,최악 업데이트 이전에도 유아이 구렸는데 업데이트 이후에는 이제 로그인도 안 됨 인증서도 안 먹히고 아이디 비번도 안 먹히고 삭제하고 다시 깔아서 카드번호 넣는데도 오류뜸  제 카드 번호인데요 아 안 그래도 바쁜 세상 열통 터져서 리뷰 씁니다
664,지문 로그인도 안 되고 공동 인증서 로그인도 안 되고 어쩌라는 건지 화병 날 지경이에요
665,어플 땜에 은행 갈아탑니다 돈 보내야 하는데 로그인이 안 되니 더 이상 사용할 수 없네요 진짜 조선시대인 줄 요
666,계속 로그인이 안 된다 예보 삭제 후 다시 하니 이번엔 비밀번호는 최소 0자리 이상이어야 한다고 한다 진짜 씨티은행 너무한 거 아니냐 지금 급히 이체해야 되는데 너희들은 정말 왜 이러냐 수정 지금 빨리해라
667,너무 안돼요
668,2012년인가요 그때 처음 스마트폰을 사용했는데 그때 느낌이네요 완전 허접 그 자체입니다 하다 하다 리뷰 남기러 왔네요 로그인 참여는 데만 30분 서서하다 다리 아파서 앉아서 하는 중입니다 너무 앱에 신경을 안 쓰시는 거 같은데 씨티은행 지점이 많이 있는 것도 아니고 그럼 어플이라도 잘 되어있어야 하는 거 아닌가요 진짜 너무 하네요 발전 가능성도 없고 노력도 없고 몇 년째 쓰지만 이제는 다른 은행으로 가는 게 저의 심신 안정에 좋을 듯요 계속 업데이트 안내문 뜨는데 뭐 얼마나 좋아질지 모르겠지만 그때쯤이면 저는 다른 은행을 쓰고 있어서 새로워진 시티 모바일은 못 보겠네요 아쉬워라
669,오늘따라 연결도 안 되고 들어가 봤자 튕기고 관리를 이제 안 하는 것 같네요
670,은행 전화 상담 업무를 어플로 유도하는 건 좋음 다만 로그인조차 잘 안되는 건 진짜  전화로 하면 3분 안에 되는 거도 로그인 때문에 시간 더 걸림 로그인하고 메뉴 누르니까 또 로그인 하라하고 알 수 없는 오류 뜨고 시간 낭비임
671,뭐가 이렇게 안 열리나 느리고 인터페이스 허접 글로벌 은행 수준이 참 속 터져요
672,지금 시티 앱 접속이 영 이상한데 전산문제 맞나요 지점 축소 등은 다 이해되지만 그러면 전산처리에 더 투자하셔야 하는 게 아닌가 싶네요 허허;
673,진짜 최악의 뱅크 어플
674,어플이 갑자기 안 켜져  30초 넘게 안 켜지길래 폰 껐다 키고 별 짓 다 해봤는데 1분 넘게 기다리니 켜지긴 함 근데 그 후에 로그인이 불가  멈춰버림 아예;;; 참고로 폰 기종 갤 10임
675,아 뭡니까 왜 또 안됩니까
676,진짜 신경질 나 죽겠네 어플이 동네 지역 은행보다 못할 거면 통장 만들 때 돈은 왜 쳐 받아먹는 거야 며칠째야 진짜
677,진짜 느리고 답답한 앱이네요 제발 리뉴얼 좀 해주세요 앱 때문에 카드 바꾸고 싶네요
678,상품 가입 시 본인인증 계속 무한 반복 그리고 제발 메뉴 뒤로 가기 개선 좀 해주세요 메뉴 이동 버튼도 없고 폰으로 뒤로 가기 누르면 로그아웃하겠냐고 뜨니 원활히 이거저거 조회해보기 힘드네요
679,2020년 2월 9일 12시 또 로그인 먹통 역시 시티 솔직히 이런 말 안 하고 싶은데 은행 어플 중 제일 구림 ui도 그렇고 반응속도 뭐 누르기만 하면 전부 로딩 걸리고 하다못해 저축은행들 앱보다 구림
680,타 은행 앱 좀 써보시고 문제점 하나씩 고쳐주세요 매년 개선되는 점이 보이질 않네요 로그인은 지문 공동 인증서 핀번호 전부다 여러 번 시도해봐도 오류 나고 업데이트를 안 했나 봤더니 그런 것도 아니고 입출금 알림은 알림 설정 확인해봐도 안 오고 uiux 개판에다 뭐하나 타앱에 비해 좋은 게 없네요 앱 유지 보수 투자를 못 받으시는 건가 그리고 광고성 수신 동의 한번 거절했으면 메인화면에 그만 좀 뜨게 하세요 안 하겠다는데 들어갈 때마다 동의하라는 금융앱은 매우 불편합니다 신한 우리 국민 앱 좀 들어가서 배우세요
681,UI 전문가는 아니지만 진짜 사용성 나쁨 일단 화면 뚝뚝 끊기는 건 기본이고 로딩 중인 건지 아닌지 뭐 반응이 없음 카드 배송 현황 보려고 공인인증서 인증 시도하는데 공인인증서 비번 정확하게 치고 조회 눌렀는데 반응 없음 핸드폰 인증 시도했는데 인증되었습니다라는 팝업 뜬 다음에 조회 눌러도 아무런 동작 안 함 조회 버튼 색이 진하게 바뀌는데 설마 이게 로딩 중이라는 뜻 웃기지도 않음 회사에서 어플에 투자를 하는 걸 아까워했을 거고 15년 전 어플처럼 구린 게 만들어졌지만 결정권자들이 제대로 작동되는지 검증하지 않은 결과 있어도 안 쓰게 되는 어플이 만들어진 것 같습니다 요즘처럼 지점에 가지 않고 어플로 모든 은행 업무를 보는 시대에 너무너무 큰 단점이 될 구린 어플입니다 심지어 씨티은행 지점이 많은 것도 아니잖아요 무슨 배짱인지 모르겠습니다 이 글을 쓰는 동안 5분은 지났는데 어플은 아직 먹통이네요
682,재설치해도 로그인이 안 돼요 급한데 어제부터 계속 안되네
683,쓰레기 같은 앱 안 그래도 쓰레기 같은데 먼 업데이트야 로그인도 안 되고 무슨 설명 알림도 안 뜨고 너희들 같으면 업데이트 확인하고 있겠냐
684,폰으로 결제하려고 했더니 쿠키를 어쩌고 하라며 뜨더라고요 폰 쓰면서 쿠키 얘긴 또 첨 들어봤네요 다른 카드사 어플이랑 편의성 차이가 너무 심합니다
685,평소엔 잘 됐는데 알뜰폰으로 바꿨더니 안되네요 재 설치해도 결제 시 undefined라고 나오면서 안되는데 왜 그런가요
686,아니 이거 뭐 어쩌란 거예요 하루 종일 로그인도 안 되고 계속 로딩 중 뜨고 한참을 기다려도 로딩 중이고 겨우 로그인 창 들어가면 로그인도 안 되고 핀번호로 들어가려 하면 2월 18일부터 된다 하고 공동 인증서로 들어가면 강제 종료했다가 다시 하라 그러질 않나 어쩌다 들어가면 서명이 안 돼있다고 다시 시도하라고 하질 않나 앱 지우고 새로 설치하고 진행해도 또 그러길 무한 반복 장난해요 업무 땜에 급하게 써야 되는데 시간적 업무적 손해 책임 지실 겁니까 내 돈 내가 맘대로 쓰질 못하게 하네 너무하신 거 아닌가요 저만 그런 게 아니라 죄다 그런 거 같은데 빨리 복구를 하던지 앱 관리자들을 갈아치우던가 하셔야죠
687,왜 이러죠 파란색 첫 화면에서 안 넘어갑니다 지우고 재설치해도 마찬가지네요
688,앱 접속이 계속 안됩니다 조치 부탁드려요
689,앱 접속이 오늘 갑자기 안됩니다 무한 로딩이에요
690,지금 모바일 앱 안되는 건가요
691,파란 화면에서 계속 안 넘어가네요 지웠다 다시 설치해도 똑같고 그냥 은행을 바꾸는 게 속 편할 듯
692,지금 몇 시간째 접속이 안되고 있어요 재설치를 했는데도 
693,이번에 갤럭시 S21 Ultra 모델로 바꿨는데 시티 모바일 만 작동을 안 하네요;; 앱에 로딩 문제가 심각하다고 생각합니다 이번 거래만 끝나면 씨티은행은 절대로 사용 안 할 겁니다
694,첫 화면에서 잘 안 넘어감 갑자기
695,아니 왜 안되냐 진짜 돈 보내야 되는데 개짜증 나네 진짜
696,먹통인 때가 너무 빈번함 아주 불편함
697,계속 로딩만 되다가 간신히 실행되면 또 로그인이 안 되고 도대체 어떻게 사용하라는 건지 모르겠네요
698,며칠 전부터 앱 로딩 왜 이렇죠 세월아 네월아 게다가 어렵게 로딩 끝나면 로그인도 안 되고 멈추고 별 반 개도 아까운 평점 맨날 노력 한단 소리만 하고 좋아지는 거 하나 없고 오히려 더 안 좋아지고 최악 재설치 해도 세월아 네월아 쓰 xx 급 어플
699,정말 최악의 어플 로그인 오래 걸리고 그냥 꺼져버리는 경우 허다하고 지금도 로그인 계속 안되고 결국 재 설치 중 어플 때문에 씨티은행 계좌 없애버리고 싶을 정도 아무래도 신한으로 바꿔야 할 듯
700,로그인 오류 앱 실행 속도 느림 타 은행 어플에 비해 너무 불편해요 오늘도 공동 인증서 로그인이 한참을 기다려도 안되네요
701,2021년이라고는 믿기지 않는 수준의 허접함 동네 신용금고 어플도 이것보다는 잘 만들 것 같다 로딩도 느려 록인 시도하면 10번 중에 7번은 실패해 화면구성은 어플인지 공식 홈페이지인지 정리해서 보여주지도 않고 대단하다 정말 여러 금융앱 써봤지만 외주라면 돈 다 회수하고 다른 업체 찾고 내부 개발이라면 인력 싹 다 갈아엎어야 할 듯
702,다른 카드사 어플 참고 좀 하세요 인터페이스가 2010년대에 머물러있는 듯
703,카드 사용 및 내역 조회가 타사 카드 앱에 비해 불편합니다
704,통신사 틀리다고 되지를 않네 맞게 해도 넘어가지 않아
705,굿
706,카드 사용자는 쓰기 너무 불편하네요 내역 조회하면 계산기로 일일이 더해서 보라는 건지 참
707,카드 사용금액 조회가 너무 불편하고 실제 청구내역과 차이가 있어 실적 미달된 게 한두 번이 아니네요 다른 카드사 어플과는 비교불가한 수준의 허접함입니다
708,정말 짜증 가득임 거래 때문에 급하게 써야 하는데 오늘 아침에 갑자기 로그인이 안 됨 비번치는 창이 두 번 뜨고 파란 화면에 고정되어서 진행이 안됨 평소에도 지문이나 핀도 잘 지원 안되고 해도 참고 썼는데 이게 뭐 하자는 거임
709,아이디 등록이 안돼요
710,뭐 제대로 되는 게 별로 없네
711,지문등록을 다시 하래서 다시 했는데 등록 직후는 제대로 되다가 또다시 하라고 그러고 화나서 지움
712,새해 들어서 결제하려는데 창이 안 넘어가서 사용을 못 하네요 백신 구동까지 되는데 왜 갑자기 안 되는지
713,교환기 프로토콜 오류는 왜 맨날 뜨고 인증 번호는 왜 안 보내주는지 등록을 해야 쓸 거 아닌가요
714,업데이트하고 앱 로그인도 잘 안되고 버벅임
715,휴대폰을 바꾸어서 앱을 다시 깔았는데 인증번호가 오질 않네요 왜 그럴까요
716,갑자기 통신 상태가 불안하다고 앱에 연결이 안 됩니다
717,뭐 사용도 쉽지도 않고 제대로 동작도 안 함 오죽하면 매번 같은 건 적어놓고 해도 같은 결과가 나오는 경우가 적은 거지 같은 프로그램
718,하루 종일 돌기만 하고 앱 구동은 안되고 쇼핑몰에서 결제가 너무 안되네요 이런 것도 돈 주고 개발했겠죠
719,지금껏 잘 사용하다가 근 한 달은 알림도 안 오고 앱 자체도 처음 들어갈 때 화면에서 뱅글뱅글 도는 거만 보이고 들어가지지 않네요 지우고 다시 깔아도 마찬가지네요
720,대출하라는 문자만 자꾸 보내지 말고 앱이나 좀 제대로 만들길 바란다 다른 금융기관 앱을 모니터도 안 하나 제일 불편해
721,매우 좋아요
722,씨티은행이 더 발전되길 바랍니다 
723,별 한 개도 아까움 로그인이 안 됨 비번을 핀 번을 눌러야 들어가는 건지 10번 시도에 될까 말까
724,시티 앱 잘 쓰고 있었는데 요즘 계좌 입출금 알림이 안 오네요 왜 그런 거죠 알림 ON으로 잘 켜져 있고 절전모드 상태도 아니고 lte 늘 켜져 있고 12월은 알림이 잘 왔던 거 같은데 1월 들어서서 알림이 안 옵니다 이거 빨리 좀 해결해 주세요 다른 은행 어플들은 입출금 알림 아주 잘 와요 시티만 그래요
725,카드 사용에 대한 알림이 안 와요 앱 삭제하고 다시 해도 안되네요 시스템 문제인가요
726,앱을 어떻게 만든 건가요 카드 만들려고 인증하려는데 인증서 비밀번호 넣는 거 무한 반복 중입니다
727,로그인이나 카드 등록하려고 비밀번호 입력 시 똑같은 입력창 뜨고 두 번째로 입력하면 파란색 씨티은행 대기화면으로 계속 기다려야 되고 로그인이 안 됨 어떻게 해야 함
728,앱이 설치가 안되네요
729,아이디 비번 입력 후 로그인하려고 인증 문자 전송도 안 오고 ars 인증 전화도 에러 나서 둘 다 못하고 있어요 전화번호 다 일치하고요 이거 어떻게 해결 안 되나요
730,왜 자꾸 통신오류가 뜨는지 몰겠네 한참 잘 쓰고 있었는데 갑자기 안되네
731,많이 불편하네요 몇 번을 시도하는데 이체가 안되네 열받아
732,선결제 하면 청구 금액이 변경되야 하는데 반영도 안되고 거의 확인 불가네요 사용내역 확인도 불편하고 이용자 입장에서 앱이 개발되지 않은 느낌밖에 전화도 안 받고 흠
733,과거 내역 조회가 안됩니다 6개월 이전 조회 신청해서 확인 누르면 전 메뉴로 돌아갑니다 열람기간은 한 달 뒤까지 나오는데 어디서 열람을 하는지요
734,지문인식으로 로그인하여 쉽게 계좌이체를 시킬 수 있습니다 잘 쓰고 있습니다
735,아주 편리합니다
