,comment
0,써봐
1,굿
2,너무너무 쉽네요
3,쓰기 편해요
4,좋아요
5,좋아요
6,친절합니다
7,유용하고 스마트하네요
8,불편한 건 없네요
9,속도가 너무 느려요 점 세 개 팔딱거리며 시간 끄는데 속 천불 나요 오픈뱅킹 주식거래까지 한 큐에 할 수 있는 건 좋은데 속도 땜에 암 걸릴 듯
10,편하고 좋습니다
11,좋음
12,똥개 훈련인가요 모바일 otp 신청하고 신청 확인하라고 해서 했더니 정보가 맞지 않는다고 안되고 정보 수정하고 했는데도 똑같네요 그래서 그냥 모바일 otp 재발급했는데 이번에는 신분증 인증이 문제를 일으키네요 발급 날짜 이름 주민번호까지 똑같고 흔들림 번짐 반사도 없는데 자꾸 다시 하라고 해요 참고로 저는 갤럭시 10s 5g 쓰고 있어요
13,좋아요
14,굿
15,다 괜찮은데 왜 종료 시겠습니까에서 예 누르면 대출상담코너로 넘어가는지 궁금합니다만
16,몇 달 전 얼굴 인식할 때 화면에 하얀 반투명 필터가 자동으로 깔려있게 업데이트된 뒤로 얼굴 인식이 먹통이에요 마스크를 벗고 인증해도 얼굴 인식이 안 되어서 비밀번호를 쳐서 써야 하네요 차라리 얼굴 인식을 없애고 간편 비밀번호만 남기는 게 편하겠어요 얼굴 인식을 없애고 비밀번호로만 거래하게 설정할 수 없나요
17,그냥 그냥 쓸만해요
18,안녕하세요 현재 조회만 가능하도록 가입해 쓰기 편하고 좋은 앱인데 딱 하나의 문제점은 계좌이체도 가능하게 가입하려 할 시 4단계에서 신분증 사진이 찍히지 않습니다 학생인지라 여권 촬영으로 대신하고자 하는데 어떻게 된 일인지 가이드에 맞추고 빛 반사 없이 주변을 어둡게 하여 내용이 잘 보임에도 불구하고 촬영 다음으로 넘어가지를 못합니다 해결 방법이 있을까요
19,신규 적금 가입이 엄청 빨리 진행 완료됐어요 간편하고 빨라요
20,편리해요
21,하나은행 얼굴인증 잘 이용하고 있습니다 그런데 사진촬영 이미지도 인증이 넘어가던데 안되어야 되는 거 아닌가요 혹시 다른 것도 인증되는 거 아닌지요
22,좋습니다 많이 쓰세요
23,편하네요
24,하나은행 하나카드 하나 멤버스 허나원큐페이 하나만 해라 그리고 간편 스마트 이런 말도 빼고 욕하고 싶지 만으로 참는다 영업점 창구 직원 줄였으면 홈페이지 어플 ARS 서비스라도 제대로 해야 하지 않겠니 툭하면 보안 프로그램 깔라고 하고 몇 번을 깔아도 로그인 누르면 다시 프로그램 까는 화면으로 무한 루프 아이디 비번은 맞게 넣어도 틀리다고 해서 전화로 인증번호 받아 재설정 하고 고객이 개돼지로 보이니 아니지 개돼지 면 먹여주지 재워주지 돈을 빼앗지도 않지 너희들만 그런 게 아니라 대한민국 보험금융계들은 다 똑같으니 이래서 보험 증권금융시장을 완전히 개방해야 하는 건 데
25,은행에서 추천상품 편리해서 좋아요
26,버그가 너무 많아요 맵이 잘 열리지 않아요
27,간편하고 좋네요 
28,빛이 어둠을 몰아냅니다
29,간편 비밀번호 등록하려고 하면 재시작하라고 해서 다시 로그인하면 같은 작업을 반복하라고 하네요 지문등록도 마찬가지입니다
30,사용하는 게 국민은행보다 늦고 다운이 잘 돼서 불편하네요
31,오픈뱅킹 탈퇴 말고요 어플 자체를 탈퇴하려면 어떻게 해야 되나요
32,생체 인식에서 활성화가 다소 늦으나 사용하기 수월함
33,하나원큐 가입할 때 간편 비밀번호 두 번 입력 후 안 넘어가요
34,돈 급하게 빼야 되는데 로그인이 안 됩니다
35,거래 불가
36,쉽고 좋아요
37,아니 꼭 하나은행 계좌를 만들어야 로그인되는 건가요 가뜩이나 기존 통장이 많아서 정리해야 하는 상황인데 꼭 은행 입장에서만 생각해서 한 업데이트네요
38,IRP 해지가 안되네요 시간대가 있나요
39,최고예요
40,개 쓰레기 앱 신분증 인식 졸라못함 신분증 담당하는 직원 24시간 운영시키든지 신분증 인식도 못 하면서 비대면 계좌개설은 어떻게 함
41,다른 은행 어플보다 로딩도 길고 죄여 하령 너무 버벅대고 답답해 미치겠어요 개선 좀 해주세요
42,좋아요
43,주로 쓰는 은행 어플이에요 편리하고 좋아요
44,앱 종료 시 계속 오류가 뜨면서 정상적으로 종료가 안됩니다
45,진짜 짜증 난다 왜 앱을 바꿨는지 모르겠네
46,앱이 너무 무거움
47,편해요
48,굿
49,어제 초기화 시 켜는데 또 튕기네요 다른 타 은행 앱 들어갔다 나오면 이런 일이 생기네요 문제 많아요 간편 비밀번호는 괜찮은데요 인증서 로그인만 하면 앱 충돌이 심하네요 제대로 된 업데이트를 부탁드립니다 안 그래도 주거래 은행인데 이런 일이 자주 발생하는 거는 너무 심하네요
50,아니 들어가지게나 만 둘어야지 이건 또 뭐 하자는 거여
51,좋아요
52,좋아요
53,편리하고 좋아요
54,사용하다 보면 무한 로딩이 심하게 걸리는 때가 종종 보이네요 저번에도 어떤 부분에서 한번 걸리고 오늘은 로그인할 때 걸리고 반복적으로
55,좋아요
56,사용하기 편합니다
57,좋아요
58,태블릿에서도 사용 가능하도록 가로모드 기능을 넣어주셨으면 합니다
59,아주 좋습니다 즉시 적금통장 개설
60,간편해짐
61,좋아요 편해요
62,굿
63,깔끔
64,좋아요
65,좋습니다
66,타은행에 비해 메뉴가 용이하고 간편함
67,갑자기 어플 실행 자체가 안돼요
68,앱이 왜 이리 불편해졌나요 초기 로그인 시 공동 인증서 한번 선택하면 다음에는 자동으로 되어야 안됩니까 매번 간편 인증 등록 화면이 뜨네요 억지로 등록하라는 거 같은데 안 끌려면 어떻게 해야 됩니까
69,좋네요
70,갑자기 왜 안 열리네요 업데이트해서인지 열리다 꺼져버림요
71,편리하고 좋아요
72,빠릅니다
73,며칠 전부터 얼굴인증이 전혀 안되고 있습니다 뭐가 잘못된 걸까요
74,계좌 거래 푸시 알림이 안 와요 계좌 설정 밑 어플 설정 다하고 했습니다만
75,아니 업데이트 후 얼굴인증을 못하는데 이거 왜 그런 거어요
76,편해요
77,은행 방문 없이 모바일로 다 처리되어 요즘 같은 시국에 참 유용합니다
78,대단히 편하고 좋네요
79,와 뭐죠 업데이트 후 원시시대 앱인 줄 알았네요 왜 이렇게 불편해요 공인인증서 2개나 뜨는데 타 기관 인증하라도 다시 뜨는 것도 웃기고  이미 예전에 했는데 다른 은행 보지도 못하셨나요 무슨 원시시대 마냥 로그인에 보안카드 인증에 공인인증서 인증에 시스템도 개 후기네요 진짜 한국 돌아가면 하나은행 손 절각
80,학생인데 학교에서 만들었는데 이제야 들어가 보니 비번이 잘못 설정되어 있네요 이걸 어떻게 해야 하나요 은행 문제겠죠 문의하는 곳이 없어 여기에 문의합니다
81,하나카드 사용하다 알게 된 나는 금리도 좋은 하나 저축은행 이용자입니다 축하합니다 당신도 오늘부터 하나저축은행 이용자 은행은 역시 하나저축은행 형님도 이제 하나로 오세요 금리도 좋아요
82,좋아요
83,다른 로그인 방식은 잘 되는 거 같은데 유독 공동 인증 로그인 누르면 어플이 중단되면서 자꾸 꺼지는데 왜 이러나 요 모든 어플 최신 업데이트도 하고 구글 캐시 데이터 정리 메모리 정리 휴대폰 재부팅 아무리 해도 안됩니다 이거 어플 문제 있는 거 아닙니까 해결 좀 해주세요
84,좋네요
85,별 하나 주는 것도 아깝다 접속 오류가 자꾸 나면 급하게 은행일 처리하는 입장에서는 거래은행 바꾸고 싶게 한다 오늘만 몇 시간째 접속 지연
86,추가 이체를 해놓고 잘못 선택했을 경우 그 항목만 삭제가 안됨 전부다 취소해야 됨 아주 불편함
87,은행권에서 제일 스마트한 거 같아요
88,굿
89,쓰기가 편하고 좋아요
90,앱이 편리하고 좋네요
91,인증서 발급받으려는데 가입이 안되면 어쩌라는 거죠; 오류라고 하길래 어제부터 계속 시도했는데 변하는 게 없네요 간편 비밀번호 설정하라면서 그다음 단계로 넘어가지도 않고 빨리 좀 고쳐주세요
92,로그인이 무슨 모뎀 32k 속도야 겁내느리고 안 들어가짐
93,계좌이체 시 받는 분 표기에 자주 쓰는 문구 저장할 수 있는 기능이 생기면 좋겠습니다 이체할 때마다 직접 타자로 수정해야 해서 좀 번거로워요
94,은행 가서 번호표 뽑기 다리질 않아서 좋아요 너무 간편합니다
95,쉽고 간편합니다
96,젛아요
97,사용이 편리해서 좋아요
98,편리합니다
99,편리하네요
100,아니 오픈뱅킹 왜 이렇게 안돼요
101,별점 하나 남기니까 리뷰가 사라져있네요 비대면 대출 동의가 ARS도 안되고 어플로만 가능해서 강제로 설치를 해야 한다니 별점 하나 드립니다 하나은행 별점 하나
102,편리해서 아주 좋아요
103,하나 원류를 앺 다운로드해서 하려 했더니 다운이 안되네요 뭐 때문에 자꾸 설치가 안되는지 답변 부탁드려요
104,왜 계좌이체할 때 지문인식으로 이체 시스템이 없나요 카카오뱅크나 토스같이 다른 은행 업체는 지문인식으로 바로 이체 가능한데 하나은행은 계좌 비밀번호 따로 누르라고 꼭 뜨네요
105,앱 실행하면 튕겨요 실행 안됨 
106,굿
107,결제하려고 하니 자꾸 멈춥니다
108,좋음
109,잘 되다가 어느 날부터 또 안돼요 입출금 푸시 알림이 계좌 등록을 다시 하고 지웠다 깔아도 안 오는데 방법이 있을까요
110,간편해서 사용하기 좋아요
111,좋아요
112,공동 인증서 재발급해도 보유 중인 인증서 없다고 나오고 pc에서 내보내기 해도 안되고 짜증 나요 pc 폰 재발급 무한 반복해야 해요 별 한 개도 아까워요
113,잘 쓰는 중
114,아니 처음 번호하고 쓰고 있는 번호가 동일한 건데 모바일 otp에서는 동일하지 않습니다 이러면 어떡합니까 고객들 놀립니까
115,접속이 너무 느림 성질납니다
116,굿
117,굿
118,답변 주신 내용으로 수정했고요 지금은 아주 잘 사용하고 있습니다 빠른 답변 감사드립니다
119,하나원 큐롯 국민지원금 신청할 수 있나요
120,평소에도 잘 쓰고 있어요 근데 이용 도중에 글자 크기가 커졌는데 어떻게 다시 되돌릴지 모르겠네요 기본 ui들은 그대로인데 이체 기능에서 계좌번호 목록이나 계좌번호 입력란 등이 커졌어요
121,좋아요
122,아주 잘 돼요
123,약간 좋아지나
124,간편하고 빠르고 좋지만 요즘 사기 문자가 많이 오기 때문에 약간의 두려움 있음
125,사용하기 편리해 좋습니다
126,업데이트도 제대로 안되고 타임아웃 걸리고 쓰레기 같음
127,사용 시 편리합니다
128,최악의 모바일 은행 앱 다른 은행 거 보고 연구 좀
129,편해요
130,아오 뭔 업무 하나 처리하면 렉 걸려서 멈추고 하나 하면 멈추고 이래서 하나원 큐인가
131,앱이 자주 열리지 않으면 튕김 재설치만 여러 번임
132,좋아요
133,사용하기 편해서 좋긴 한데 너무 느려서 기다리기 많이 힘들어요 
134,항목 찾기가 쉽지는 안군요
135,굿 좋아요 간편하고요
136,안녕하세요 앱 잘 사용하고 있습니다 하이로 보 화면에 접속하면 자산 차트가 나오는데 얼마 전부터 오류가 발생합니다 Your browser does not support charts라는 오류 문구만 뜨네요 해결 방법이 있는지요
137,앱 30일 업데이트 이후 이체금액 입력할 때 입력 숫자가 안 보입니다 창이 바뀌고 보여서 사용하기 불편합니다
138,이상하네
139,빠르고 간편해서 좋아요
140,휴대폰을 바꾼 뒤 내 자산 연구소가 나오질 않습니다 방법이 없을까요
141,간편하네요
142,편해요 
143,간편하고 쉽습니다
144,진짜 못 만들었다;; 무슨 메뉴를 들어가면 앱이 멈춰요 수시로 지웠다가 다시 들어가야 하는 점이 너무 불편하네요
145,좋아요
146,카 드 때문에 소득증빙 인증서 하라고 해서 다운로드했는데 바로 연동이 안되네 좀 하려면 제대로 만들어주세요 어플 삭제한다
147,편리하고 좋아요
148,계좌이체가 왜 안 되나요 신한 쏠은 되는데 삭제 완료 조회만 하네
149,서민들을 위한 금융 대출받아서 사업 자금으로 사용하였어 나 코로나로 인해 망해 먹었습니다 죽기 전에 대출받은 돈과 이자하고 다 갚아 드리도록 약속드립니다 심해를 끼쳐 죄송합니다
150,업데이트되고 사용이 불편해졌어요
151,좋아요
152,Good
153,빨리 이체해야 할 상황에 앱이 멈추거나 로딩이 너무 느려요 개선 시급합니다
154,아직 구체적으로 사용해보지는 않았지만 대체적으로 쉬워요
155,괜찮네요
156,좋아요
157,말씀대로 했는데도 안돼서 다시 올립니다 구글 플레이 캐시 삭제 크롬 업데이트 하나은행 앱 삭제 등 하루 아니면 이틀 간격으로 로그인 화면으로 바꿔서 로그인을 간편 비밀번호로 하려 하는데 간편 비밀번호를 1번 5번 하고 이제 마지막을 하면 로그인이 되잖아요 근데 마지막에서 간편 비밀번호를 눌러도 다음 단계로 안 넘어가요 이러면 두 가지 방법 밖에 안 남는데 아이디로 로그인을 하거나 다시 새롭게 설정해서 하는 방법입니다 그러나 새롭게 설정해봤자 위에 같은 상황이 반복되기 때문에 의미가 없습니다 하나은행 삭제 후 다시 인증 절차와 설정을 해놨습니다 그리고 오늘 로그인 화면으로 또 바꿔서 간편 비밀번호로 인증 후 마지막을 눌렀습니다 다른 점은 멈추지 않고 계속 진행되는 것을 확인했습니다 그래서 기다렸는데 인증은 안되고 고객센터에 문의해보라는 메시지뿐이었습니다 다시 인증을 해보니 예전과 같이 진행되지 않고 그냥 멈추는 과정으로 바꿨습니다 이 앱 왜 이러는 건가요
158,굿
159,너무 좋아요
160,인증서 복사 안댐 사용자 입장은 전혀 고려치 않음 너무 불편함 인증서 pc로 복사하기 실패
161,굿
162,굿
163,빨라서 좋네요
164,하나저축은행은 무슨 문제인가요 2일째인데
165,기존 아이디 로그인을 통한 이용자가 지문등록이나 간편 비밀번호를 이용한 로그인을 사용하려고 했는데 그 절차에서 렉이 너무 심합니다 재어 로그인을 요구해서 로그인했는데 그 과정에서 화면이 멈춰요
166,적금 가입할 때는 편한데 적금 여기저기 확인할 때 뒤로 나가면 로딩이 새로 되어서 느리네요 개선되면 좋을듯합니다
167,따봉
168,좋아요
169,편리해요
170,간편하고 빨라서 좋아요
171,컴맹도 할 수 있는 쉬운 앱
172,굿
173,좋아요
174,좋아요 편하고요
175,편의성 사용성 좋습니다
176,앱 사용하기 좋아요 그런데 같은 계열사인 하나저축은행은 이틀째 시스템 문제로 로그인이 안 되어서 은행거래를 못합니다 그래서 하나원큐에서 하나저축은행 조회도 안 됩니다 불편하네요
177,업데이트 로딩 속도가 느립니다
178,굿
179,편해요
180,사용성 좋아요
181,굿
182,느리기가 한이 없고 이렇게 느려터진걸 왜 만들어서 사용하라는 건지
183,편리해요
184,편리해요
185,알아보기 싶고 간편한 진행 좋아요
186,편하네요
187,갑자기 입금이나 출금 알람이 안 울려요  어찌해야 하나요 앱 설정 가서 알림 허용 꺼져있나 확인했는데 허용돼있는데
188,사용하기 편해요
189,좋아요
190,사용하기 간편하고 좋아요
191,메뉴가 한눈에 보기 좋고 이용이 편리하고 간단해요
192,만족합니다
193,알림 설정해도 돈 들어올 때 문자 알림이 안 오네요 일일이 앱 들어가서 확인하는 게 은근 노동입니다
194,로딩 속도가 길고 오늘은 아예 접속이 안 되네요
195,잘 쓰고 있어요
196,좇네
197,아니 뭔 놈에 설치도 안되는 게 있어요 느려터져서 일이 리 전화해서 잔액 하기 싫어서 까라 놓고 빨리 알아보려고 했는데
198,별 한 개도 아깝다 회원가입하려고 하니까 뭔 진행조차 가지도 않은 사진촬영 시간 초과 문구 나오고 xx로 시간 초과 이딴 이 짓거리 4번 당하니까 더 이상 가입할 마음도 없다 살다 살다 고객 입구 컷 시키는 어플은 처음 본다 약 올리는 거냐 내참 더러워서 그냥 평일 중에 고객상담으로 해결할게 고맙다 앱 추가 설치 안 하게 해줘서
199,제가 계속하나 원류 지문인증으로 하고 싶은데 안 된다고 지문인 증 등록하려 해도 안 된다고 문의드렸는데 못 알아듣겠다고 하셔서 전화로도 문의해도 원인들을 파악 못하시더라고요 입출금 알림도 설정돼있는데 오지도 않고 결국엔 제가 고민하다 알아냈습니다 저는 거래내역 조회만 되게 돼 있었고 폰뱅킹 신청 안 해놓은 상태였거든요 이걸 안 했었기 때문에 지문인증 기능을 사용 못 했던 겁니다 제가 굳이 여기 쓰는 이유는 앞으로 저 같은 비슷한 문의 들어올 시폰 뱅킹 가입해야 사용할 수 있다고 안내해주세요
200,지금 계속 접속 에러가 뜨는데 이런 에러가 자주 떠서 급하게 인터넷뱅킹해야 될 때 짜증 나 미치겠어요 도대체 왜 자꾸 뜨는 거죠
201,매우 편리합니다
202,굿
203,좋아요
204,하나은행 친절 지점과 직원은 표창을 불친절 지점과 직원은 시정을 서청주 지점 불친절  청주지점 지웰시티점 율량동 지점 친절
205,좋아요 굿
206,개명한 사람은 사용이 안 되나요 주민번호는 같은데
207,진짜 쓰레기네 공동 인증서 등록도 안되고 지문인식 등록도 안되고 비즈니스 프로세스도 개판
208,good
209,좋아요
210,굿
211,좋아
212,어플 실행이 안됨
213,굿
214,나이스 
215,Leeyujin
217,코로나 시국에 얼굴인식이 작동이 되는 점 해당 인식을 해제 및 변경을 어떻게 해야 하는지 바로바로 인식이 어려운 점 이용하는 유저는 바로바로 송금하고 싶지만 이러한 점들을 확인하고 조작하기에는 시간이 꽤나 소요된다는 점
218,좋아요
219,좋습니다
220,자꾸 충돌 나고 실행이 안돼요
221,굿
222,한눈에 잘 보이게 메어진 창을 만들어서 좋아요
223,좋아요
224,굿
225,좋아요
226,앱 깔끔하고 좋은데 오픈뱅킹 로딩 속도 개선 좀 어떻게 안 되나요 다른 앱에 비해서 너무 늦어서 속 터지네요 아 제발 속도 개선 좀 해주세요
227,간편
228,업데이트됐는데 왜 계속하래 
229,좋아요
230,좋아요
231,앱 종료 앱 닫기 메시지 출력됨
232,좋아요
233,최고예요
234,좋아요
235,들어올 땐 마음대로지만 나갈 땐 아닌가요 돈 넣기는 쉬운데 출금하기가 어렵네요 악의적인 게 느껴져서 다시는 하나은행 안 쓸 겁니다 결국 토스로 돈 뺐습니다
236,좋아요
237,사용하기 편해요
238,좋아요
239,공인인증서 키패드가 화면 좌우 끝까지 안 가서 에지 있는 폰에서 쓰기 편리해요 다른 데서도 이렇게 바꿔줬으면 좋겠습니다
240,별 하나도 아깝네요 접속만 몇 번째인지
241,1점고 아까움 공인인증서 옮길 려는데 왜 계속 회원가입 시키는지
242,정말 최고예요 짜릿해요
243,대출하는데 kb국민은행 어플보다 훨씬 디지털화가 잘 돼있음 칼뱅급은 아니지만 칼뱅보다 신뢰도는 높아서 아주 좋음
244,굿
245,편리합니다
246,편리합니다
247,다소 어렵지만 은행 지점에서 잘 알려준 덕에 처리했습니다
248,왜 입출금 알람이 안 오나요 설정에서 입출금 알람을 설정했는데도 결제 시 뜨지를 않습니다
249,기업 정보 내용이 차이가 있던데 정보 업데이트를 안 해서 그런가요
250,은행 갈 일이 없네요
251,갑자기 앱 이중지 가 되었는데 이유를 모르겠어요 다시 사용을 하려면 어떻게 해야 하나요
252,다른 로그인이 왜 안되었다 나는 매우 화가 났어요 간편 로그인이 되었어요 저는 참을 수 없다
253,좋아요
254,휴대폰 바뀌어 새로 어플 받아 설치하고 로그인하다가 새로 산 휴대폰 집어던질 뻔함 지문등록해서 로그인 시 잘 사용했었는데 바뀐 휴대폰에서 기존 아이디로는 로그인 성공했지만 지문 등록하려니 몇 시간째 헤매고만 있음 이거 개발자들은 집에서 식구들에게 꼭 해보라고 해봐라 뭐라 하려나 화면 캡처해서 내가 얼마나 헤매고 결국엔 지문등록 포기했는데 리뷰하면서 설명 좀 하려니 사진 첨부가 안 되네
255,다운로드가 왜 안돼요
256,좋네
257,이 정도면 원류 가 아니라 다른 큐 같은데
258,좋아요
259,불편합니다
260,인증이 편함
261,어플이 너무 느려요 무슨 메뉴 하나 들어가는데 5초 걸리나요 아래 5가지 방법 대로 해도 똑같아요 메뉴도 눈에 안 띄고 입출금 알림은 올 때 있고 안 올 때도 있고
262,역대급 은행 어플들 중에 단연 톱일 것 같다 정말 편하게 잘 구성되어있음
263,로그인 화면에서 잘 넘어가지 않고 여하튼 다른 은행보다 느려요 은행을 옮겨야 할듯하네요
264,사용하기 편하고 좋아요
265,업데이트하고 나서부터 어플이 안 켜집니다 처음 들어가는 화면에서 멈춰요 삭제하고 다시 깔아봐도 마찬가지입니다 
266,어플에 필요한 메뉴는 꽁꽁 숨겨두고 온통 산품 판매 메뉴뿐 어찌어찌 분실신고를 했는데 재발급이 어플로 안됨 분실신고한 것도 다시 찾으려니 어딨는지 안 보이고 메뉴 검색도 안됨 다른 대기업 꺼 써야지 만들다만 중소기업 어플 수준임
267,좋아요
268,편리합니다
269,굳
270,편리하게 잘 쓰고 있습니다
271,인증서 발급됐다고 3번이나 뜨는데 인증서 없음 어플에서 확인도 안 되고 전화상담해도 모른다고 함
272,접속 장애 왜 이렇게나 나요 돈 찾아야 하는데 뱅킹 접속이 안 되니 답답하기만 하네요
273,어플이 너무 느려요 진짜 너무 답답합니다 이러니깐 카카오 같은 신규업자한테 이용자 뺏기는 거죠
274,굿
275,편리함
276,좋아요
277,좋음
278,간단 편리
279,앱을 깔았는데 폰에 안 보여요 은행 업무 보려면 여기 들어와야 해요
280,인증서 갱신하려면 앱에서 안되고 PC로 옮겨서 갱신해야 됨 그럴 거면 앱에 메뉴는 왜 만든 건지 추가 답변이 매크론가 조건이 안되면 pc로 옮겨야 된다는 소리를 왜 했겠나 갱신해야 돼서 하려니까 안돼서 하는 소린데 예전에도 비슷한 문제 리뷰로 남겼더니 답변 같지도 않은 거 달고 지워버렸더니만 추가  인증서를 앱에서 갱신할 랬더니 하나은행에서 갱신할 수 있는 인증서가 아니라고 오류 떴는데 pc로 보내서 하나은행 웹에서 갱신했더니 됐고 제 역할 못하는 앱이 문제라는 겁니다
281,예적금 가입하기 편리해요
282,지금 외국에서 와이 파이로 접속 중인데 갑자기 어느 순간부터 앱 정보 확인 중 도중에 원활한 접속 실행을 위해서 확인해주세요 나오고 네트워크 오류 9999 뜹니다 좀 해결방안 좀 알려주세요 다시 지우고 깔아도 안되고 고객센터에 전화해도 안돼요
283,좋습니다 사용하기 편해요
284,굿
285,하나은행 앱이 백그라운드에서 실시간 검사를 진행합니다 구글 플레이에서 다른 앱을 설치하거나 업데이트할 때 상태 바에서 하나은행 실시간 검사가 활성화됩니다 하나은행 앱을 사용하고 있지도 않은데 왜 자꾸 실시간 검사를 하나요 뱅킹 앱을 사용하고자 앱을 설치한 거지 휴대폰 관리프로그램을 설치하고자 한 게 아니잖아요 하나은행 앱 동작 중이 아닌 상태에서 보안 프로그램이 작동하지 않도록 수정 바랍니다
286,기존 앱이 좋습니다 간편 비밀번호가 맞는데 안 맞는다고 나오고 엉망입니다
287,한동안 질 쓰다가 언젠가부터 클릭만 해도 깜빡 거리고 맙니다 이게 어떻게 된 거죠
288,어느 순간부터 앱을 실행시키면 하나금융 투자 프로이가 계속 중단됨이라는 에러 메시지가 계속 발생합니다 이유를 모르겠네요 일 때문에 증권사 어플 10개 정도 쓰는데 하나 1Q 앱만 에러가 생깁니다 저만 그런 건지 앱이 문제인지 다른 사용자도 이런 증상이 있다는데 앱 개발자는 얼른 해결하셔야 이래가지고서야 증권사 앱이라 할 수 있겠어요 안되는 집엔 다 이유가 있는 법이죠
289,비대면 대출 짱짱
290,간편하고 좋아요
291,굿
292,며칠만 지나면 입출금 알림도 안 오고 간편 인증 초기화됩니다 기존 이력 불러오려고 해도 비밀번호 틀리다고 안됩니다 이게 몇 번째인지
293,좋아요 편리해요
294,굿
295,Good
296,공인인증서 내보내기 복사 예전보다 직관적이지 않습니다 수정 부탁드립니다
297,이용한 이력이 있다고 자꾸 재인증을 하래요 인증하기 버튼 눌러서 간편 비밀번호 치면 다시 재인증 화면으로 돌아옵니다 캐시 삭제 메모리 삭제 맵재 설치 업데이트 안 해본 거 없습니다 어디다 자세히 여쭤봐야 할까요
298,사용하기 편해요
299,계좌이체비밀번호 맞게 썼는데 계속 잘못 썼다고 정지 먹었네요
300,사실 하나은행은 사용조차 하지 않았던 나에게 새로운 신세계를 보여준 앱이라고 할 수 있었어요 앱이 정리도 잘 되어 있어서 펀 맹인 저에겐 참 다정하게 다가온 앱이에요 그러다 하나카드도 만들게 되었고 지금도 잘 쓰고 있답니다 하나콕뱅크 어려울 거란 생각 말고 그냥 해보세요 아주 간편하고 편하게 사용할 수 있도록 시스템이 정리가 잘 되어 있습니다 왕 추천드립니다
301,이 앱도 원류라고 여러 개 합쳐서 내놓고는 지금 보면 원류라는 이름의 어플들 또 엄청 생겨나고 있네 어딜 봐서 원류인가요 이게 그냥 따로 가지 차라리 구어 풀이 더 좋았는데
302,이체 페이지에서 추가 옵션 예약이 체 가 안 보입니다  예약 이체를 하고 싶어도 못하고 있음
303,예약이 체 메뉴가 사라졌는데 기능을 없애놓은 건가요
304,자꾸 이 어플에서 실시간 검사한다면서 알림 창에 뜨는데 이거 뭐인가요 원래 이런 거 안 떴었는데 갑자기 오늘 뜨네요
305,예약 이체는 안 되나요 가무라 봐도 예약 이체는 보이지를 않아요
306,최고로 편해요
307,신분증이 안 찍힘 아 진짜 신분증 한 50번은 찍은 거 같아요 검정 배경에다가 했고 답답해서 죽겠네요 내 돈 내가 빼지도 못하네
308,편해요 빠르고 편하게 사용 중이에 옷
309,통장 개설부터 안됨 운전면허증을 수십 번 찍어봐도 다시 찍으라고 함 다른 은행 어플로 신분증 인증해봤는데 잘 됨 고객센터 통화해봐도 핸드폰 껐다 켜 보라는 답변뿐
310,굿 아주 굿 최고의 어플인 듯
311,앱을 너무 쓰레기같이 만들어놔서 뭐라 할 말이 없다
312,굳
313,공동 인증서 폰에서 pc로 내보내기 겁나 안됨
314,하나은행에서 IRP 가입했다가 앱 때문에 IRP 해지했습니다 전국은행사 통틀어서 최고의 사용자 언프렌들리 앱입니다 개발자는 반성해야 합니다
315,좋아요
316,가입되어있다면서 안 넘어갑니다
317,ui가 너무 안 좋습니다 주 업무로 은행 쓰는데 그룹사별 여러 가지 메뉴가 너무 많고 쓰지도 않는 게 많아서 복잡함 직관적이지 않고 너무 불편함 여태껏 구형 하나원 쿠가 편해서 억지로 그것만 쓰는데 알림도 요즘 안 오고 로그인도 일부러 버벅거리게 하는 건가요 아 진짜 그냥 구형 하나원큐처럼 가볍게 한 가지만 합시다 좀
318,앱 초기화면에 사용자가 편하게 쓸 메뉴들 안 넣고 상품 광고 미끼 먼 잔뜩 넣어두니 가독성 편의성 모두 떨어짐 아직도 칼뱅에 비교할 수 없이 불편함
319,좋아요
320,사용하기 편해요
321,아주 좋음
322,이체한도 백만 원으로 변경했는데도 불구하고 30만 원 제한이 걸려있어요
323,굿 럭
324,글씨 커서 좋습니다
325,3일 동안 계속 튕기기만 해요
326,좋아요
327,좋아요
328,아씨 왜 계속 공인인증서 등록 안되고 같은 작업을 몇 번째인지 개짜증
329,입출금 알림이 제대로 안 오네요
330,왜 안 들어가짐
331,어플이 무거워서 답답함 저번 구 버전이 훨씬 나음
332,좋아요
333,어플 빠르고 안정적으로 잘 됩니다 지문인식도 한방에 되고요 갤럭시 s10 사용 중입니다
334,도대체 비대면 실명인증에서 계속 고객 성명이 틀립니다라고 나오고 진행이 안되는 이유가 뭔가요
335,회사 급여 이체 은행이라 어쩔 수 없이 꾸역꾸역 사용해왔지만 참다 참다 글을 써본다 이 앱의 장점  스크래피 활용한 모바일 신용대출이 비교적 간편하다 이 앱의 단점 1 앱 최적화가 X 같음  개발자가 일을 안 하는 건지 윗선 꼰대들이 망쳐놓은 건지 모르겠지만 각종 메뉴 진입할 때 12초 로딩은 기본이며 진입 후 직전 메뉴로 돌아가기 위해 뒤로 가기 누르면 최초 페이지로 리로 덩 등등 2021년에 이런 느린 뱅킹 앱은 처음임 2 개발자도 포기한 듯한 업데이트  국내 시중은행의 모바일 앱의 최신 업데이트 일자를 살펴보자  국민은 힝  21716  우리은행  21721  SC 제일  2176  신한은행  21714  하나은행  21412  물론 앱을 기가 막히게 잘 만들어 놓았다면 업데이트 안 해도 잘 굴러 갈 것이다 근데 너네가 이따위로 만들어놓고 업데이트조차 등한시하면 어쩌라고 500자 꽉 채워서 더 못
336,정말로 편리함
337,앱 실행할 때마다 간 편린증 등록을 해야 합니다 정상적으로 등록이 되었다는데 왜 또 구동할 때마다 간편 인증을 등록해야 하나요 인증번호 입력해도 틀리다고 나와 다시 인증 등록을 매번 새로 해야 됩니다
338,좋아요
339,여권 인증으로 비대면 계좌 개설을 하려는데 인증이 되질 않습니다 찰칵찰칵 찍기만 하고 다음 단계로 넘어가질 않습니다 사진을 업로드한다던가 담당자와 통화를 한다던가 다른 방법은 없고 오직 하나의 인증 방법만 만들어 놓으시니 답답하기 그지없습니다 인터넷 뱅킹 좀 하게 도와주세요 
340,잘 되다가 요즘 왜 펀드 입금액을 변경하려고 했는데 계속 안되죠 다른 건 되는데 펀드 입금액 변경하려 했더니 안돼요 어떡해야 하나요 다른 건 다 좋아요 특히 다른 은행 계좌까지 한 번에 볼 수 있는 게 너무 편해요 펀드만 어떻게 해결해주세요 답글 주셔서 다시 달아요 추가 입금은 되는데 그 매달 입금하는 입금액을 변경하려는데 계속 오류라고 안돼요
341,편리함
342,굿
343,Mock one9
344,유심 인증서 왜 못씁니까 인증서 메뉴 암만 찾아봐도 pc에서 가져오기나 다른 폰에서 가져오기만 되네요 다른 은행 앱에선 다 있는 기능이 왜 없나요 저장공간 말고 유심에 있는 거요 유료 서비스 그걸 물어본 건데 뭔
345,이용하기 쉽고 좋네요
346,좋네요
347,카카오에서 환전하고 하나은행 연결돼서 환전되었는데 불편한 게 한두 가지가 아닙니다 우선 모바일 otp 발급해야 타행 외환 이체가 가능한데 otp 만들려면 하나은행 입출금 계좌가 하나 있어야 합니다 다른 은행 계좌 만든지 20일이 안 지나서 기다려야 하고 귀찮아지네요
348,업데이트 설치가 안돼요 G8 쓰는데 다운은 되나 본데 설치가 안 된다 떠오
349,좋아요 쉽고 편해요
350,간편하고 빠르고 주거래은행 변경했습니다
351,주거래은행이 간편해지니 좋네요
352,최고
353,좋아요
354,굿 사용하기 좋네요
355,좋아요
356,많이 편해졌네요
357,너무 편합니다
358,굳
359,쓰레기 중에 쓰레기 하나 멤버스 설치하니 하나원 쿠가 사용 불가 APP 새로 설치하고 하나 멤버스 제거하니 정상 동작
360,좋아요
361,이딴 거 만들어 놓고 개발자들이 돈 받아 갔다고 생각하니 킹 받음 금융 관련 사고 났을 때 자기들 책임 안 지려고 OTP 너 뭐니 만들어 놨는데 이런 거 때문에 오류도 많도 절차도 복잡해지고 이러니 카카오뱅크 같은 신생 인터넷 은행이 이딴 구시대적인 은행보다 시총이 더 높지
362,편리합니다
363,은행 은 ☆ 02 은행 카드는 ☆ 5 카드 설치 4번째 했는데 데이터 가 있잖아  됐거든 1 8 더 리뷰 더 게시 더 ☆ 하면 내가 개 개야 그래서 설치   설 치 안 해 정신 차려 내 데이터 어디 은행한테 ☆ 이거  야    똥 보다 심해 그래서    했어 그냥 잘 했다 생각 느낌 느낌 생각 주소 18 NBANK 18 주소 맞니 안돼 안돼 주소 은행 주소 비 밀 번 호 안돼 또 게시하게 하네  일 인 것 같아 그러니깐 바보 보다
364,사용하기 편해요
365,편리하고 좋아요
366,좋아 연
367,입출금 내역 송금이 용이합니다
368,좋아요
370,신분증 촬영에 여권이 보이지 않아요 운전면허증이랑 주민등록증 밖에 없네요
371,좋아요 오 오
372,간편 심플
373,기존 은행 불편해서 하나은행으로 바꿨는데 더 최악이에요 그냥 기존 은행 쓰려고요 오픈뱅킹 등록도 안되는 앱을 도대체 누구 쓰라고 만든 건지 •••
374,좋네요
375,하나원큐 사용했는데 어느 날 보니 하나 키드로 변경되어 있더라고요
376,입출금 푸시 설정에서 error 코드가 뜹니다
377,편합니다
378,입출금 알림 때문에 몇 번을 지우고 설치하는지 모르겠네요 몇 번 잘 되다가 뜬금없이 안되는데 관리 부탁드려요
379,왜 자꾸 인증하라는 화면이 나오는지 모르겠어요
380,좋아
381,좋아요
382,편리하고 아주 좋아요
383,저전력 모드 꺼도 알림 푸시 제대로 안 와요 다른 은행들은 팝업 화면으로 알림 푸시 오는데 하나은행은 상단 바에 아이콘만 등장하고 푸시 알람 제대로 안 와요
384,앱에 접속하려면 얼굴인식을 해야 하는데 군대에 있어서 국방 모바일앱 때문에 자꾸 튕겨나가서 앱을 전혀 사용할 수가 없는데 예전 접속방식으로 안 바꿉니까
385,잘 바뀌어서 편하네요
386,원조격
387,사용하는데 문제없이 잘 쓰고 있어요 메인 화면 아래 70화면 전부를 광고판으로 쓰는 건 그냥 공간 버리는 거 같은데 왜 이렇게 하는지 모르겠음 공간 낭비 너무 심한 듯
388,좋습니다 편합니다 추천합니다
389,좋아요
390,어플이 깔끔하니 너무 편해요
391,앱 갑자기 왜 안 되나요 업데이트해보려니 이것도 안되네요 송금 급히 해야 되는데 왜 이럼
392,굳
393,좋아요
394,일단 빨라서 좋습니다
395,Xv
396,편하고 좋아요
397,t1 페이커 카드 이쁜데 해당 어플 결제 시 카드 그림이 너무 작게 뜨는데 커졌으면 좋겠습니다
398,신분증 등록 가능한 거 맞냐 몇 시간째 시도 중인데 도저히 인식이 안되는데
399,편합니다 좋네요
400,앱 이용 참 편합니다 디자인도 멋지네요
401,아주 좋아요 아주 편리합니다
402,좋아요
403,좋음
404,다 좋은데 오픈뱅킹만 하면 첫 번째는 꼭 무한 로딩이 걸리네요 ;;
405,아오
406,앱이 열리지 않습니다 타은행 앱은 정상적인데 오후부터 그럽니다
407,옛썰
408,좋아요
409,08월 07일
410,간단하고 편리함
411,좋아요
412,뱅킹 이용은 직관적으로 할 수 있어 좋고 간편합니다
413,4깈디기 까지 기 끼
414,가입이 안돼요 핸드폰 인증번호 숫자 2자리 입력까지는 성공하는데 그 이후로는 자꾸 에러라면서 진행이 안 되네요 꼭 해야 하는데 불편하네요
415,아래 설명과 전혀 상관없는 부분인 것 같습니다
416,이체가 안됨 황당
417,굿
418,확인 누르면 앱이 나가죠요 와 어이없어
419,오늘 왜 어플 실행이 안될까요 리셋해도 안 열리네 자동으로 꺼져요
420,사용하기 편리했습니다
421,뭔 없는 계좌라는 거죠 조회만으로 늠 안될 거 같이 사 이체도 하려고 비대면 계좌 설계하려고 신청하는데 없는 뱅킹이라고 뜨네요 그냥 해주기 싫으면 해주기 싫다고 하든지
422,공동 인증서는 10번을 발급받아도 인증서 관리에서는 안 뜨고 인증서 폐기 목록에만 나오는데 답도 없는 앱
423,좋습니다
424,업데이트했는데 실행이 안돼요
425,사용하기 편리합니다 수고하세요
426,좋아요
427,하나은행은 오픈뱅킹 쓸 때 타행계좌는 순서 변경이 원래 안 되는 건가요
428,안녕하세요 고생 많으십니다 그전에 핸드폰 번호를 썼다가 지금 다른 번호로 쓰고 있는데요 이것 때문에 앱에서 계속 다음 단계로 넘어가기가 힘들어요 그럼 은행에 방문해야 되는데 은행은 4시까지라서 4시 안까지 방문도 어려운데 어떻게 그전 핸드폰 변경 때문에 앱을 쓸 수가 없는데 이건 은행 방문 말고는 답이 없는지요 너무 답답합니다
429,평생계좌도 있고 아주 간편하네요
430,T1 이벤트 참여해서 체크카드 발급했습니다 감사합니다 불편한 점은 앱이 좀 더 어르신분들 사용하기 쉽게 변경되면 참 좋을 것 같습니다
431,사용하기가 불편함
432,편합니다
433,잘 쓰다가 6일인가 그때부터 푸시 알림이 안 와요 리뷰 보니 한두 명이 아닌 거 같아요 배터리 최적화도 꺼놨는데
434,업데이트 후 알림이 안 와요
435,결제를 했는데 통장 잔고가 안 변하네요 30분 지났습니다 뭐죠 정상 결재 되었다는데 앱에서만 이럼
436,푸쉬않옴
437,좋아요
438,비대면 서류작성 서류 제출 없이 좋네요
439,스크래피 하래서 쓰니까 인증서로 인증하려고 하니 금융 인증서는 왜 안 뜨나요 그리고 갱신한 공동 인증서를 내보내기로 받아놨더니 폐기된 인증서라고 하질 않나 새로 공동 인증서 받을라니까 인증할 거 다 하니까 오류라고 안되질 않나 앱이 홈피랑 연동이 제대로 안되네요 관리 안 하나요
440,제발 속도 개선 좀 급하게 이체해야 하는데 이체가 한방에 안됨 무조건 제 로그인 여러 번 해야 겨우 한뱐 성공원큐 같은 이름 집어치우고 딜레이 큐롯 바꾸시길
441,회사 월급계좌가 하나은행으로 한다고 해서 앱으로 개설하려는데 아이디 중복 확인하고 비밀번호 입력 쪽에서 입력하면 지워지고 입력하면 지워지고 해서 다음으로 못 넘어가네요 수정 점해주세요
442,좋아요
443,송금하려니 계속 무한 로딩밖에 안되는 쓰레기 앱 때문에 계좌 돈 다 뽑고 해지하러 갑니다
444,어려움 없이 사용이 편리해서 좋아요
445,로그인이 안 됨 몇 달째 안고 침 어플 때문에 주거래은행 갈아탈 생각임 지우고 다시 깔아도 똑같음 댓글에 댓글 달아주는 사람 인건비 줄 돈으로 어플 개발자를 고용해서 개발을 하세요 급할 때 이체 안되면 진짜 짜증 남 한두 번이 아님
446,넘어가지도 않고 중간에 죽지도 않고 개판이네 이런 걸 쓰라고
447,리뷰들이 다 화나있지만 읽어보면 그냥 인터넷 문젠 거 같다 
448,사용 편리함
449,간편해요
450,발로 어플 만들고 있나 비번 입력 간편하게 하려고 하는데 오류 오류 오류 발로 만드냐 정신 나가냐 이딴 것 어플이라고
451,왜 새 버전은 다운 자체가 안 되나요 계속 구 버전 쓰고 있습니다
452,편해요
453,감사합니다
454,나름 괜찮습니다 케이뱅크 쓰다가 하나 쓰고 있는데 앱 로딩 속도 및 반응속도 개선만 잘 하셔도 될 거 같아요 로딩이 좀 오래 걸려요
455,솔직히 기대에는 못 미치긴 하지만 이전의 하나은행 어플에 비하면 굉장히 큰 발전이라고 생각합니다 불과 1년 만에 사용성이나 UX 면에서 상당한 발전이 있었다는 것이 놀라울 따름이네요
456,너무 편하고 빨라요 구성도 알아보기 쉽고요
457,좋아요 좋아
458,Good입니다
459,오늘 이체하다 열받았어요 이체 마지막 단계에서 비밀번호 딱 쓰니까 무한 로딩 앱 껐다 켜도 무한 로딩 계속 무한 로딩 무한 로딩 늪에 빠졌다가 열받아서 삭제합니다 보안에 문제 있나 의심스럽기도 하고 아무튼 다른 은행 앱에 비해 10배 이상 안 좋음
460,좋아요
461,간편하고 좋아요
462,사용하기에 좋아요
463,굿
464,얼굴인식이 또 안되네요
465,왜 계좌이체가 사라졌나요 돈 들어왔는데 사라져있네요 진짜 장난하는 것도 아니고
466,어플 개 쓰레기네요 사용하지 말라는 거지 이 정도면 토스 신용카드 하나카드 발급받아서 간편결제 서비스 등록하려고 전화 인증까지 완료하고 확인 누르면 튕겨가지고 다시 리셋되고 또 하면 또 튕겨서 리셋되고 5번 넘었네요 반복한 게 어플 보완 좀 하세요
467,편리합니다
468,진짜 개 같네 30이체했는데 결제가 안되길래 엥 뭐야 해서 다시 원래 은행으로 30이체하는데 와  뭐 미성년자라 거래가 안된다고 뜨네 이거는 신종 사기인가
469,저는 그냥 입출금 확인 정도만 가능하게 하려고 쓰는 편이라서 그 점에서는 만족하기 때문에 5점입니다 다른 분들은 어떨지 모르겠네요  하나 캐시인가 그걸 사용하고 싶은데 어떻게 해야 할지 그게 가장 고민입니다 아 이거 때문에 4점 해야겠다
470,좋아요
471,굿
472,하나은행 직원들 최악
473,참 편리합니다
474,제대로 썼는데 비밀번호가 불일치한다는 수차례의 오류와 주민등록증 사진을 30회 이상 다시 찍다가 결국 회원가입을 포기하고 갑니다 앱 참 잘 만드셨네요
475,페이커 에디션 체크카드 좀 더 풀어주시면 안 되나요  페이커 에디션 풀릴 때까지 숨 참음 흐읍
476,구국
477,Good
478,디지털 브랜치에서 대기표 발급은 어찌하는 건가요 대기표 발급 누르면 지점 선택하라고 하는데 지점을 선택할 수 있는 메뉴가 안 보입니다 검색만 되고 막상 지점으로 들어가면 즐겨찾기 외에는 뭔가 선택할 수 있는 것 자체가 없음 그리고 디지털 브런치만 들어가면 왜 이리 느려지는 지속이 터져 그냥 은행 찾아가고 싶네요
479,앱이 안 열려요
480,하나은행 관계자님 혹시 이 앱 써보셨나요 써보셨다면 앱이 얼마나 느리고 무거운지 잘 알 겁니다 이거 쓰는데 너무 답답해서 그냥 칼뱅에서 외부 계좌 불러오기 한 후 칼뱅에서 이체합니다
481,SK 하나은행 시원한 아메리카노는 덤
482,깔끔하고 사용하기 편해요
483,앱 정보 확인 중 C2에서 안 넘어가지네요 업데이트 이후로 이렇게 된 것 같은데 빨리 수정 좀 요 앱 삭제했다가 다시 깔아봄
484,많이 편해졌음
485,화면들이 웹으로 구현되어 있나요 로딩도 느리고 전환도 느리고 화면 내 스와이프 이벤트도 잘 안되고 거래 화면이 웹으로 구현되어있으면 성능이 잘 안 나올 수밖에 없네요
486,사용하기 편리해요
487,너무나 좋아요
488,신분증 인식 겁나 못함 아오
489,최고예요
490,좋아요
491,최근 입출금 알림이 안 와요 앱에 알림 설정되어 있고 폰에도 알림 다 켜져 있습니다
492,Good
493,앱이 열리질 않네 잘 좀 만들어주세요
494,공과금 들어갈 때마다 속 터져 죽겠네요 한 번에 바로 조회는 빨리 되어야 편리한 거지 최소 23분씩 기다려야 넘어가는데 이걸 도대체 어떻게 쓰란 건지 구 뱅킹 앱처럼 그냥 골라서 조회하게 좀 해주세요
495,좋아요
496,타사 앱 대비 너무 느린데 조회화면 좀 빠르게 전환되게 개선 좀 해주세요 할 때마다 성질나서 타사 앱 오픈뱅킹으로 잔고를 빼고 있습니다 하나은행은 앱이 느려터져서 고객과 멀어져만 가는군요
497,이체가 안되네요 화면이 안 넘어가고 진행이 안됩니다
498,느려터졌고 진짜 쓸 때마다 답답해 죽겠음
499,로그인 한번 하는 게 이렇게 어려워서야 페이지가 안 넘어가요 이런 은행 어플 첨보네요
500,먹통임
501,얼마 전에 핸드폰에 있는 앱들 가운데 잘 안 쓰는 앱들 정리하고 나서부터 지문인증 로그인이 안돼요 인증을 위한 암호 키를 생성하지 못했다고 뜨는데요 보안 앱을 지웠나 봐요 V3였던 가로 기억하는데 보안 앱을 새로 다운로드하면 될까요
502,얼굴인증 안 쓰는데 왜 자꾸 뜨게 만들었는지 간편 비번 치기 전에 꼭 뜨네요 난 동의 한 적도 없는데 지문등록은 해지라고 있는데 얼굴인식은 또 그런 게 없는지
503,방문 없이 대출 신청 정말 좋았습니다
504,좋아요
505,캐시 삭제해도 로그인 안 되고 타행 인증서 등록해놨는데 이체는 안되고 모바일 otp 신청 버튼 누르면 화면이 안 넘어가고 대체 어떻게 사용하라는 거예요 진짜 짜증 나네
506,간편 이용
507,불편함
508,편리함
509,좋아요
510,좋아요
511,업데이트했는데 네트워크 오류로 열리지 않네요 답답 주거래 은행인데 대체 이게
512,믿고 쓰는 하나은행
513,이전보다 더 불편함 하나 입력하고 다음 또 하나 입력하고 다음 왜 일부러 불편하게 만드는지
514,잘해주심
515,굿
516,좋아요 간편하네요
517,좋아요
518,좋아요 무조건
519,하나은행 앱 실행 안됨 며칠 전부터 갑자기 강제 종료됨 갤럭시s21울트라
520,이거 사용 중도 아닌데 왜 계속 알림 창에 떴다 사라졌다가 반복하나요 뭘 확인 중인 건지 알람을 주러 오는 건지 아직 계좌개설 확인 안돼서 거래 시작한 거도 아닌데 
521,아직은
522,오늘 하루 종일 앱이 되질 않네 먹통이네
523,좋아요
524,하나은행 광고 배너 좀 빼세요 뭐 할 때마다 광고 떠서 짜증 나네 거지 같네
525,디자인도 좋고 편해요
526,느리지 않아서 쓰기 편해요
527,렉좀안처걸리게해라씨발들아
528,좋아요
529,굿
530,굿
531,편리합니다
532,느려터짐 업무 하나 보는데 렉 걸려서 30분 동안 도돌이표하다가 어플 삭제하고 은행 갔음
533,은행 안 가고 청약저축도 되네요
534,사용하기 쉽네요
535,편리함
536,간편하고 좋아요
537,좋아요
538,좋아요
539,굿굿 좋음
540,와이파이에서 안된다 하여 와이파이를 끄고 데이터 사용 중인데도 계속 동일한 문구로 작동이 안 되고 지웠다 다시 설치를 하네요
541,좋아요
542,짱
543,편함
544,사용 용이하고 명료함
545,쉽고 편리합니다
546,은행을 직접 방문 않고도 간편하고 손쉽게 이용 가능해서 시간적 여유가 있어 좋다
548,좋아요
549,빨라서 좋아요
550,편리성
551,오픈뱅킹 가입 시 등록된 이멜로 인증 안 됩니다 아마도 추천 지점 않니 면 다음 단계 안되는지 내부적으로 빨리 확인해 보세요 일단 계좌 인증으로 변경해서 가입했어요 주 은행 이용 고객 입장에서 알려드립니다 참고로 갤 노트 10 사용합니다 추가 최초 스마트폰 인증 시 전체 동의 후 인증 요청 하단 버튼 누르면 성공 실패 어느 메시지도 안 나와서 다시 ars 인증을 선택하고 한 겁니다 스마트 인증 실패가 나오면 다른 인증방법을 선택하게끔 안내하거나 위에 이야기 하신 대로 화면이 넘어가지 않으니 이 부분을 점검해보세요
552,계좌 입출금 내역 확인을 위해 앱을 업데이트한 후 실행했더니 들어가지 못하고 자꾸 빠져나오는데 어찌해야 하나요
553,지금까지 몇 개월 사용해왔는데 오늘 갑자기 사진 등 액세스 여부 묻는 팝업창이 열려서 거부 답변했더니 앱이 아예 안 열립니다 대책 말씀 부탁합니다
554,학생증 계좌 때문에 사용하게 되었는데 어플 정말 별로네요 가입하다가 뒤로 가기 한번 누르면 갑자기 다 지워지고 입력 지연 오류 때문에 처음부터 다시 하고 쓸데없이 시간만 많이 버렸네요 학생증 카드 증명사진은 대체 어떻게 찍으라는 건지 찍으면 다 배경 문제로 다시 찍으라고 하고 좋은 화질로 찍어도 구리게 전환해버리는 기술에 탄식했습니다
555,보아요
556,어느새부터 입출금 알림이 안 오네요 설정해놨는데
557,공장 초기화 후에 공인인증서 재발급 받으려니 시작하기 처음 화면으로 자꾸 돌아가 버리네요 어떻게 해야 하나요
558,이용이 편리함
559,사용하기 편하고 좋아요
560,고객센터 운영 정직하게 하세요 1치 방어선에 텔레마케터 앞세우지 맙시다 이렇게 하다간 개인 정보 및 금융 정보가 누출 가능성 높습니다 이런 잔머리는 누가 생각하는 건지 그리고 고객의 소리 접수하는 거 다행이고 폐쇄하지 마세요 은행의 얼굴이고 소통을 통한 신뢰의 상징입니다
561,진짜 쓰레기 같은 기업 기준 코픽스 금리는 08인데 가산금리가 2프로 넘는다 리스크 하나 없는 전세대출 보증보험까지 넣었는데 급여통장에 카드에 청약저축에 자동이체도 3건 걸으라고 이게 꺾기 아닌가 재직 1년 이상 조건 때문에 칼뱅 비대면 대출 못 받은 게 진짜 한이다 너네는 2년 있다 대출 끝나면 바로 손절이다 이러니 서비스는 80년대인데 1조씩 수익 남겨서 자기들끼리 성과급 잔치하는 듯
562,이체할 때 무조건 얼굴인식부터 되는 거 제발 개선해주세요 마스크 써서 얼굴인식도 안되고 기다렸다가 간편 비밀번호 쳐야 하는데 기다리는 시간도 꽤 걸려서 이체할 때마다 너무 불편하네요 얼굴인식 말고도 바로 간편 비밀번호 입력할 수 있게 개선 부탁드립니다
563,간편함
564,아니 뭔 간편 비밀번호 등록하려면 로그아웃 되고 다시 로그인하면 다시 또 로그아웃 되고 장난치나 지금 1시간째 이러고 있음
565,신분증 인식이 진짜 안되네요
566,편리하고 좋네요
567,쉬워요
568,편리함 체험합니다
569,인증 등록 시작한다 하고 앱 멈춤
570,편해요
571,삼성 s10에서 앱 구동하고 조회 클릭하면 바로 죽어버려요 새로 설치해도 같은 증상이네요
572,파이팅 하세요 GOOD
573,사용 중 끊김 현상 ;;;
574,굿
575,신뢰함
576,가입했는데 제멋대로 보안매체를 모바일 otp로 설정해놔서 계좌이체도 못하게 해놓고 모바일 otp 발급받으려니까 사용자 정보 조회 오류 떠서 발급도 안되고 진짜 개 같은 어플 회사 통장만 아니얐으면 갈아치움
577,다 좋은데 계좌 이체 시 비번보단 생체 인식으로 보낼 수 있으면 좋았을 텐데 말이죠
578,너무 느려서 속 터져요
579,감사합니다
580,어느 날 앱을 켜보니 실행이 안 된다 이것만 이래
581,원규는 무슨 생체 보안인증 한번 해보려니 추가로 뭘 깔고 또 깔고 어휴 그냥 은행 이름도 하나 가 아니라 여러 개로 바꾸고 앱 이름도 원류가 아니라 막 크 정도로 바꿔야 맞지 이건 사용자 편의성은 애초에 생각도 안한 장말 제 맘대로 갖다 붙인 운영이라 보네요
582,굿
583,생각보다 직관적으로 쓰기 편하게 되어있습니다
584,좋아요
585,팝업 광고 때문에 정상적인 사용이 불가능함 답변 후 추가 그런 거 쓰라고 공지사항이 있는 거죠 하나은행만 거래하는 것도 아닌데 유독 하나은행 앱만 불편합니다 과거 다음이 한 박자 늦게 뜨는 배너로 광고 클릭수 늘리다가 네이버에 유저 대이동했던 게 떠오르네요
586,좋습니다
587,늦은 로딩 미치겠네
588,좋아요
589,Good
590,버전 바뀌고 나서 왜 이런가요 로그인할 때마다 버벅거리고 로그인 안 되고 급하게 이체해야 하는데 계속 오류 뜨고 쓰라는 건지 말자는 건지
591,앱 실행이 안됩니다 갤 21이고요 답변 좀 요
592,빨라요
593,좋아요
594,편리함
595,편리하게 잘 사용 중입니다
596,앱이 사용하기 간편하고 좋아요
597,알림이 안 와서 문자로 알림도 신청했는데 문자는 안 오고 알림 비용만 빼가냐 알림 좀 잘 좀 보내 바 문자 알림 그래서 바로 취소 뉴스 보니 먼 갑질만 하지 말고
598,편하고 사용하기 너무 좋아요
599,좋아요
600,앱 자체가 들어가지지도 않음 수차례 반복하여 겨우 접속하여 이체 들어가면 다시 먹통 타임아웃 되면서 종료 반복 언제쯤 고칠 예정  답답해서 미치겠네
601,농협 앱 사용하다 처음 사용했는데 너무 편리합니다
602,편리한 기능
603,돈 통 atm 출금을 할 수 있게 해주세요
604,너무 좋아요
605,푸시 알림이 안돼요
606,편리해 좋아요
607,좋아요
608,기존 다른 은행보다는 편하네요
609,하나은행 좋아요
610,앱 실행이 안되는데 어떻게 된 건가요 네트워크 문제라는데  이 앱 빼고 다 실행 잘 됨
611,잔액 확인하려고 한 달에 한 번 들어갈까 말까 한데 그게 접속이 안되네 별시답잖은 어플 계속 만들어내지 말고 이거 하나 제대로 만들 생각 좀 하세요 하나원큐 개발자 찌르레기님
612,좋아요
613,좋아요
614,편리하네요
615,공인인증서 선택하면 멈취서 안되고 계속 다시 깔아도 안되네요
616,친절해요
617,접속이 안 됨
618,굿
619,좋습니다 하나원큐
620,있는 그대로임 쓰고 있는 은행 어플 중 접근성 제로 리플 안 남기고 싶은데 고칠까 싶어서 남깁니다 간편 로그인 설정해놔도 계속 시작하기 나옴 얼굴인식 지문인식 다 해놓아도 쓸데마다 계속 인증 무한 반복
621,빠르고 편해요 검색도 훨씬 수월하고요
622,편리합니다
623,얼굴 인식이 되지 않습니다
624,아니 무슨 가장 기본적인 입출금 알림이 툭하면 안 와서 주기적으로 계좌 등록 다시 해야 되고 이런 어플 하나 제대로 못 만드나 어느 은행 어플이 이럴까 과연
625,편해요
626,간편해서 정말 좋습니다
627,지문인증 로그인으로 바꿀 수 없어요 보안인증 메뉴에서 지문인증 메뉴를 눌러도 아무 반응이 없어요
628,편해짐 토스보다 더 자주 씀
629,툭하면 꺼지고 실행 안됨 이게 몇 번째인지
630,자주 아예 안 들어가지네요 문의해도 지우고 다시 깔으라는데 얼마나 이렇게 더 개선해주세요
631,좋아요
632,직관적이고 편하나 가끔 어플 켤 때 로딩 오류가 있어요
633,어플 사망 갑자기 안 됨
634,언제부터인가 거래내역 조회가 들어가기 어렵게 바뀌었더라고요 예전처럼 첫 화면에서 볼 수 있도 롤 해주셨으면 좋겠습니다
635,빠르고 편리해요
636,이체 시 에러 좀 빨리 고쳐주세요 ;;
637,좋아요
638,어제 핸드폰 시스템 업그레이드 한담부터 인증서 로그인이 튕기네요  앱 삭제 후 재설치해도 마찬가지입니다 
639,아직 사용해 본 경험 없지만 좋을 것 같은 예감이 듭니다
640,간단 명료
641,몇 년을 이용하지만 불편함은 거의 없네요 약간 느리다
642,한번 해보면 너무 편리하고 간편하여 너무 좋습니다
643,안 열리잖아
644,친절해요
645,편하게 돼있어서 좋아요
646,좋아요
647,이제 자주 씀
648,앱 실행이 너무 늦게 뜨고 실행이 안될 때도 자주 있고 불편해서 주거래은행을 바꿔야 할 듯
649,은행에 방문하지 않아도 내 맘대로 간편하게 저축할 수 있어 너무 편해서 좋아요
650,좋아요
651,좋아요
652,Good
653,하나은행 양행 중복이라면서 내방해야지만 해결 가능하다는 게 어이가 없네요 몇 가지 루트 다 막히고 본인인데도 휴대폰인 증 금융인증 뭐 별쌩쑈를 다해도 로그인 막힘 개선 좀 해요 이거
654,앱 다운이 안돼요 매번 다운로드 시도할 때마다 설치할 수 없다고 뜹니다 조치 부탁드려요
655,좋아요
656,왜 열리지 않아요 어젯밤부터 계속
657,하나은행 앱이 계속 중단됨이라고 계속 뜸 앱이 뭐 이래 자주 이런 현상이 발생하네
658,주거래 은행인데 사용하기 너무 편하고 하나 멤버스 등 좋아요
659,뭔 오류가 이리 많은지
660,아주 유익한 정보입니다
661,아니 너무 하잖아요 몇 번째입니까 계속 이용자가 많다고 접속 안되는 게 한두 번이어야지
662,앱 새로 깔게 만들더니 접속자 많다고 계속 안 들어가짐 앞전 앱은 이러지는 않았는데 자신 없으면 만들지나 말지 자기들 편할러고 만든 앱인가 보네
663,오늘 하나원큐 왜 접속 안되나요 급한데 대기자가 3만 명  뭐지
664,앱에 들어갈 수 없어요 거래량 증가라는데 은행 방문 안 하려고 앱 설치한 건데 이러면 앱이 의미가 없죠
665,왜 갑자기 입출금 계좌가 없다면서 안 되나
666,간편하고 좋음
667,저번에 취소했을 때 돈 잘 환불됐는데 이번에 취소한 거는 결제 취소만 뜨고 돈이 안 들어온 거 같아서요
668,편하고 아이요
669,이 전 업데이트에서는 하나원큐시간이 좀 걸리더라도 들어가졌는데 최근 업데이트 이후에는 오래 걸리는 것도 되지 않고 네트워크 다시 확인 해달라는 말과 9999라는 코드와 함께 꺼지게 되는데 이 경우에 대처법이 있다면 알려주셨으면 합니다 하나 데이터나 집에서 흔히 쓰는 와이파이같이 빠른 게 아닌 속도가 상당히 느린 와이파이라서 오래 걸립니다 국내로 들어갈 수 있는 날도 아직 걸리고요 해결해주실 수 있으실까요
670,오류 뜨면서 앱이 자꾸 튕기네요
671,OCOM10484라는 코드가 뜨면서 진행이 안됩니다 차라리 메뉴를 없게 만들던지 왜 이렇게 거지같이 앱을 만드는지 모르겠어요 가입 취소하고 다른 걸로 합니다 쉽고 간편하게 사용자 편의성이 높게 들어야지 경쟁력이 있다고 생각합니다 앱 개발을 업체 맡기지 말고 직접 만들어 수정을 하면서 보완하세요 정말 거지 같습니다
672,해외에서 사용해도 아무 문제가 없음
673,편리하고 따스해요
674,기존보다 편해졌네요
675,무슨 계좌를 한 개밖에 안 뜨냐
676,시작이 안돼
677,좋아요
678,휴대폰 마 끈 후 유료 문자 알림 서비스가 되지 않습니다 앱을 다시 지웠다 깔아도 되지 않고 유료 서비스 해지 후 800원 인출됨 다시 가입해도 해결되지 않습니다
679,이해하기 편해요
680,좋아요
681,진짜 사람 열받게 하는 앱  당장 삭제 계좌 해지하러 갑니다 하나원큐 하나 오티피 또 하나카드 뭔 잡 어플 다 깔아야 상호 연동되고 통합 관리하세요
682,편리함
683,자동 로그인하려고 하면 간편 얼굴인증 등록하라고 하는데 어디서 누를 수 있나요 간편 인증 등록하는 건 찾을 수 없고 얼굴인증은 하기 싫은데 얼굴로 무조건 해야 하나요 지문등록도 하려고 하니까 계속 로그인 페이지로 가지고 등록하는 방법 좀 가이드 부탁드립니다
684,괜찮아요
685,듀얼 유심 폰 사용자입니다 휴대폰 정보가 조회되지 않아 다른 방식으로 인증을 진행합니다 ex USIM 미장착 등 다른 방식도 모두 안 됩니다 하나은행에 처음 가입이시군요 본인 명의의 핸드폰일 경우에만 신규 가입이 가능합니다 타인 또는 법인 명의의 핸드폰을 사용 중이시면 영업점에 방문해주세요 오류코드  NOMEMBER
686,좋습니다
687,악성 앱급으로 배터리를 빨아먹습니다 저장공간 권한 허용하면 앱을 사용하지 않는 중에도 내장 백신이 돌아가서 파일 읽기 쓰기 발생 시 무조건 내장 백신이 돌아가며 배터리를 좍좍 빼먹습니다 오늘 플레이스토어에서 앱 11개 업데이트하면서 81 가 47 되는 매직을 보여주네요 그렇다고 권한 해제하면 구동 자체가 안됩니다 하나 비바 플러스카드 때문에 어쩔 수 없이 쓰는 앱인데 타 뱅킹으로 갈아타야 하나 봅니다
688,편리함
689,쓸만함
690,편리하고 빨라서 좋습니다
691,1점도 아깝다
692,하나 원규는 예약이 제 기능이 없나요 메뉴에도 따로 없고 이체에 들어가도 날짜를 선택하거나 예약이 체 브이 체크 같은 게 따로 없던데요
693,뱅킹 앱에서 하나은행 제로 페이 가입 후 해당 메뉴를 실행했더니 동작을 안 하네요 사용자 인증 후에는 반드시 바코드 QR코드가 생성되어 결제할 준비가 되어야 하는데 그러기는커녕 인증한 뒤에도 4자리 계좌 비밀번호 입력 후 뱅킹 앱 초기화면으로 돌아가네요 제로 페이 결제가 뱅킹 앱에서 서비스 중인 게 확실한가요
694,앱 켜면 계속 튕김
695,굳
696,주거래은행인데 설명도 잘해주고 쓰기 편해요
697,매우 유용하고 사용하기 간편해요
698,빠르고 편리합니다
699,너무 좋아요
700,메뉴 누르고 화면전환이 너무 느려요 다른 로그인 시 도시 인증서 선택 후 너무 느려요
701,편해요
702,이 은행은 앱을 손님을 위해 만든 게 아니라 자기네를 위해 만들어놓았네요 아무리 사기업이라지만 초기 메뉴를 저리 만들어놓고 쯧쯧
703,Good
704,공동 인증서 가져오기랑 재발급해도 인증서 가져오기 실패 또는 재발급 후 관리 목록에 안뜸
705,얼마 전부터 입출금 푸시 알림이 안 와서 설정 다시 하고 몇 번 알림 오다가 다시 늦게 오거나 아예 푸시 알림 안 옴니다 푸시 알림 에러가 한두 명도 아니고 자체 하나 앱이 문제입니다 타은행권은 초기 설치 시 앱에 필요한 부분을 기본 설정하게 도와줍니다 은행은 칼같이 이체 완료 버튼 누르면 바로 출금 푸시 알림 옴니다 계속 푸시 알림 에러 생기면 유료 문자 알림 써야 되네요
706,비대면으로 적금도 들고 직접 가지 않고 집에서 폰 하나로 할 수 있어서 좋아요
707,편리하게 잘 짜인 것 같아요
708,좋아요
709,연동 잘 되고 빨라서 좋아요
710,예금이나 적금 상품 검색하다가 뒤로 가기 하면 리셋되는 것만 해결해주세요
711,일부러 앱을 이렇게 개 같게 만들었나요
712,수정한 줄 알았는데 체감상 8090의 확률로 다시 종료 팝업 나오고 오른쪽에 커다랗게 가입 버튼이 나오는군요 이미 앱을 이용하는 사람들은 고객이고 적절한 상품이 있다면 앱 안에서만 광고해도 충분하고 이용할 사람은 다 이용하지 않을까요 굳이 정말 굳이 종료 팝업창에 커다랗게 오픈 뱅킹 쓰라고 광고까지야 그렇다고 쳐도 종료 버튼을 왼쪽에 조그맣게 넣을 필요가 정말 있었나요 상식적으로 종료 버튼이 크고 끄기 편해야지 이게 진짜 무슨 행태입니까 이런 식으로 하면 반발만 생길 겁니다 팝업이나 버튼을 없애달라는 것도 아니고 평범한 종료 팝업창으로 바꿔달라는 게 그렇게 어렵고 무리 가는 일인가요
713,굿
714,좋아요
715,전보다 깔끔해졌네 이미지 브우드럽고
716,은행 앱이 왜 이렇게 불안정해요 
717,좋습니다
718,굿
719,좋아요
720,좋아요
721,엄청 간편하고 빠르고 쉽습니다
722,상품 가입이 간편하네요
723,몇 번이고 다시 깔아도 앱 정보 확인 중 c2에서 안 넘어갑니다 빨리 처리 좀 해주세요
724,돈에 환장 들했는가 은행 어플이 무슨 게임 어플이야 어플 종료 시 종료 표시 실수로 잘못 누르면 통합 관리 까는 거 설정하라고 넘기는 거 해놓고 은행 어플이 이런 식으로 낚고 해도 되나 싶다
725,머지 
726,편함
727,간편하니 좋아요
728,비밀번호 입력할 때 틀리면 비밀번호를 다시 입력해 주십시오 앞에 비밀번호가 틀립니다 좀 붙여주세요 말을 헷갈리게 써놨어 
729,굿
730,푸시 알림이 안 옵니다 당연히 설정은 완벽히 되어있고요
731,좋음
732,우선 새로워진 것에 대한 것은 매우 좋으나 약간 아쉬웠던 게 적금을 하려고 했는데 인증을 했는데 또 인증하고 또 인증했어요 
733,쓰기 좋아요
734,대출 문의를 하기 위한 것인데 가입하기도 없고 객장을 찾아가야 하는 것인지 아니면 어플 가입 자체를 객장에서 신청하고 해야 하는 것인지 안내도 없고 그저 일시적인 오류라고만 뜨네요 어플에서 회원가입이 안 되는 것인가요
735,갤럭시 S10e 기종에서 디바이스 케어 항목에 앱 충돌 메시지가 계속해서 반복적으로 나타납니다 오류 처리 바랍니다
736,편해요
737,적금 대출 모두 원류로 하나원큐 정말 편해요
738,진짜 이런 거 안 남기는데 오류 너무 심함 뭐 하나 실행하려면 한참 걸리고 렉 걸리고 일처리를 할 수가 없음 핸드폰을 몇 번을 껐다 켰다 하는지 모르겠음 은행 어플 많이 쓰는데 이렇게 화난 적은 또 첨이네요
739,혹시 기간 동안 순유입은 볼 수 없나요 원래 있었던 기능 같은데 지금은 찾을 수가 없어요 이번 달 동안 어느 정도 썼는지 알고 싶은데요
740,편해요
741,화딱지 나서 제거하고 사용하지 않기로 했습니다 앱이 진행되지가 않네요
742,쓰기 편해요
743,너무 오류가 많고 자주 멈춰요 특히 이체를 하려고 하면 멈춥니다 통장에 돈 넣어 두라고 일부러 이체가 안 되게 하는 것은 아니겠죠
744,업무 보기 편리하다
745,사용하기 편해요
746,적금도 스마트폰으로 하니 너무 편해요
747,편하고 좋아요
748,저번에 타은행 계좌로 계좌이체할 때는 otp 카드 없이 계좌이체가 가능했는데 지금은 또 필요하다고 뜨네요 혹시 바뀐 건가요
749,전에 쓰던 거랑 비슷해서 뭐 쏘 쏘
750,권현
751,쓰기 편해요
752,초기 비밀번호 등록을 쓸 때 마다해야 함 쓰레기 앱 신한은행으로 갈아타는 계기가 된 앱
753,좋아요
754,오류가 잦음
755,별 한 개도 아까워요 아 너무 열받아요 앱이 아예 열리지를 않고 ᆢ 자꾸만 앱 종료라고 뜨고 보고서 제출ᆢ 뭐 이딴 글만 뜨고ᆢ오후 내내 볼일 송금 한도 못하고 앱만 믿고 있다가 완전 낭패ᆢ금요일 오후라 은행 문의전화도 안되고ᆢ설정어플메뉴틕별한접근 들어가 배터리 사용량 최적화하지 않으면 하고 재부팅해도 앱 안 열려요
756,앱이 안 깔리네요
757,갑자기 실행이 안 돼요
758,빤짝
759,다른 은행 계좌 추가가 갑자기 안되네요 왜 이러는 걸까요
760,굿
761,사용하기 간편하고 쉽게 볼 수 있어 좋아요
762,쉽고 편리합니다
763,금융 관련 앱만 10개를 넘게 사용하는데 이런 경우는 처음이네요 로그인하려면 사용자가 없다고 하고 가입하라고 하고 가입해보려고 인증까지 완료하면 이미 가입되었다고 하고 어떻게 하라는 것인지
764,하나은행 계좌 전체보기가 없어졌음  완전 짜증 남
765,쉽네요 사용이
766,좋아요
767,돌아버리겠네 잘 사용하다가 갑자기 처음 화면에서 중간에 초록색 점 생기고 계속 멈춤 지우고 다시 깔아도 마찬가지 돈 빼야 하는데 돈을 못 뺌  나만 이런 건가
768,어플 점검 좀 해야 할 것 같네요 계약하는데 송금이 계속 안돼서 애먹다가 결국 다른 은행 이용했습니다 타은행 연결 안 되어있었으면 큰일 날뻔했습니다
769,간편하고 진행이 빠르네요
770,설치가 돼야 멀 해먹지 
771,대영 딸 결혼 10
772,느린 편이지만 성능이 좋아요
773,간편하고 사용하기 쉬워서 좋아요
774,평소에 이체 잘 되다가 갑자기 보안매체 인증 필요하다고 이체 안되네요
775,good
776,굳
777,로딩 화면 앱 정보 확인 중 C2에서 안 넘어가네요 며칠 전까지 잘 되다가 오늘 이체하려니 안되네요 업데이트도 해봐도 안됨 뭐가 문제인지
778,쿠폰 마켓이 보안매체 어쩌고 하면서 결제가 안되네요 새 폰인데요 며칠째 이러고 있네요 진짜 답답 쓰라고 홍보를 하지 말던가
779,쓰면서 너무 스트레스 통장은 가서 만들까 봐요 휴대폰 인증으로 넘어가면 눌리긴 하나 체크가 안됨 수정이 필요할듯합니다
780,로그인할 때 하단에 간편 인증 등록을 누르면 무조건 첫 화면으로 넘어갑니다 개선 부탁드립니다
781,218android60
782,좋아요
783,하나은행은 잘 안 쓰지만 좋아요
784,앱이 자꾸 튕겨요 아예 들어가질 못하고 있어요 삭제하고 다시 깔아도 똑같네요 문제 해결 좀 해주세요
785,왜 빠른 이체가 없어졌나요 휴대폰을 바꾸고 보안카드 없이 이체하는 게 안되어 빠른 이체를 찾아보니 심플 이체만 있고 사라졌네요 이런 경우엔 어떻게 해야 하나요
786,사용하기 편해요
787,느려요
788,설정에 들어가서 문자 알림을 하려는데 문자 알림이 안 눌려져요 다른 건 거의 다 잘 눌려지던데요
789,엘지 폰 벨벳 쓰는데 플레이 앱 다운로드 안되네요 리소스 재시도 하라는 팝업 창만 뜨네요
790,하나원큐 위젯 아주 잘 쓰고 있어요 위젯 크기만 좀 조절할 수 있게 업데이트해줘요 그러면 대만족
791,체크카드 없어도 휴대폰으로 앱 통해서 출금이 가능한 게 아주 편해요
792,빠르고 알아보기 쉽고 좋아요
793,사용하기 편리해요
794,굿굿 좋음 좋네요
795,다운로드가 왜 안될까요
796,편리하네요
797,좋습니다
798,편리합니다
799,최고로 좋아요 최고예요
800,왜 화면 로딩이 안 끝나요
801,굿
802,편리
803,좋은
804,오픈뱅킹 좋아요 자동 로그인 도요
805,편하다
806,매우 만족합니다
807,수월하게 진행돼서 시간 절약이 되네요
808,넘넘 만족합니다
809,좋아요
810,너무 편리합니다
811,수정하니 송금됨 기모띠
812,주거래은행 바꾸려고 이것저것 하고 있는데 쉽게잘되잇어서 좋아요
813,편합니다
814,굿
815,좋아요
816,CX 디자인이 좋고 사용하기 직관적입니다
817,얼굴인식 서비스 편하고 좋아요
818,설치가 안되네요
819,갤럭시 5 사용자인데 앱 실행이 안됩니다 도움 부탁드립니다
820,많이 좋아졌네요
821,괜찮아요
822,예금 가입 해지 대출 등등 편리합니다
823,편해요
824,우앙굿
825,편해요
826,굿굿 좋아요
827,입출금 시 알림이나 진동 없음
828,깔끔하네요
829,좋아 융
830,급한데 1002 timeout
831,계좌 조회 중에 내역 보려는데 버퍼링 심하네요
832,좋습니다
833,칭찬합니다
834,굿
835,많이 편리해졌어요
836,좋아요
837,투자 상품 좀
838,로그인 방식을 변경하려고 인증을 받으면 화면은 계속 안 넘어가고 오픈뱅킹은 계좌가 다 없어져서 다시 등록하려 하니 비등록 계좌라며 오류가 뜨고 뭔가 아주 불편해졌네요
839,은행 바꾼다;
840,편리해요
841,G610L 폰 모델명이고 안드로이드 810입니다 하나원큐 실행이 안돼서 삭제 다시 깔고 반복을 여러 번 해도 안 되네요 실행하면 계속 빙글빙글 돌기만 합니다 뭘 어떻게 해야 사용 가능한가요
842,좋아요
843,어플이 로딩 화면에서 계속 꺼져서 아래 댓글에 다신 것처럼 캐시 삭제나 최적화 깔았다 지우는 등 다 해봤는데도 변함이 없네요 핸드폰의 문제가 아닌 어플 자체에 문제가 많은데 수정이 왜 안되는지 모르겠어요
844,운전면허 인식을 못 해서 34번을 촬영 시도했다 이 정도면 앱 개발한 외주업체 고소해야 하는 거 아니냐 결국 포기했는데 어쩌면 사진 촬영을 어떻게 하건 오류메시지가 리턴 되게 코드를 짜둔게 아닌가 의심스러운 수준이었다 별 1개도 아깝고 회사 주거래은행만 아니었으면 진작에 갈아탔다 이게 대한민국 핀테크 현주소인데 너네가 대체 무슨 염치로 친 기득권적인 정치압력을 행사하고 있는지 모르겠다
845,편하고 빠르고 좋네요
846,어플 실행이 빨라서 좋아요
847,편해요
848,편리하네요
849,느리고 용량 크고 무겁고 계좌 바꿀 때 화면 어두워졌다 밝아졌다 벌벌거리고
850,간편 로그인 비밀번호 설정하고 로그인하는데 왜 계속 비밀번호 틀리다고 뜨나요 들어갈 때마다 비밀번호 설정하고 있네;;
851,Good
852,편리성 매우 양호 Good
853,푸시 알림이 잘 안됨 늦게 오거나 안 옴 타은행은 거의 바로 오는데 하나은행은 70프로 안 오거나 아부 늦게 옴
854,간편
855,좋아요
856,구버전 앱은 종료가 안된 거 같은데 구버전 앱은 삭제해야 하나요
857,간편결제
858,진자 짱입니다
859,대출 잘해줌
860,뒤로 가기 두 번으로 종료할 수 있게 바꿔주세요 종료 팝업창 광고 좀 그만하시고요
861,어풀하기쉬어용
862,전반적으로 만족합니다 간혹 실행 직후 다른 앱으로 이동하고 다시 돌아오면 화면이 보이지 않는 경우가 있습니다
863,휴대폰 인증에서 유심 감지해서 맞지 않으면 인증조차 못하고 간신히 조건 맞게 했더니 이번에는 휴대폰 이후 단계에서 무한 로딩 이딴 걸 앱이라고 처 만들고 자괴감은 안 오나
864,하나은행이 점점 이벤트를 많이 해서 자주 찾게 돼요 점점 재밌는 서비스가 많아져요 감사합니다
865,편리하게 잘 사용하고 있습니다
866,굿
867,편해요
868,좋아요
869,참 좋아요 편하고
870,진짜 편하고 좋아요
871,잘 쓰고 있는데  입출금 알림이 어느 순간부터 아예 안 울리네요 이유가 있을까요 푸시 알람 다 켜져 있고 설정도 되어있는데 갑자기 안되네요
872,좋아요
873,좋아요
874,항상 좋은 정보를 줘서 너무 좋아 요
875,너무 안돼요 어플 때문에 은행 바꿔야 할 듯 오후 화딱지 컴퓨터 뱅킹도 안되고 모비일 어플도 안되고 지금 몇 번째 이체 시도를 하는지
876,오늘 뭔 일 있나요  왜 열리지가 않아요 
877,저 대학 등록금 분납신청해서 2회까지 이 앱을 통해 납부했는데요 오늘 3회차 납부일이라 납부하려고 했는데 오류코드 뜨면서 납부기간이 아니라고 합니다 오늘과 내일이 납부기간인 게 분명한데 이게 어떻게 된 일이죠 은행에 방문할 시간이 없어서 앱으로 꼭 납부를 해야 합니다
878,앱 정보 확인 중 C2에서 멈춰서 어플 입장 자체가 안되네요
879,직관적이고 좋음
880,뭔가 문제가 있다 실행이 안되네 폰을 재부팅해도 어플을 삭제하고 재설치해도 안됨
881,갑자기 기존 로그인 방식이 안되는데 오류인가요 타 은행 앱보다 사용이 편하진 않네요 로그인 선택 화면에서 터치해도 먹통이고 계속 강제 종료 중이에요
882,간편하고 좋아요
883,아직도 opt를 쓰다니 시대에 흐름을 못 따라가는 것 같아요
884,좋아요 하나
885,은혜를 아는 사람들
886,카드 등록하려는데 맞게 써도 알맞은 카드 정보 쓰라면서 계속 안 되네요
887,좋아
888,휴대폰 인증도 되는데 왜 비대면 계좌는 본인이 아니라고 뜨나요 도플갱어가 있나 기가 막히네요
889,한눈에 들어와서 편합니다
890,이전 앱이 사용성이 낫네요 익숙해서가 아니라 이건 원 하아
891,간편해졌어요
892,사용하기 편하고 좋습니다 
893,편하네요 조금 느려도
894,좋아요
895,좋아요
896,너무너무 편하고 좋아요 
897,편리하고 좋습니다
898,다운이 안돼요
899,잘 쓰고 있었는데 요즘은 접속하면 꺼지고 누르면 꺼지고 열리지도 않네요 무슨 일인 거죠
900,개 불친절
901,입출금 알림이 안 와서 불편해요 다른 데는 잘 오는데 왜 안 오는 건지 궁금하네요 진짜 하나은행 어플은 항상 그런 거 같아요 주 거래를 바꾸고 싶어질 만큼 요
902,최악의 앱 구하나 뱅크는 왜 아직 살려놨나요
903,하나 원규는 왜 타행 계좌 순서 변경이 안 되나요 하나은행 계좌는 아플 상에서 계좌 순서 변경 기능이 있는데 타행 계좌를 등록 후 원하는 순서대로 변경하고 싶어도 기능이 없네요 하나은행은 되고 타행은 안되고 차별이 심하네요 덕분에 계좌 순서가 뒤죽박죽이라 사용하기 영 불편하네요 별것도 아닌 기능을 일부로 제공 안 해주는 건지
904,편리하게 사용 중입니다
905,간편하고 이해하기 쉬움
906,얼굴인식 최고다 너무 빠른 인식
907,얼굴인증하라고 해서 할 때마다 오류 떠서 안된다 그러고 얼굴인증 해지를 했더니 또 얼굴인증을 하라고 하네요 해지했는데 어떻게 인증을 합니까 지문인식 한번 하면 됐지 왜 얼굴인증을 또 하라는 건지 모르겠네요 안되면 비번이라도 치게 해주던가 무조건 안된다고 넘어가지도 못하게 하니 서비스 이용이 전혀 안됩니다
908,처음으로 이용했는데 쉽게 처리되는 것을 보고 신기했습니다 다음에 또 사용해야지 하는 생각이 드네요
909,차라리 이전 버전이 나은 듯;; 하나원큐 쓰고부터 입출금 알림도 실시간으로 안 뜨고 거의 랜덤하게 뜰 때도 있고 아닐 때도 있고 참고로 전에 리뷰들 다 확인하고 푸시 알림 안 뜰 때 답변으로 고지해주신 방법 다 해봤어요 앱이 불안정해서 그런 건가 저는 잘 모르지만 푸시 알림 제때 안 뜨는 것만으로도 다른 은행으로 옮기고 싶은 생각만 드네요  하나은행 꽤 오래 썼는데 어플 때문에 옮기고 싶어요
910,구인 증서 열람 안 되게 하고 늘 느리고 알람도 느리고 하나은행을 급여통장으로 하라는 건지 말라는 건지
911,편리함
912,별 하나도 아까움 구 공인인증서 겁나 느림
913,갤럭시탭 A7 하나원큐에서 PC 또는 스마트폰에서 범용 인증서 가져오는 메뉴에 가서 실행하면 하나원큐 초기 로그인 화면으로 되돌아가버립니다 인증서를 가져올 수 없습니다 폰 구해다가 해보기 바랍니다 타사 앱은 아무 문제 없습니다
914,앱 실행이 며칠째 왜 계속 안 되나요
915,앱 다운로드하려고 하니 대기 중에서 넘어가질 않아요
916,편해서 좋아요
917,좋아요
918,사용하기 편해요
919, 보다 훨씬 편함
920,이벤트 꽤 있음
921,구 버전은 잘만 돌아갔는데 새 버전 깔고 나서 아예 들어가지지가 않아서 매번 새로 깔고 지우고 하고 있네요 너무 불편합니다
922,아주 굿에요
923,입출금 내역 알람이 울렸다 안 울렸다 합니다 입금 시 어쩔 때는 뜨고 출금도 그러네요 하도 답답해서 ATM 앞에 가서 입출금 해봤는데도 알람이 울렸다 안 울렸다 하는데 해결방안 없나요
924,편리합니다
925,굿 예쁘다 앞서나간다
926,좋아요
927,계좌번호 입력할 때 한글표시가 숫자 표시로 바꿔주면 사용하기가 훨씬 편할 겁니다
928,앱 오류인지 안돼요 로딩 되다가 오류인가 그러면서 꺼짐  매번 이체 및 장금 등등할 때마다 재설치 다시 지우고 다시 재설치 해야 돼요 미치겠네 아
929,다운로드 잘 안되고 설치 후에 앱 실행이 안돼요 하나은행 어플만 이러네요 어떻게 해야 하죠
930,하 진짜 쌍욕 나올 거 같은데 참고 쓸게요 신분증 인증을 30번씩 처 시키는 어플은 처음 본 거 같은데;; 다른 어플 다른 은행 다 바로 인증됐는데 이 어플만 안되는 이유가 뭐죠
931,좋아요
932,대출 예상 이자 조회 찾기가 너무 어려워요 그래서 새로운 앱 이용 안 하고 기존 원류 앱 이용합니다 기존처럼 눈에 보이는 조회 메뉴가 편합니다 대출계좌를 클릭해서 이자 조회는 누구 아이디어인가요 보물찾기 하는 것도 아니고 빠른 개선 바랍니다
933,겨 속 안 켜져요
934,뭘 이렇게 자주 바꾸는지 모르겠네요 그때마다 서비스나 이용 경험이 확 개선되는 것도 아닌데 괜히 불편하기만 합니다 잦은 앱 개편 반대합니다
935,좋아요
936,계속 접속 오류가 뜨며 안되네요
937,좋아요
938,결제할 때 얼굴인식이 아닌 지문이나 비밀번호가 기본 수단이었으면 좋겠습니다 가뜩이나 코로나 때문에 마스크 쓰고 다녀서 내리기도 불편한데 인식도 잘 안됩니다 결국 간편 비밀번호를 입력하게 되는데요 처음부터 비밀번호를 입력하는 게 훨씬 나을 것 같습니다 왜 이렇게 업데이트되었는지 모르겠어요 혹 제가 설정을 바꿀 수 있는 건가요 그 외의 것은 다 잘 쓰고 있습니다
939,구글 플레이 개발자 연락처 이메일 없는 메일이라 뜹니다
940,사용하기 편하네요
941,지문등록 어떻게 하는 겁니까 계속 간편 번호 등록해야 한다고 뜨고 이전 거보다 복잡해서 모르겠네요
942,알림 안 옴
943,처음 써봤는데 좋은 거 같아요
944,이체하는 화면에서 자주 찾는 계좌 보이는 화면이 너무 작게 보이네요 아무리 해봐도 커지지 않네요
945,앱 다시 설치해도 앱 정보 확인 중 c2에서 멈춘 것만 확인한지 10시간째 수정하는 건지 너무 불편한데 어떻게 하라는 겁니까
946,편리하고 좋아졌어요
947,이거 계좌이체를 하면 오류가 뜨네요 빨리 고쳐주세요
948,지금 앱이 안된지 며칠 됐어요 지웠다가 새로 깔아보기도 했는데 몇 번 되더니 이제는 아예 튕겨요 갤노트 10 쓰고 있습니다 폰 업데이트는 다 되어있는 상태에요 쓸 수가 없어서 많이 불편해요
949,구 앱은 OTP 시간 남아있어도 시간 초과라 뜨지 신규 앱은 설치되지도 않지 돈은 이체해야 하는데 묶여있지  참 앱을 만들어도 좀 어찌해봐요 ARS 인증만 18번 넘게 해도 안되고 아우 미쳐 버러려
950,어제 업데이트 이후로 열리지가 않네요 지우고 다시 깔아도 안됩니다
951,좋아요
952,좋아요
953,좋아요
954,편리합니다
955,좋아요
956,신용대출 연장 화면에서 스크래피 및 약관 동의 체크 후 버튼이 눌러지지 않습니다 해상도 문제인가 싶어 변경 후 시도해봤는데도 되지 않네요 UX 점검 부탁드리겠습니다 S10e 안드로이드 11입니다
957,하나원큐앱 누르면 1초 만에 다시 닫히네요 해결 방법 알려주세요
958,만족
959,종료 상태에서 뭔데 꾸준히 백그라운드에서 상주하면서 내 앱을 검사합니까 이거 진짜 악성인데요 관리 이따위로밖에 못하나요
960,이용하기 쉽게 잘되어 있네요
961,편리하고 좋아요
962,지문
963,어플 실행 짜증 나게 한 달째 안되는데 이체할 때마다 계속 다운로드하게 할 겁니까 같은 오류로 고객 컴플레인 계속 들어오는데 확인만 하겠다는 매크로 답변하지 말고 업데이트이든 점검이든 조치를 좀 하세요 비행기 모드 안드로이드 웹뷰 죄다 최신이니까 문제 파악해서 전화 주세요 44750514
964,네트워크 오류로 하루 종일 접속 안되고 앱 리뷰에 재설치하면 되었다고 해서 재설치하려고 수차례 시도했는데 대기 중으로 설치도 잘 안되네요
965,편하고 좋아요
966,굿
967,간편한 인증
968,좋아요 잘 쓰는 중
969,굿
970,편해요
971,네트워크 연결 안 되는 오류가 며칠째 캐시 삭제해도 그러네요 개선 좀
972,해외에 거주하는데 구 버전 앱은 이체가 잘 되는데 새 버전 잘 안되네요 그리고 구 버전으로는 전세대출이 안돼서 새 버전 앱으로 신청하려고 하는데 자꾸 서비스 이용 중 오류가 발생했습니다라고 뜨네요 고객센터에서 네트워크 연결 문제인 것 같다고 해서 데이터 연결이 잘 되는 곳으로 가서 했는데 이체는 되고 좀 더 많은 단계까지는 가는데 이번에는 스크래피 중 오류가 발생했습니다라고 뜨네요 해외에서는 앱으로 전세대출을 신청할 수 없는 건가요 지점 직원은 된다고 했는데 그리고 스크래피 중 오류가 발생했습니다라고 뜨는 건 어떻게 해결해야 하는 건가요 왜 제가 할 때는 계속 오류가 발생했다고 뜨는데 고객센터에서는 제 기록에 오류가 발생했다고 나오지 않는다고 하는 건가요 하나은행이 주거래은행이라 관련 앱만 다섯개하나원큐 구버전 신버전 하나카드 하나 앱 카드 V3 모바일 플러스인데 하나하나 깔 때마다 실망을 안겨줘서 돈을 버는 목적 중 하나가 주거래 은행 바꾸기가 되었습니다
973,여기 지점장들하고 윗사람들이 범죄자들이더구먼 멀리 안감 이제 절대 안 씀
974,네트워크 문제 삭제 후 재설치 앱 안 열림
975,좋아요 쓰기 편합니다
976,계속 오류 며칠째
977,좋아요
978,며칠 전부터 실행이 안되고 다운되고 멈추고 서너 번 지우고 새로 깔아도 만찬가지
979,좋아요
980,좋다
981,빠르고 편리
982,종료를 위해 스마트폰 뒤로 가기 누르면 최초 종료 창은 순식간에 사라져 로그아웃 안되고 엉뚱한 버튼을 누르게 되고 한 번 더 뒤로 가기 해야 팝업창이 안 사라지는데 개선이 필요합니다
983,편하고 쉽네요
984,비대면 편하네요 모르는 부분 상담 요청드리니 상담도 잘해주시고 전 어플보다 오류가 거의 없고 빠르게 진행되어 만족합니다
985,편리하네요
986,Good
987,좋음
988,잘 사용 중이었는데 얼마 전엔 네크워크 오류 계속 떠서 저랑 같은 상황이신 리뷰 보고 다시 지우고 설치했더니 되었어요 설치 후 이체하고 나서 시간 좀 지나고 다시 들어가면 아예 응답 없음으로 멈췄다고 자동 종료되네요 이체할 때마다 지웠다 다시 설치해야 하던데 너무 번거롭네요 문제 있는 거 같은데 확인 바랍니다
989,좋아요
990,좀 심하지 않나 싶은데 14를 왜 이용자가 해야 되죠 한다고 제대로 되지도 않을뿐더러 어플이 인터넷 접속 환경을 왜 따지는지 이해가 안 됨
991,구 공동 인증서로 로그인 시 도시 앱이 다운되어버리네요 어찌해야 할까요
992,일주일째 삭제하고 다시 설치하고 실행하려고 해도 앱 정보 확인 중에서 다음으로 안 넘어가요 권한도 확인하고 했는데 다른 우리은행 국민 신한 다 이용 잘되고 있습니다 어떻게 해야 하나요
993,오픈뱅킹 계좌 추가 등록을 하려니 넘어가질 않네요  재설치 재부팅 다해봤는데 그전에 이미 하나 등록하고 또 등록하려니 갑자기 튕겨져서 더 어이없네요
994,은행에 가지 않아 편안한데 사람들이 몰리면 너무 오류가 나요
995,와이파이 엘티이 잘 터지는데 접속이 안됩니다
996,퇴직연금상품 왜 수익률순으로 못 보게 됐음  이름순으로 밖에 없네
997,잘 사용하고 있어요
998,앱을 사영하야 여러 계정을 할 수 없군요
999,갑자기 앱 실행이 안돼요
1000,지문등록하려면 로그인해서 하라 해놓고 로그인해서 등록하려면 로그아웃시켜버리는 기적의 어플 흐름 구성한 놈 내 진심 궁금 ui 최악
1001,굿
1002,새로 깔아도 자꾸 오류가 발생하고 앱이 실행되지 않아요
1003,굿
1004,좋아요
1005,입력이 반복되는 것 보완 필요
1006,nfilter prefix가 없데요 뭐 복호화식오류가 발생했다는데 뭔지 모르겠어요 재설치해도 안돼요
1007,댓글에 적힌 거 하라는 데로 다했는데 앱 접속이 안되는데요 송금해야 하는데 창구가 란 건가 조치 좀 얼른 하세요
1008,자꾸 인터넷에 연결되지 않는다고 떠요 계좌이체를 해야 하는데 계속 다운되네요 한 달 넘었어요 월급통장이어서 거기서 이체해야 하는데   벌써 3번째 앱 제거했다가 다시 깔고 있네요
1009,2021322일자 업데이트 내역엔 기타 사용성 개선이라고만 덜렁 쓰여있네요 너무 무성의 무심하네요 업데이트 내역 상세히 꼭 써주세요 금융앱은 투명해야 합니다
1010,VeryGood
1011,편해요
1012,1월 13일 업데이트 내용 자세히 적어달라고 했고 답변도 달려서 뭔가 바뀌는 줄 알았는데 3월 22일 업데이트도 내용이 기타 사용성 개선이네요 리뷰 무시하고 복사 붙여넣기 답변만 등록하는 거 잘 알겠습니다  업데이트 내용 기타 사용성 개선 딸랑 한 줄 적어놓고 자동 로그인 지문 로그인 다 초기화 시켰나요 뭐가 편해진 건가요 이름이 원규라서 업데이트 내용도 원류로 적으셨나 보네요 재설치 하라고 매크로 답변해 주실 필요 없고요 업데이트할 때는 뭐가 바뀌었는지 좀 보이는 데다 적어주고 기존 앱 업데이트 상황 테스트도 좀 해주세요  하나원큐 하나 알림이 이제는 뉴 하나원큐 앱이 엄청 많네요 뭘 써야 할지 모르겠어요  하나 지큐 하나 쓰리큐 하나 포 큐 하나 파이브큐 나오는 건 아니죠
1013,지금 접속이 안됩니다 확인 요망요
1014,굳입니다 가독성 좋고요
1015,잘 쓰고 있어요
1016,어제부터 계속 아예 들어가지지가 않아요 다시 깔아도 계속 반복이 앱만 그래요
1017,접속이 왜 안 되나요 통신망 연결 오류 뜨네 다른 은행 어플은 잘만 되는데
1018,적금 가입하기도 편해졌어요
1019,ARS 인증하는데 왜 전화 안 와요 5번이나 시도했는데도 뭐임 고치세요
1020,편하고 좋아요
1021,감사합니다 잘 쓰고 있습니다
1022,자주 이체 등록이 안 돼 있네요
1023,자꾸 어플 실행 안됨 이번이 3번째인 듯 한번 안되면 며칠씩 안돼서 매우 불편
1024,그냥 느림
1025,네트워크가 설정 안 되어있다며 접속이 아예 안되네요
1026,언제부터인가 입출금 알림이 전혀 오질 않습니다 설정 건드린 적 없고 알림 계좌 삭제 후 다시 등록 백그라운드 절전 앱 설정 알림 모두 정상적으로 만져 놨는데 안됩니다
1027,거제도에 시집오니 하나은행이 딱 1개라 멀어졌는데 다시 써요
1028,인터페이스 보안 다 만족합니다
1029,오늘 갑자기 안되네요 삭제했다 다시 깔아도 앱 접속이 안돼요 쓰지 말란 건지 진짜 답답
1030,앱 이런 식으로 만들어 놓을 거면 아예 없애버리세요 신분증 사진촬영만 몇십 번 하고 결국 다 실패해서 지점 방문을 하라고요 계속 재촬영하라 하고 번짐 없이 찍히면 인증 실패 개그 하네
1031,예 전집에서 딜 라이브 사용할 때는 잘 되었었는데 지금 집에서 스카이라이프로 바꾸었습니다 하나카드 원규는 잘 되는데 하나은행 원규는 비행기 모드 데이터 캐시 삭제 어플 새로 깔았다 지우기 핸드폰 껐다 다시 키기 등등을 다 해보아도 와이파이에선 접속이 안되네요 그냥 lte로 접속해야겠습니다
1032,굿굿굿
1033,편리해요
1034,이전 버전보다 많이 간편해졌습니다 하지만 하나금융그룹의 어플들을 좀 더 통합하시는 게 사용자 입장에서 필요하다고 생각합니다
1035,대기표 미리 발급받는 건 되는 건가요 아니면 지점마다 차이가 있는 건가요
1036,먼 자꾸 인터넷이 연결 안 된대  장난하나 에러코드 9999
1037,손쉽게 안전하게 이체가 가능한 것이 큰 장점
1038,좋아요
1039,굿모닝
1040,다운로드 안돼요 문의 남겨즈림니다
1041,좋아요
1042,앱 종료 좀 할 수 있게 종료 화면 ui 바꿔주세요 앱 종료 버튼 누르면 자꾸 아래에 있는 딴 버튼이 눌려서 종료를 할 수가 없네요;;
1043,네트워크 오류라 해서 지우고 다시 깔았는데 이체 한번 하고 또 오류가 나네요 이젠 어플 실행만 시켜도 자동으로 바로 닫힙니다
1044,앱이 자꾸 튕겨요
1045,입출금 알람 잘 되다가 며칠 전부터 안 뜹니다 폰 설정 건드린 거 없어요 확인 좀 부탁드립니다
1046,좋아요
1047,좋아요
1048,편해요
1049,어플 지웠다 설치했다 지금 4번째입니다 왜 자꾸 어플이 안 들어가지거나 네트워크 문제라고 에러 뜨는 건가요 다른 어플들 모두 다 잘 되는데 이래서 하나은행 쓰겠나요 급히 이체해야 될 경우들이 많은데
1050,업데이트하고 나서 아예 실행이 안돼요
1052,주 거래를 하나로 바꿔서 원류 설치했습니다 인증 다하면 이체 수수료 평생 무료라고 했는데 pc에서 인터넷 뱅킹해도 무료인가요 아니면 원큐앱에서만 무료인가요
1053,쓸만해요
1054,사용 편해요
1055,좋아요
1056,인증서 폰에서 pc로 옮기려 하는데 계속 어플이 꺼집니다 업데이트도 안되고요
1057,신분증으로 여권 촬영이 안 돼요
1058,사용하기 편하네요
1059,좋아요
1060,채팅상담 도중에 답장이 안 쳐지네요 이게 뭡니까 이게
1061,빠르게 진행 가능하네요
1062,하나은행 어플 삭제하고 다시 깔면 되고 한 번이라도 나갔다가 다시 실행하면 튕겨요 밑에 댓글 보고 웹뷰 크롬 전부 재설치해했는데 안됩니다 너무 하시는군요 얼른 해결해 주세요
1063,지문인증하는데 별도 앱이 필요해서 불편
1064,보안인증에서 얼굴인증이 잘 되다가 며칠 전부터 안돼서 삳제하고 다시 등록하러니 할 수 없다고 나오네요 인중 방법서 취소해버린 건지 아니면 오류로 안되는 건지 알려주세요
1065,좋아요
1066,매번 들어갈 때마 간편 인증 지문으로 변경해놓는데 매번 변경 전 상태로 돌아가있음 간편 인증 비번도 항상 똑같은데 틀려서 로그인 안 됨 해결해놓으면 다음날 또 똑같이 반복되며 안됨 진짜 너무 불편함
1067,아주 쉬워요
1068,사용 편리하고 좋습니다
1069,저금 가입 시 한도 금액을 너무 높은 것들이 많아서 가입하기가 힘들다 자유 입금 금액도 있는 저금을 부탁드립니다  상품 출시 희망 이자율 좀 있는 것으로
1070,간편하고 좋네요
1071,최고의 은행 어플
1072,사용자를 위한 ux 인터페이스가 좋아요
1073,주거래은행이지만 어플은 최악인 거 다들 인정하실 겁니다
1074,더 편해지고 좋네요
1075,짱입니다
1076,비대면 계좌 개설 중인데 OCOM10484 오류가 계속 뜹니다 LG 벨벳 폰 사용
1077,답변은 주셨는 데모가 뭔지 도통 모르겠습니다 그냥 폰 들고 하나은행 창구로 가는 게 빠르겠습니다 결국엔 안드로이드 시스템 문제였네요 앞으론 이런 일이 없었으면 하는 맘을 적어 봅니다 오늘도 제거했다가 다시 깝니다
1078,좋아요
1079,좋아요
1080,종료하는데 잔돈 펀드 쿠폰 왜 자꾸 떠요
1081,망함
1082,이 앱 잘 쓰고 있었는데 요새는 계속 튕기네요
1083,갑자기 어제부터 네트워크를 확인하라는 멘트만 뜨고 실행이 되지 않아 재설치합니다 하나카드도 잘 열리는데 이 앱만 안됐어요
1084,좋아요
1085,한결 편리해짐
1086,아 들어가면 계속 무한 로딩 중이에요 지웠다가 깔아도 또 무한 로딩 어쩌다 접속되면 접속 장애 이렇게 뜨고 네트워크 연결이 안 좋다 하고 다른 은행들은 잘만 접속이 되는데 혹시 몰라 구버전 깔았는데 아주 잘만 되네요 이제 종료 예정이라는데 그 후에도 안되면 어찌하라는 건지 계속 무한 로딩 왜 그러는 건가요
1087,몇 년 동안 OTP만 써왔는데 보안카드 입력하라고 하니 당황스럽네요 1 공동 인증서는 등록해야 쓸 수 있다 하고 등록하러 가면 아이디 통합회원이라고 영업점 오라는데 당황스럽네요 2 OTP 등록하러 가면 자꾸 본인인증만 시키고 진행은 안되고 당황스럽네요 3
1088,굿
1089,이전보다 앱 가시성이 좋아졌네요
1090,화면 배치 및 이동이 직관적이고 사용하기 편리함
1091,좋아요
1092,갑자기 계속 종료됨 창의 닫힘 가끔씩 동시 접속자 수가 많으면 버벅 거림
1093,네트워크에 연결이 안 되어있다고 오류메시지가 계속 뜨다가 어플 삭제 후 다시 설치하니 설치하고 처음 실행했을 때만 접속이 되고 이후에 다시 접속하려 하니 실행하자마자 꺼집니다 5일째 접속 문제가 있네요
1094,좋습니다
1095,하나원큐 접속이 안돼요 왜 그러죠
1096,앱이 너무 끊기고 너무 짜증 나서 불쾌합니다 인생 그따위로 살지 맙시다
1097,앱 종료 시 팝업창 일부러 꺼지게 해서 광고 클릭 유도하나요 이런 걸 제보해도 고칠 생각을 안 하는 건지 못하는 건지 좀 한심하네요 금융 어플이라면 좀 더 빠른 대처가 필요하다고 봅니다
1098,지금 왜 실행이 안될까요
1099,앱이 켜지지가 않는데 무슨 일인지 알 수 가없네요 업무처리해야 하는데 하루 종일 접속 불가입니다 하얀 화면에서 바로 꺼져서 뭐가 문제인지 확인조차 할 수 가없습니다
1100,왜 접속이 안되죠 앱 터치하면 열리다가 사라짐 미치겠네
1101,앱이 열리지도 삭제도 안되네요 잘 쓰고 있었는데 왜 그런 거죠
1102,튕기고 접이 안돼요
1103,갑자기 어플이 안 켜지는데
1104,좋아
1105,아니 하나은행 앱이 중지되었다고 나와요 
1106,까지 며칠 안됐는데 벌써 먹통이네요 아예 켜지질 않습니다 다시 지우고 깔아봐도 앱 정보 확인 중 c2에서 넘어가질 않아요
1107,어플이 지금 안 들어가지네요 너무 불편합니다
1108,하나 어플이 문제가 아니었네요 해결됐습니다
1109,멀쩡하게 잘 사용하고 있었는데 오늘 갑자기 앱 실행이 되질 않습니다 충돌 발생하면서 자동 종료
1110,사용하기 좋아요
1111,뒤로 가기 누르면 종료 좀 되게 합시다 쓸데없는 광고 자꾸 떠서 주거래은행 옮기고 싶네 본연의 기능에 충실 좀 하세요 앱은 느려터졌는데 쓸데없는 상품 권유만 할 줄 알고
1112,선택항목이 빨리 넘어가지고 이해하기 쉽게 안내되어서 좋아요
1113,급하게 계좌 거래 확인이 필요하여 알아보려고 했는데 앱 자체가 실행이 안 돼버리는 건 왜인지
1114,갑자기 어플이 실행이 안되고 켜지기도 전에 꺼지네요 갤럭시 시스템이랑 부딪힌다는데 삭제하고 다시 설치도 안되고요
1115,어플 실행이 안됩니다 급히 송금해야 하는데 조치 안됩니까
1116,앱이 실행이 안됩니다 확인해주세요
1117,갑자기 앱 실행이 안됩니다
1118,앱이 열리지 않고 꺼집니다 안드로이드 시스템 웹뷰 지웠지만 역시 같은 현상이네요 그냥 다시 제거 후 깔아야 할 듯
1119,오늘 갑자기 앱이 작동하지 않네요
1120,오늘 하나은행 앱을 실행하는데 자꾸 꺼짐 현상이 발생합니다 오늘 중요한 업무가 있는데 어떻게 해결방안 없을까요
1121,좋아요
1122,그동안 잘 썼는데 오늘부터 안 들어가지고 중단됨이라고 뜨네요
1123,잘 사용하고 있다가 금일부터 접속이 안됩니다 계속 중단됨 이러게 나오네요
1124,편하고 깔끔한 앱
1125,지금 앱 이상 있나요 계속 꺼져요
1126,아주 편리해요
1127,앱이 클릭하면 계속 튕겨 종료가 됩니다 해결책 좀 알려주세요
1128,7시 정도까지 이용했는데 아침 8시 정도부터 갑자기 앱이 튕깁니다 다른 고객들에게 답변한 그대로 해봤지만 안 됩니다 하나카드 앱도 되고 다른 은행 앱 다 되는데 얘만 안 돼요 빠른 확인해주세요
1129,지금 접속이 계속 안되는데 앱에 문제 있나요 하나카드도 그렇고 다른 앱들은 다 잘 됩니다
1130,잘 쓰고 있었는데 갑자기 와이파이 엘티이 데이터 사용이 안 된다고 뜨면서 열리질 않아요 왜 이런 거죠
1131,좋아요
1132,잘 쓰다가 갑자기 오늘부터 앱이 작동이 안 됩니다 다른 댓글에 남겨주신 해결 방법들 전부 해봤는데 안됩니다 서버 문제가 있으면 공지를 해주셔야죠 다른 앱 전부 다 정상작동인데 하나은행 앱만 안됩니다 개인사업자라 오전부터 처리해야 할 입금 건 있었는데 덕분에 욕 뒈지게 먹습니다
1133,오늘 아침부터 계좌 확인해서 송금해야 되는데 클릭하면 튕겨서 쓸 수가 없네요 좀 관리 좀 해주세요 서버 문제 있으면 공지라도 띠워 주시던지 밖이라서 컴퓨터 쓸 수도 없는데 미치겠네요
1134,앱 안 열려요
1135,어플이 작동이 안 됩니다
1136,어제부터 앱 실행이 안 됩니다 삭제했다 깔았다 반복해도 안됩니다
1137,왜 안 돼
1138,갑자기 아침부터 어플이 강제 종료됩니다 타은행 어플도 요 무슨 일일까요 새로 깔았는데 되다가 다시 종료 
1139,좋
1140,편해요
1141,1 아래 다른 분이 건의하셨듯이 뒤로 가기 해서 종료 시 종료할 것인지 묻는 팝업창이 처음에 떴을 때 바로 사라져서 자꾸 해당 위치 다른 메뉴로 헛클릭하게 되요 종료하려면 다시 뒤로 가기 눌러야 종료할 수 있어요 2 갑자기 요즘 들어 얼굴인식이 잘 안되어 다시 비밀번호로 넘어가야 합니다
1142,좋네요
1143,최근 업데이트 이후에 앱이 안 켜지고 자동으로 종료됩니다 확인 부탁드립니다 다시 깔면 그때만 잘 접속되고 금방 먹통이 되네요
1144,그래도 기존은행 치고는 젤 잘 만든 듯
1145,개판 고 앱이 단종되면 어떻게 해야 한다고 설명해줘야지 계속 실행돼 들어가지지가 않음 개판
1146,손영진 대리님 친절하심
1147,이체할 때 계좌번호를 복사해서 붙여넣기를 하면 숫자만 딱 붙여져서 너무 편리하고 좋았는데 최근 그 기능이 안되더라고요 저희 집식구 4명 다 원류 쓰는데 같은 말을 하네요 어렵지 않으면 다시 쓸 수 있게 해주세요
1148,좋아요
1149,갤럭시 S10 플러스 사용 중인데 요 근래 들어 자주 충돌 나서 앱 실행이 안됩니다 확인해주세요
1150,아니 무슨 앱 시작부터 오류라니 PEBK99999 이 오류가 뜨며 회원가입조차 안되네요
1151,굿골
1152,앱이 계속 중단되어서 여러 번 다시 제거하고 설치해도 똑같아요 사람 미치게 하네요
1153,업데이트 후 잘 돼서 얼굴인식이 하나도 안됩니다 어찌 된 건지 다시 등록해도 인식도 못 하고 조명도 있는 곳 없는 곳 하면서 하는데도 아예 인식조차 못 합니다 감사합니다 늦은 시간에도 답변 남겨주시고 적어주신 대로 했더니 정상적으로 작동하네요 구글 플레이 캐시 삭제했더니 제대로 됩니다
1154,편합니다
1155,괜찮네요
1156,굳
1157,문자 알림이 와서 서치했는데 안 되는 것 확인도 안된 상태에서 문자 보내기란 불량 콘텐츠 은행 앱입니다 처벌 원하며 생활불편 앱에 접수할까요 삭제하겠습니다
1158,심플이 대세인데 UI가 직관적이어서 사용하기 편리합니다 어플이 젊어진 것 같습니다 밀레니엄 세대들이 자주 사용할 수 있도록 짧은 주기로 이벤트도 다양하게 했으면 좋겠습니다 매번 어플 들어올 때마다 새로움이 가득하다면 자꾸 들어가고 싶은 어플이 될 수 있을 거라 생각합니다
1159,굿
1160,새 계좌 만들려는데 서버가 불안정한 건지 인증번호 요청도 몇 번이나 실패하고 겨우 인증번호 확인 요청하면 또 휴대폰 인증에 실패만 하고 화만 나네요
1161,네 학생증 신청하는데 계속 업데이트하라 해서 삭제하고 캐시 삭제 데이터 삭제하고 다시 깔고 껐다 켰다도 했는데 그래도 업데이트하라고 계속 뜨는데 짜증 나서 못쓰겠습니다
1162,학생증 신청을 하려고 하는데 이 앱을 업그레이드해야 한다고 나와요 근데 여기에 업그레이드를 해야 하는 버튼 같은 게 전혀 없는데 어떻게 업그레이드하라는 거죠
1163,편해요
1164,앱 업데이트를 하라고 해서 스토어에 왔더니 업데이트가 없는데요
1165,하나원큐에서 학생증 발급하라고 학교에서 연락이 와서 영하 나를 통해 신청하라는데 신청하기 버튼 누르니까 앱 업데이트를 하라네요;; 그래서 플레이스토어를 통해 업데이트를 누르려고 하니까 이미 최신 버전인 지 열기 버튼만 있습니다 오류라면 고쳐주세요 혹시 다른 방법으로 신청하는 게 있다면 설명 부탁드려요
1166,어플이 계속 강제로 중지됩니다 여러 번 재설치해도 계속 실행이 안됩니다
1167,가입이 너무 힘들어요 무한 반복해야 합니다 완전 짜증
1168,좋아요
1169,계속 튕김 문제 있음
1170,좋음
1171,갑자기 숫자 자판이 키보드 자판으로 바뀌었네요 업데이트해서 그런 거 같은데 왜 이렇게 불편하게 업데이트를 했나요 정말 이해할 수가 없네요
1172,접속 장애로 이체가 안됩니다 덕분에 업무처리가 느려졌습니다 
1173,푸시 알림이 오다 안 와요 삭제 후 재설치 중인데 그래도 안되면 좀 짜증 나는 문제네요
1174,갑자기 앱이 작동하지 않고 다시 깔아도 비밀번호를 누르려고 하니 비밀번호 입력 키가 활성화가 안되네요 앱에 접근도 안됩니다
1175,좋음
1176,좋네요
1177,좋네요
1178,원래 쓰던 주거래은행이다
1179,재설치를 해도 계속 무한 로딩이 걸리네요 급하게 이체해야 할 때마다 다시 깔아야 할 수도 없고 참 답답하네요 답변 주신 대로 해도 똑같이 무한 로딩 현상 생기네요
1180,네트워크 오류 계속 나서 이체를 못해요 자꾸 왜 이래요 진짜 아니 한두 번도 아니고 불편해서 쓸 수가 없네요
1181,앱이 갑자기 들어가지지가 않아서 지우고 다시 설치했는데 여전히 똑같네요 그래서 아무것도 이용할 수가 없네요
1182,신버전다운받을려하니 로딩만 되고 다운이 안돼요 구버전 괜히 지웠나 봐요 어떻게 신버전 다운 바지요
1183,세상에서 제일 편하고 간단하고 사용 경험이 긍정적인 은행 앱 역시 내 주거래은행
1184,오늘자로 심플 이체 지원 확인하였습니다 늦었지만 사용자들의 의견을 반영해 준 점에서는 다행으로 생각하지만 향후에는 기존처럼 아무런 공지 없이 사용자들의 실사용과 반하는 UI 메뉴 기능 변경에 신중해 주시기 바랍니다 그리고 로그인 및 인증서 같은 보안 정책과 관련된 부분은 꼭 사전에 공지를 해 주시기 바랍니다
1185,적응 중이긴 한데 심플 이체 어디로 갔나요 기존 사용할 때 편했는데 없어져서 많이 불편해요 심플 이체는 이 체내 역을 그대로 재 사용이 가능해서 편했습니다
1186,굿
1187,예전에 불편사항 적었는데 반영해 주셔서 지금은 편하게 잘 쓰고 있어요 감사합니다
1188,사용하기 편해요
1189,잘 쓰고 있는데 며칠 전부터 실행이 안됩니다 삭제하고 재설치해도 두 번은 잘 되다가 화면이 넘어가지 않습니다
1190,은행에 가지 않고 도이체가 쉬워만 이 사용하고 있음
1191,아주 좋아요
1192,잘 되던 구 인증서 로그인할 때마다 튕기고 이거 쓸 수가 없어 요구 하나은행 앱으로 다시 귀환했네요
1193,UI UX가 사용하기 편해졌어요
1194,너무 좋아요
1195,0메뉴 하나 눌러서 들어가는 데만 1분씩 걸리는 듯이 폰은 최신이에요
1196,앱 개발자께 건의드립니다 자주 쓰는 계좌 목록을 수정할 때 순서를 바꾸고자 하면 하나를 선택 후 위 또는 아래로 끌고 가야 하는데 화면 내에서만 움직입니다 그러니 맨 밑의 계좌를 위쪽으로 올려놓으려면 여러 번 해야 하는 불편이 있네요 기초적인 기능인데 여기서는 불편하게 되어있어요 개선 바랍니다
1197,편해요
1198,네트워크 이용불가래요 잘 쓰다가 뭔 일인지 접속이 안돼요
1199,너무 느리고 화면이 멈추네요 사용하기 너무 불편합니다
1200,알려주신 방법 다 해봤는데도 소용없습니다 삭제 후 재설치도 했는데도 여전히 알람 안 떠요  어 다른 분들 리뷰에도 알람 안 뜬 단 얘기가 많네요 제가 지난번에 알람 안 된다 한 게 2주 전인데 아직도 이게 안 고쳐진 거예요 진짜 하나은행 왜 그러세요 오래오래 쓰고 싶단 말이에요 자꾸 화난다고요  최적화 앱 그게 뭔데요 그런 거 안 써요 국민은행 새마을금고 nh 나무 키움증권 kb증권 등등 다른 은행 앱 푸시는 다 뜨는데 하나은행만 안 뜨면 하나은행 앱이 문제 아닌가요 그리고 얼굴인식 지문인식 간편 비밀번호 설정인 게 문제인 거면 이거야말로 하나은행 앱 문제 아닌가요
1201,편하고 좋아요
1202,업데이트하고 나서인지 입출금 푸시 알람이 안 뜨네요 설정 제대로 되어있는데
1203,갑자기 앱 연결이 자꾸 안되는데 왜 이런가요
1204,사용하기 편하고 좋아요
1205,자꾸 에러가 나네요
1206,좋아요
1207,좋아요 하나은행
1208,사용하기 더 편해요
1209,하나은행 사랑합니다
1210,며칠째 접속 안돼요 지웠다 다시 깔았는데도 그래요
1211,신속 정확
1212,1타사에 비해 버퍼링 심함 2물기가 없음에도 불구하고 손가락 터치가 잘 안 먹힘 청평 학생증만 아니면 하나은행 절대 안 씀 Lck 말고 모바일도 좀 신경 써주지
1213,내 기분이 좋음
1214,좋아요
1215,편하고 좋아요
1216,하나원큐앱 간편하고 편리해서 잘 사용하고 있었는데 어제부터 갑자기 이유 없이 접속이 안되네요 왜일까요 다시 구하나 원류로 돌아갔습니다
1217,입출금 알림은 갑자기 왜 안 오는 건가요
1218,어제부터 네트워크 접속이 안된다는 팝업만 계속 뜨 9999라고 나오는데 딴 곳은 다 접속 잘 되는데 먼 네크워크 문제라는 거야
1219,언제나 편리하죠
1220,좋아요
1221,편해요
1222,좋아요
1223,오늘 이체하려는데 계좌 비밀번호 오류가 뜨네요 비밀번호 바꾼 적 없고 평생 이 번혼데 이상합니다 앱도 다시 깔아보고 해도 계속 오류 뜹니다 뭐가 잘못된 건가요
1224,어플 계속 인터넷 연결 확인하라면서 실행 안 되네요
1225,좋아요
1226,오픈뱅킹 비번이 안 눌려요 진짜 어플 문제 너무 많다
1227,앱이 너무 느리고 너무 무겁습니다 개선이 왜 안될까요
1228,체크카드 폰에서 못 만듦 인증만 반복해서 계속하고
1229,너무 편해요 시간적으로 나 공간적으로도 효율적입니다
1230,좋네
1231,좋아요
1232,아니 정확히 입력했는데 계속 학적이 맞지 않다는데 오류 지대로 걸렸네요;
1233,일반
1234,편하고 빨라요
1235,앱 종료할 때 뜨는 팝업창이 유지가 안되고 1초 만에 꺼져서 앱 종료 버튼 위치에 있는 이벤트로 원하지 않게 접속됩니다 치졸하게 이벤트 유도하지 마시고 앱 종료 팝업창 꺼지지 않게 만들어주세요 그리고 앱 종료 버튼이 더 커야지 이벤트 참여 버튼이 더 큰 게 말이나 됩니까 이런 사소한 경험이 하나은행 어플 쓸 때 기분 더럽게 만들어줍니다
1236,데이터가 잘 터지는데 앱이 안 열립니다
1237,오픈 뱅크 가입 시 신분증 인증 오류입니다 확인 클릭하면 다음 단계로 이동 안되고 뿌연 화면만 보여요
1238,신분증 인증 아예 안되는 구만 1시간째 이 짓 하니 짜증만 남 학교에서 하라니까 어쩔 수 없이 하지 오후 진짜 외국은 느려도 기다릴 뿐인데 되지도 않는 오류 뜨니 진짜 열뻗침 아래에서는 어떤 오류가 뜨는지도 모르고 설명도 이상한 설명만 하시네 아 진짜 시간만 날림
1239,감사합니다
1240,좋아요 
1241,딴 건 다 좋은데 앱 끄고 나가려는데 종료 창이 1초 만에 닫히는 건 무슨 센스인가요 덕분에 반사 신경 훈련도 되네요
1242,쓰레기
1243,좋습니다
1244,사용이 편리해졌어요
1245,젊은 이미지가 강하고 열심히 일하는 하나원큐에서 새 출발해보려 합니다 어제 계좌도 개설하고 적금도 가입했네요 올해부터 돈 많이 벌게 응원해주세요
1246,이유 없이 매번 자동으로 로그아웃돼서 1번들 가는데 1분씩 걸리고 너무 불편함
1247,사용하기 편하네요
1248,좋아요
1249,왜 로그인해도 안되고 회원가입해도 안되는 거죠
1250,푸시 알림이 업데이트된 뒤 안되네요 신랑 통장 관리하는데 폰이 제명이라서 인증도 안되고 전엔 됐는데  다른 명의 폰 쓰면 푸시 알림 못하나요
1251,학생증 사진 등록할 때 대체 왜 화질 저하가 이 정도로 심해지나요 본인확인은 할 수 있을 정도의 화질이어야 하지 않나요
1252,괜찮아요
1253,Good
1254,편리한 그 좋습니 대
1255,온라인의 편리성 극대화 코로나 시대 적극 추천
1256,뭐가 연결이 안 돼요 통신이 안된다는 얘기만 하고 다른 은행은 잘만 되는데 뭐가 문제인가요
1257,해외에서 이용하는 사람들은 폰 인증이 안되시는 분들이 많잖아요 그래서 신분증 인증이나 다른 방법도 기술적으로 넣어놔야 할 듯요 오픈뱅킹 이용하려고 하니 폰 인증이 계속 나오고 다른 인증 절차도 첨가하면 좋겠어요 그리고 신분증 인증이나 공인인증서로 다시 한번 확인한다든지요
1258,말도 없이 갑자기 터진 오류 대체 언제 고치나요 덕분에 중요한 거래 날렸네요
1259,허구한 날 다운됨 안정성이 개똥임 시스템 관리자 짤러라 뭐 하냐 그지같어
1260,쉽고 빠릅니다
1261,편리하네요
1262,좋아요
1263,어플 다운이 안돼요
1264,좋아졌네요
1265,좋음
1266,좋아요
1267,좋아요
1268,오픈뱅킹 계좌 추가 버튼을 누르면 로딩이 되다가 다시 원래 화면으로 돌아가요 특정 은행이 아니고 추가 자체가 진행되질 않네요
1269,아니 지문인증 간편 비밀번호 얼굴인증 뭐든 간에 하나를 하려고 하는데 뭐 아무것도 안되네요 지문인증 등록하려니까 간편 비밀번호를 등록하라고 로그아웃되고 다시 로그인해서 간편 비밀번호를 등록하려 하는데 하면 또 로그아웃되고 뭐 하자는 건지 알 수 가없네요
1270,최악의 프로그램
1271,다른 것보다 켜두지 않은 상태에서도 자꾸 상태창 뜨네요 배터리 소모도 증가할 테고 백그라운드에서 계속 실행되고 있다는 점에서 찝찝하네요 타사처럼 쓸 때만 실행되게 해주세요
1272,나쁘지 않네요
1273,굿
1274,메뉴부터 설명까지 매우 쉽게 확인하고 볼 수 있어서 편리합니다
1275,사용하기 편리해요
1276,한 번씩 여러 명에게 송금이 안 되나요 지금 재설치 중입니다
1277,앱이 제대로 안 열려요 개선 좀 해주세요
1278,굿
1279,좋아요
1280,간편하고 쉽네요
1281,쪼아요
1282,좋아요
1283,직관적이어서 좋아요
1284,에러 반복 2시간째
1285,OTP 인증 안 됨 계좌 이체는 포기
1286,좋아요
1287,업데이트 이후 이체하기 엄청 느려지고 불편해짐 본격 돈 쓰지 않게 하는 앱
1288,이체 시에 최근 이용한 계좌나 자주 이용하는 계좌 리스트를 보면 계좌명 앞에 금융회사명이 없고 로고만 있어서 너무 불편합니다 우리가 각 회사 로고를 일일이 다 외울 수도 없고요 예를 들어 하나은행과 하나증권의 계좌의 경우 같은 로고로 표시되면 은행 계좌 인지 증권계좌 인지도 무척 헷갈리네요 이체 실수를 예방하기 위해서라도 계좌명 앞에 로고 대신 그냥 금융회사명으로 표시하시거나 로고 밑에 금융회사명도 같이 표시해 주시기 바랍니다
1289,편리해요
1290,여러 가지 앱을 사용해봐도 비대면 사진 인식이 전혀 되지 않는 앱은 왜 개발해서 올리나요 카메라 안 좋은 폰에서는 평생 안되겠습니다
1291,빠르네요
1292,5g로 바꾼 다음부터 앱 접속이 안 되는 경우가 많아요 로딩이 계속 걸린다든지 네트워크 연결을 확인하라든지 왜 이러는 건가요 해결 방법을 알려주세요
1293,뭐지요 리뷰에서 시키는 거다 했는데도 입출금 알림이 안 되네요 저번에도 한번 그런 적이 있어서 친절하게 리뷰 달아주신 분 말대로 해서 겨우겨우 됐는데 이번엔일케절케해도안되네요 답답합니다 왜 어렵게 계속 이것저것 만져야 되는 건지요 그거마저도 현재는 안되고요
1294,아주 깔끔하고 좋아요
1295,왜 이렇게 오류가 나는 건가요 타은행 앱이랑 차이가 너무 심하네요
1296,타 은행보다 앱이 더 좋네요
1297,송금할 때 앱이 강제 종료되고 비밀번호 처음부터 다시 입력해야 되는 게 이번에 두 번째네요 송금 한도가 안돼서 오류가 나는 거면 오류 원인도 알려주면 참 좋겠습니다
1298,굿
1299,접속 장애 진짜 짜증 나네 쓰라는 건지 말라는 건지  아니 무슨 로그인하고 이체나 조회 버튼 누르면 접속 장애라고 자꾸 다시로 그인 하라는데  열 번 시도하면 2번 될까 말까 하네 그냥 안 쓸란다 고객센터 답변도 더 웃기고
1300,비대면 계좌의 이체한도 상향을 은행에 직접 가야지만 해주는 이런 어처구니없는 은행 앱 하다못해 케이뱅크 카카오뱅크도 건강보험료 납입 내역 이런 거 인터넷으로 자동 조회해서 풀어주는데 실수로 비대면 개설 계좌에 돈 이체했다 빼지도 못하고 주말이 넘어가고 있으니 화가 납니다 비대면 개설 계좌 한도 변경하겠다고 점심시간에 은행 가서 시간 버릴 생각하니까 더 화가 납니다
1301,하나금융그룹사 이용 매체들을 한곳에서 확인하고 처리할 수 있어 시간적으로도 효율 있어 좋게 생각됩니다
1302,정말 간편하고 좋아요
1303,아니 뭘 하려고만 하면 서비스 이용 불가가 뜨네요 빠른 개선이 필요합니다 
1304,굿
1305,며칠 전부터 입출금 알림이 안돼요 계좌 삭제했다가 다시 등록해도 안되고 알림도 다시 재설정하고 배터리 절약 모드도 아니고 노트 10사용자입니다
1306,편리합니다 한 번에 모든 걸 다 해결해서
1307,입력 항목 오류입니다라고 계속 떠요 아무리 앱 삭제하고 폰 다시 껐다 켰다 해도 똑같아요 당연히 입력 정보는 정확히 적었습니다 학생증 카드 신청 때문에 처음 앱 설치했어요 근데 아직까지도 오류 또 오류
1308,기존 하나원큐 앱에서 사용하던 심플 이체가 사라졌어요 앱이 업데이트되더라도 기존 사용하던 기능과 정보는 그대로 옮겨와야 하는 거 아닌가요 저는 심플 이체 기능과 저장된 내용이 새로운 앱에서 사용할 수 없다면 계속 구 버전을 쓰고 싶네요 자꾸 구 버전에 기능 예를 들면 상품 가 입 막아놓고 신버전 강요하지 않았으면 좋겠어요 자신 있으면 구 버전을 플레이스토어에서 삭제했겠죠
1309,신분증 인증이 전혀 안되네요 어두운 배경에서 빛반사 없이 찍어도 일치하는 정보가 아니라면서 인증에 실패합니다 최신 신분증에는 옛날에 가지고 놀던 딱지처럼 보는 각도에 따라 숨겨진 그림이 여러 개 보이는데 혹시 이것 때문이 아닐까 조심스럽게 생각해봅니다 신분증 인증 부분에 대한 개선을 부탁드립니다
1310,직관적이고 여러 정보를 줘서 편리합니다
1311,좋아요
1312,UI가 많이 깔끔해졌네요
1313,앱 푸시 알림 안 오는 거 제발 좀 고쳐주세요 다른 분들이 문의 남겨서 받은 답변대로 다 했는데도 아무것도 안 옵니다 이용자들의 핸드폰 문제가 아니라 하나카드 앱 문제인 것 같은데요
1314,감사합니다
1315,좋아요
1316,최고
1317,로그인을 할 수가 없습니다 문자 인증을 하면 폰에 인증번호가 오지도 않고 이용하기 많이 불편하네요 앱을 다시 깔고 하기를 몇 번을 해도 정보가 읽히지도 않고 불만족스럽네요 별점도 아깝지만 어쩔 수 없이 해야 하니
1318,편하네요
1319,굿
1320,고맙습니다 하나은행하나원큐 여러분 국내 1등 은행인 하나은행의 건승을 바랍니다
1321,은행은 하나은행이죠
1322,좋네요
1323,사용 중
1324,얼굴인식이 갑자기 되지를 않습니다 
1325,좋아요
1326,감사합니다 유용하게 잘 쓰겠습니다
1327,편리하네요
1328,편해요
1330,지운 적도 없는데 제멋대로 지워져 있고 새로 설치하라네
1331,편하고 좋음 직관적이고 디자인도 굳
1332,진짜 쓰레기 로그인도 인증도 안됨 4번째 하다 화나서 씀
1333,원류에 해결 편해서 추천해요
1334,DD 出行중국 우버 어플이라는 어플이 왜 악성코드 앱일까요 지금까지는 문제가 없었는데 갑자기 그 앱이 있어서 하나은행 어플을 열 수가 없다고 뜨는데요 갑자기 이러는 이유를 알려주세요
1335,전 렉이 심함
1336,입출금 푸시 왜 안 되나요
1337,앱에 메뉴가 참 카테고리 설정 어이없어요 상담직원들도 하나은행 거래 안 하는지 잘 몰라서 내가 일일이 설명해주고 이 메뉴가 왜 여기 들어가 있냐 민원 넣어야 하는 지경인데 그것도 고마운 줄 모르고 상담직원 고자세에 그냥 조만간 은행 갈아타는 게 답 아니 펀드에 추가 입금한 내역이 펀드 관리 메뉴에는 전혀 안 나오고 전 계좌조회라는 메뉴에 따로 나오는 게 어이없어 그게 전에 업글되기 전에는 한 번에 다 나왔는데 업글된 후 더 거지가 됨
1338,좋아요
1339,사용이 쉽고 쳔리해요
1340,편한 ui 좋습니다
1341,앱이 갑자기 안 열립니다 네트워크 오류로 안 하여 데이터 수신을 못했습니다 9999라는데 어떻게 해야 하나요 다른 앱들은 잘 열립니다
1342,모바일뱅크 하나가 하나의 게임 어플보다 관리 1도 못함 렉 너무 걸림 계속 서버 에러로 서비스 강제 중단 네 이런 어플 너무너무 감사합니다
1343,불편
1344,사용하기 편하고 좋아요
1345,앱 종료 시 종료 버튼을 한 번 더 누르도록 팝업창이 뜨는데 이게 누르려는 타이밍에 제멋대로 사라져서 다른 항목을 누르게 됨 시정 요망
1346,계좌이체 에러가 계속 납니다 비밀번호까지 정확히 인증했는데 왜 안되는 건지요 짜증이 납니다 모든 거래 끊고 싶네요
1347,좋음
1348,앱 왜 다시 만들었나요 불편한 건 그대로네요
1349,좋아요 주거래은행인데 아주 좋네요
1350,32일 자로 앱 로그인하려는데 구 공인인증 로그인 안되고 앱 자체에서 튕겨요 그리고 다른 방식으로 로그인해도 계좌이체가 안됩니다 계좌이체 단계 무한 반복만 되네요 도대체 몇 번을 입력해봤던지 앱도 껐다 켜보고 그랬는데 현상은 똑같아요 이상해요
1351,일단 앱을 새로 깔아야 한다는 거부터 구앱 다운 수가 500만인데 인력 관리가 어떻게 되길래 개발된 지 몇 년 되지도 않는 걸 포기하고 새로 개발을 하시는 건지 은행 4군데 쓰고 있는데 난감하네요 커뮤니티 앱도 아니고 뱅킹 앱이 몇 년 만에 기존 앱에서 필요한 기능을 추가하는 안은 아예 고려하지 않았던 건가요
1352,겁나 느리고 앱이 실행이 안되는데 시간이 초과했다고 뜸
1353,So much more better
1354,좋아요 적금 넣는 것도 은행 안 가도 되고 직장인한텐 좋네요
1355,편리하고 좋아요 보안 문제가 좀 그렇고요
1356,간편한 게 짱
1357,새로워진 하나은행 더 좋아요 마이 주거래 뱅크
1358,월초부터 입출금 알람이 뜨질 않는데 왜 이럴까
1359,좋아요
1360,많이 편해졌네요 하나원큐
1361,굿굿굿
1362,좋아요
1363,주거래은행입니다 편리하고 좋아요
1364,답답 그 자체
1365,하나 머니를 직접 적금에 넣고 싶어요
1366,입출금 알림이 갑자기 안 떠요 항상 입출금 시 상단에 앱 모양과 함께 알려줬는데 지금은 푸시 알림도 켜져 있고 따로 조작한 적은 없는데 어느 순간부터 안 뜨네요 해결 방법 좀 요
1367,어플 완전 불편
1368,진짜 처음 남겨본다 계속 OCOM10484 오류라는데 빨리 고쳐라
1369,퇴행되었네요 2000년대 초반 디자인 같다
1370,일단 인터넷뱅킹을 가입하는 탭을 따로 만들어야 할듯해요 상품 가 입으로 들어가야지 인터넷뱅킹 가입 선택사항이 뜨는데 상담사한테 연락해서 찾아가면서 했아요
1371,간단하고 쉽네요
1372,로그인에서 안 넘어가요 ;
1373,너무 좋아졌네요
1374,어느 순간부터 push 알림이 안 뜨고 있습니다 다른 분이 올리신 거에 대한 답변을 보고 푸시 알림 계좌 삭제 후 재등록 핸드폰 설정상 모든 알림 관련 허용을 했는데도 여전히 안돼서 답답하네요
1375,편리하네요 대출 상환이 편해서 좋아요
1376,편해요
1377,하나카드 맵 버스 왜 설치가 안 되나요
1378,진짜 카메라 인식 개선 좀 하세요
1379,답이 없네 뱅크 사인 신청하려고 2시간 동안 별 짓을 다하는데 그냥 초기화면으로만 가고 내 시간 어떡할 건지 그냥 뱅크 사인 관련 들어가려고 하면 초기화면으로 무조건 돌아감 내 목적은 IRP 계좌번호 찾는 거임
1380,어플 뭐가 이리 느려요 아 깝깝허네 진짜
1381,신분증 촬영 백 번 해도 안됨 차라리 이전 앱이 훨씬 났네요 은행 바꾸고 싶음 신분증 주민등록증밖에 없는데 못 하는 거네요 무슨 인증서 등록하는데 사업자만 등록할 수 있나 봐요 도대체 왜 만든 거임 거기 나와있는 대로 다 해도 안되는데 그럼 뭐 더해야 되나요 그냥 원래 앱으로 되돌려놓으세요 그렇게 안 알려주셔도 그 밑에 있는 대로 다했는데 안돼요 진짜 짜증 남 상담원 연결도 안 되고 청약만 아님 거래하고 싶지 않음
1382,비대면 실명인증 안되는 이유가 뭘까요 
1383,하나원큐 너무 좋아진 거 같아 좋습니다
1384,좋아요
1385,얼굴인식 굳
1386,좋아요
1387,뭐 이딴 어플이 다 있어 겉만 번지르르하면 다야 도대체 뭐가 바뀐 거야 사용자 편의성은 진짜 고려 안 할 거야 농협 쓰다가 이거 쓰면 속 터져서 못쓰겠어 로그인 불편해 그 망할 공인인증서는 왜 못 버려 요즘 누가 자물쇠 카드 쓰냐 돌아버리겠네
1388,예약이 체 없어져서 불편함 아 있었네요 메뉴가 없어져서 없어진 줄 알았어요
1389,앱이 접속이 안 되냐 어떻게  캐시 삭제 재설치 등등 다해봐도 안되네
1390,너무 느리고 직관적이지 못한 UI 디자인 옛날 버전이 훨씬 낫네요
1391,좋습니다
1392,어제부터 접속이 안되네요
1394,글씨는 제일 작게 고요 사진도 캡처했습니다 역시 추가 이체는 없어요
1395,쓰기 편함 좋아요
1396,사용하기 편해요
1397,하나원큐 약 2주 전부터 입출금 알림이 기능 알림이 뜨지 않아서 문의합니다 어플 다시 깔고 이것저것 해봐도 안됩니다
1398,왜 홈페이지랑 동시 로그인이 안 되나요;;
1399,좋음
1400,좋아요
1401,계좌 개설 업무 볼 것도 아닌데 공인인증서 등록 누르면 계속 계좌개설로 넘어가요  ubi key 인증서 등록하기 누르면 등록이 돼야지 ubi key가 뭔지 왜 설명하는 거죠 성질나서 은행가는 게 빠르겠음
1402,강제로 신버전 만드는 이유를 알 수 없으며 설치 및 업데이트 실행 시 너무 느림 SW 인력의 역량이 이 정도밖에 안 되나요 스마트폰은 S20으로 HW로 인한 느림은 아닙니다
1403,웬만해선 후기 안 남기는데 증권 들어가는 게 왜 이렇게 버벅거릴까요 세션이 종료되었다고 계속 뜨고 증권은 1분 1초가 중요한데 예전처럼 분리하는 게 좋을 것 같아요
1404,잘 쓰고 있어요
1405,갤럭시 스토어에서 어플을 업데이트할 때마다 실시간 검사 알림이 뜹니다 보안 어플도 아닌데 왜 하나은행이 제가 사용하는 어플하고 정보를 검사하고 있나요 빠른 수정 부탁드립니다 ‐ 밑에 나와있는 개발자 답변 완전히 거짓입니다 앱 업데이트할 때 꼭 보세요 갤럭시 스토어에서 앱이 업데이트되면 꼭 알림 창에 실시간 검사가 몇 초간 떴다가 사라집니다 앱 검사를 안 한다면 왜 업데이트마다 실시간 검사 알림이 몇 초간 떴다가 사라지나요 진짜 성의 없이 답변하지 말고 어플 동작 제대로 확인하세요 분명히 다른 앱 업데이트 시 알림이 표시됩니다
1406,타사보다 훨씬 편리함
1407,계좌이체 하나 하려고 하는데 뭐 이리 귀찮게 하는 게 많은지 너무 복잡하고 짜증 남 이러니까 다들 카카오 뱅크로 넘어가죠
1408,이거 왜 갑자기 입출금 알림 안 오나요 설정 들어가서 다시 해도 안되고 아오
1409,접속 장애
1410,좋아요
1411,이전보다는 좋아지고 있음
1412,그전 거보다 안 좋아요 불편하고 연결도 끊기고 이체할 때 OTP 단계에서 번호 계속 누르라고 뜨고 결국 이체 못함 10번 안 돼서 은행 가서 풀어라 해서 열 짜증 나요
1413,굿 좋아졌네요
1414,잘 되던걸 업그레이드한답시고 뭘 했는지 결국 먹통 돼서 다시 지우고 설치 중입니다 너무 귀찮네요
1415,편리합니다
1416,무슨 어플 하나 까는 데 백만 년이 걸리나요 정말 느려터짐 실행이 잘 될까 하는 의문도 들고  은행 쫓아오려면 아직 멀었어요;;;
1417,편하게 잘 쓰고 있습니다
1418,빠르고 사용하기 편리함
1419,카드 긁을 때마다 알람이 안 뜨네요 카드는 하나카드이며 k리그 축덕카드입니다
1420,사용이 쉬움요
1421,좋아요
1422,편하게 잘 사용했는데 갑자기 push 알림이 안 오네요 삭제하고 다시 설치해도 안되고 push 설정했던 거 다시 없애고 다시 설정해도 안되고 어떻게 해야 되죠
1423,항상 사용자
1424,앱 업데이트 이후로 아예 들어가지가 않습니다 빨리 문제 해결해주세요
1425,어플 접속이 안되고 종료되네요 삭제 후 재설치해보아도 비행기 모드로 30초간 해보아도 안됩니다 확인 바랍니다
1426,어플 좀 관리 좀 하세요 5g 쓰고 있는데 왜 이렇게 느려요 답답하네
1427,잘 사용하고 있습니다
1428,갑자기 앱에 들어가지 않아요 클릭하면 바로 꺼져버리네요 어떻게 해야 하나요
1429,자꾸 에러 나고 뭡니까;필요할 때 이체도 안되고 짜증 납니다
1430,Good
1431,며칠 전부터 로그인 전의 로딩만 뜨더니 업데이트를 해도 그러네요 도대체 계좌 조회를 할 수가 없습니다 왜 이 앱 때문에 이렇게 확인을 못하고 있어야 하는 것이죠
1432,적절한 시기에 여러 가지 상품 소개 설명 좋습니다
1433,뱅크 사인 신청하려니 시작페이지로 돌아가네요 다른 인증서도 눌러봤는데 죄다 시작페이지로 보내버림 어이없어 웃음만 다른 은행들은 잘만 되는데 얘만 안되는 이 웃긴 상황은 뭘까요
1434,심플 이체 좀 쓰게 해주라 좋은 기능은 왜 빼고 쓰기도 어렵게 자주 쓰는 이체 쓰라고 하는 건지 편집도 더럽게 어렵고
1435,보안성 강화한답시고 앱이 이용하기 더러움 오만 잡스러운 것 떡칠
1436,상쾌해요
1437,시작한 기본인 확인 인증을 위한 인증번호를 몇 백번 요청 재요청해도 진행이 안되는 앱을 왜 바꿔 사용하라고 하는 건가요 그냥 기존 앱 계속 씁시다
1438,정말 좋았습니다
1439,좋아요
1440,최고입니다
1441,카드 선결제 서비스는 왜 사라진 거 진짜 공지도 없고 엉망진창임
1442,엄청 불편하고 느림  무슨 자꾸 간편등록하라고 뜨고 기본 로그인 방식 설정도 힘들고  갑자기 입금할 때마다 무슨 자물쇠 카드 입력하라고 뜨기 시작함 계좌 입력창 딜레이도 심하고  오죽하면 토스 송금을 더 많이 쓸 수준 돈 다 옮겨서 주거래 은행 바꿀 예정
1443,안돼
1444,얼굴인식 로그인 편해요
1445,로그인이 하려 하는데 펴 성년후견인이 제한이 있다고 로그인이 안 돼요
1446,굳
1447,최고
1448,편해요
1449,굿
1450,만족합니다
1451,좋아요
1452,좋네요 빠르고
1453,공인인증서 로그인도 계속 꺼지고 타행 이체도 계속 오류가 나네요
1454,좋은 거 같아요
1455,비대면 인증 신분증 촬영이 계속 오류 떠요
1456,최악 구 버전이 훨씬 나아요
1457,연결하니 해결해주네요
1458,굿
1459,편해요
1460,편리해요
1461,좋아요
1462,눈에 쏙 들어오는 디자인이네요
1463,편리해요
1464,좋아요
1465,개 같은 오류들 개선 좀 해라
1466,앞번 어플이 사용하기 훨씬 편리 계좌이체를 많이 사용하는데 전체적으로 불편 
1467,잘 쓰던 얼굴인증 안됨
1468,로그인하면 바로 계좌 화면으로 나왔으면 좋겠어요 로그인하고 전체 계좌 또 클릭하고 예전보다 빠르지도 않아 너무 답답하네요 급히 이체하려 할 때 진심 느려요
1469,너무 간편해서 좋아요
1470,좋아요
1471,편리해서 좋아요
1472,사용이 참 편합니다
1473,데이터 수신이 안된다고 나오는데 왜 하나 원규만 이럴까요 다른 은행 앱은 빨리 잘 되는데 하나 원규는 하루 종일 해도 안됩니다 계속 9999라고 뜨네요
1474,오픈뱅킹 잘 쓰고 있었는데 왜 또 신분증 인증해야 쓸 수 있나요 그리고 신분증 인증하려고 하면 자꾸 인식을 못 합니다 서로 다른 빛 환경 반사가 없는 곳 배경이 어두운 곳 카메라 닦고 재촬영 다 안돼요 그렇다고 내 폰이 옛날 기종도 아니에요 재촬영 50번 실패하고 타은행 오픈뱅킹으로 넘어갑니다
1475,로그인도 훨씬 편해졌네
1476,연휴 간 전산오류로 결제 취소 감사합니다
1477,로그인과 이체 등 편리합니다
1478,Ui가 좋습니다
1479,편해요
1480,너무 오류가 많아요 스트레스받아요
1481,편하게 상품이 가입된다는 것 이체나 조회가 쉽게 된다는 점에서 편하지만 상품 등의 조회 시에 화면 적금 등등을 가입을 위해 상품을 보고 있을 때 다른 화면으로 살짝 스와이프가 되면 화면 다시 불러와지느라 보기 불편합니다
1482,이건 너무하네요 로그인해도 계좌도 안 나오고 어제부터 계속 그러네요 오류인 가요 버그인가요 좀 심하네요 방금도 로그인해서 들어가니까 또 계좌도 안 나오고 그러네요 새로 고침 해도 되다가 아예 안 됐다가 그러네요 빨리 수정해주세요 버그나 오류 안 생기게 요
1483,내점이 어려워 전화 신청으로 이리 빠르고 간편하게 너무 좋고 편리합니다
1484,편함
1485,더럽게 뻗네 주거래 바꿔버리고 싶을 정도임
1486,최악임 무한 로딩 개짜증
1487,UX UI가 너무 좋고 빠르고 오류도 없고 너무 좋습니다
1488,앱을 깔면 뭐 하냐고요 좌우로 막 흔들리는데 내가 뭘 잘못했나 싶어 5번째 재설치하고 자빠졌네요
1489,편리합니다
1490,로그인 계속 튕기네요
1491,Otp 카드 생성을 위한 신분증 검사에서 카메라가 작동하지 않습니다
1492,관계사 통합조회를 하면 하나 투자 하나카드 등 타금융은 잘만 조회되는데 정작 하나은행만 조회가 안되고 로딩 창망 계속 돌아가네요 이럴 거면 예전 구하나 어플 다시 돌려주던가 하세요 어플 자체를 지우고 재설치만 10번 넘게 했는데 개선이 안되네요  정작 하나은행이 조회가 안되는데 이럴 거면 신규 어플 뭐 하러 만들었는지 이유 좀 말해주세요 별 하나도 아깝습니다
1493,불편해요 불편해 예전 페이지 돌려줘
1494,문안하게 잘 쓰고 있어요 이체할 때 은행 로고 말고 은행 이름을 써주세요 헷갈려요
1495,좋아요
1496,쓰기 편하게 만들어진 앱이네요 잘 쓸게요
1497,직관적입니다
1498,다른 은행 계좌 조회가 오류가 계속 뜨네요 추가하기 눌렀을 때는 제대로 정보를 가져오는 것 같은데 조회 화면에서는 조회 오류가 뜨네요 또 이체할 때도 오류 간간이 뜨고 새로운 버전이 전 버전보다 오류도 많고 이렇게 불안정하니 안정화에 힘써주길 바랍니다
1499,업데이트하고부터 메인화면에서 조회를 누르면 왜 한 번 만에 잔액이 안 나오고 다른 화면 갔다가 조회를 눌러야 잔액이 나오나요 업데이트하면 할수록 버그가 심해지는데 그냥 업데이트하지 마세요
1500,하나원큐 앱 사용하기 편리하고 간편한 방법으로 다양한 거래를 할 수 있어 놓아요
1501,좋아요
1502,만족합니다
1503,더 깔끔해져서 좋습니다
1504,업데이트 면 업데이트하라고 떠야지 무슨 은행 어플이 이래 갤 21
1505,아니 어플 실행조차 안되네 안 고치세요 일 좀 똑바로 하세요 제발 욕 나오게 하네 진짜 로그인조차 안 되면 뭘 어떻게 써먹으라는 건지 일 좀 하시죠 예
1506,이체자 홍길동 이름으로 조회되게 해주세요 길동이에게 반년간 송금한 내역 입금된 내역을 한눈에 볼 수 없으니 많이 불편해요 그리고 자주 이체 등록 시 생활비로 설정하면 매번 따로 입력 안 해도 되는데 이름으로 되어있어 매번 생활비로 치는 것도 번거롭습니다 구 버전이 더 편했어요
1507,아니 왜 업데이트를 맨날 해서 매번 새롭게 인증 등록해야 하고 조회하려면 힘들고 어휴 하나은행 계속 쓰겠나요
1508,너무 괜찮은 거 같아요
1509,예전 앱보다 편리해졌네요
1510,편하고 좋아요
1511,아니 시작하면서 그냥 제 혼자 꺼져버리는데 뭐죠
1512,하라는 대로 했는데 안돼요 앱도 삭제 후 재설치했는데도 폰 껐다 켰는데도 전혀 안돼요 3일 전만 해도 다 확인이 됐는데 지금은 아무것도 볼 수가 없습니다
1513,변화하는 세상을 라피도 그 이상으로 앞서가는 하나은행을 칭찬하고 싶어요
1514,심각하게 로그인이 안 되네요 앱 정보 확인 중 화면만 계속 무한 로딩 중입니다 삭제 후 재설치해도 똑같고 답답하네요 타은행 어플은 잘만 되는데 하나은행 거는 왜 이런 거죠 다른 어플은 다 잘 되는데 하나은행 어플만 설정을 따로 하라는 것도 웃기고 심지어 그렇게 했는데도 안되네요 뭐 하자는 건지 참
1515,다운조차 되지 않아요 계좌이체 등 아무것도 못하네요
1516,편하게 사용하기 좋아요
1517,진짜 내가 젊은 사람인데도 사용하기 정말 어렵고 그냥 서비스 자체가 별로임 하나은행이 매년 기울고 있는 이유 중 하나 
1518,하나은행은 앱 개발회사인가 점점 늘어나네 아니면 부서마다 앱 개발 경쟁이 붙었나
1519,굿
1520,굿입니다
1521,좋아요
1522,사용하기 편리해요
1523,전에 구하나 원규 썼었는데 빠른 이체 서비스 있어서 보안카드 갖고 다닐 필요 없어서 이체가 빨랐는데 새로운 하나원 큐롯 다시 등록하려니 그 자체가 없다고 나오네요 제가 못 찾는 건가요 아니면 없앤 건가요 보안카드 갖고 다니기 불편한데 새로운 앱이 더 불편한 거 같아요
1524,제한 코드 05 뜨는데 왜 비대면 계좌를 못 만드나요 하나은행 걸로 꼭 만들어야 되는데 회사에서 만들어라 해서;
1525,앱 한번 더럽게 느리네요 속 터져뒤짐
1526,송금할 때 통장 비밀번호도 입력하고 지문도 찍는 경우가 종종 있는데 왜죠 그냥 둘 중 하나 선택하게 하면 안 됩니까
1527,간편 비밀번호 설정은 어디서 하나요 아시는 분이 잊어버렸다고 해서요 찾으려고 해도 보이지 않네요 답변 부탁드려요
1528,s10 5g 안드 11인데 로그인 누르면 무한 로딩 재설치 증상 동일 호환성 이 정도로 딸리는 앱 처음 봄
1529,처음에 인증하고 간편 비밀번호로 사용하고 있는데 주기적으로 처음 인증부터 다시 시작해야 합니다 인증 시 필수 동의는 했고 선택 동의는 안 했는데 그거 때문에 그런 건가요 사용할 때마다 계속 처음부터 인증해야 하니 이게 뭔 짓거린가 싶네요 다른 은행 앱도 사용 중인데 다른 은행은 안 그래요 유독 하나은행만 그래요
1530,아나 접속하고 계속 기다려도 앱 정보 확인 중에서 안 넘어가요 무슨 정보를 하루 종일 해도 안되는 거예요
1531,주거래 은행인데 왜 그렇게 어플을 못 만드냐 정말 성질나서 이체하기도 힘들고 상대방 은행 로고하고 계좌번호만 확인되니 어느 은행인지 더 모르겠고 주거래통장 말고 다른 계좌에서 이체하기도 힘들게 하고 은행에서 돈 빼지 말라는 거지 이런
1532,무슨 대기 고객 많다고 앱이 제대로 안 돌아가니
1533,전보다 쓰기 편해짐
1534,이전 거보다 버퍼링 겁나 심해졌음 너무 느려요
1535,20110 하나은행 자주 이런 일이 발생하네요 이체해야 하는데 사용자가 많아서 안된다니 저번에도 이랬는데 언제쯤 되나요 오늘 안에 되나요  가끔 알림이 안 떠요 그러면 알림 설정을 확인해보면 설정이 잘 되어있는데 왜 안되는 건지 모르겠어요 일단 다시 설정하면 되더라고요 그래서 돈이 언제 입금되는지 확인이 어려워요
1536,비대면 인증 은 외국인은 못쓰게 만들었네요 하나은행 Vip인데 외국인은 차별하는 건가요 외국인도 쓰게 고쳐주세요 장난하시는 것도 아니고
1537,공동 인증서로 로그인 선택하는 순간 앱이 꺼지네요 두 개의 핸드폰에서 동일 증상인데 못 쓰죠 이러면
1538,이건 뭐 은행 가는 게 더 빠를 듯 접속자가 많아서 하루 종일 나중에 다시 시도 메시지만 으 천불 나네 다른 은행에서 전혀 느껴보지 못한 경험으로 화병 나게 만드네요 하나은행 계좌를 왜 만들었는지 내가 미워지는군 이젠 서비스 미가입이라 뜨는군 대단히 대단하다 
1539,왜 굳이 어플 새로 받아야 하는지도 모르겠는데 새로 받게 할 거면 작동이라도 문제없이 되게 해야겠죠 속 터져서 주거래 은행 바꿉니다
1540,아니 은행 어플이 사용자가 많다고 송금이 안 되는 게 말이 되냐고요 당장 돈 보내야 하는데 어이가 없네요
1541,아니 왜 접속이 안 되나요 빨리 조치해 주세요
1542,별점 하나도 아깝네 별 거지 같은 어플 욕뿐이 안 나오네 인증만 10번째네
1543,거지 같네 자기들이 인증번호 보내주고 계속 틀리다 그러고 계속 접속자 오류 난다 그러고
1544,뱅킹 앱이 로그인 순간부터 화나는 경우는 처음이네요 웬만하면 평점 리뷰 안 남기는데 다른 분들을 위해 남깁니다 설치 마지 마세요 어차피 작동을 안 합니다
1545,은행 어플 중 가장 버벅거리고 느림
1546,접속스안돼요
1547,좋아요
1548,렉이 엄청 심하게 걸려요 버튼 하나 누를 때마다 거래량 증가라고 하면서 일시적 오류라고 떠서 다음 단계로 진행이 안 됩니다 뭔 이체하는데 30분이 넘게 걸려요;;
1549,장난합니까 거래량 증가로 인해서 오류가 몇 시간 동안 걸리는 건지 진짜 짜증 나네요
1550,예전 버전으로 돌려주세요 툭하면 접속도 안되고 로딩도 느리고 지금 왜 접속 대기가 있는지 돈 빼야 되는데 되지도 않고 접속할 때마다 느려서 짜증 나요
1551,업데이트 이후 너무 느리네요 로딩이 빨리 됐으면 좋겠어요
1552,금융거래가 편해요
1553,사용 편리해요
1554,초반에 사용할 때는 타사 앱보다 불편했는데 지금은 자산 예금 적금 펀드 대출 등등을 한 번에 볼 수 있고 너무 좋아요
1555,공용 인증서 사용 안 되나요 로그인하려고 공용 인증서만 누르면 어플이 꺼져버리는데 아니면 오류라고 앱 닫기가 뜸   오류인가요 아니면 이제 공용 인증서 사용이 안 되나요
1556,별 하나도 아깝네요 80mb 업데이트해서 설치했는데 가장 고객이 많이 사용하는 이체 버튼 찾는데 한참 찾았어요 매번 팝업마다 광고 문구는 빈틈없이 넣어두고 사용자가 뭘 많이 쓰는지는 안중에도 없는 거 같네요
1557,사용하기 편해요
1558,기존 거에서 억지로 갈아탐 왜 굳이 새로 깔아서 다시 다 설정해야 되는지 짜증 남
1559,네트워크 오류 뜨면서 접속 안됨 가이드 대로 캐시 삭제 재설치 비행기 모드 다해봤지만 접속 불가
1560,쓸만해요
1561,좋아요 좋아
1562,좋아요
1563,이전 어플보다 더 불편해졌음 자주 쓰는 계좌 검색 좀 가능하게 만들어주고 심플 이체 좀 다시 만듭시다 이건 원 불편해서 은행을 바꾸고 싶을 정도네
1564,이해하기 쉬웠어요 편하게 청약 가입했네요
1565,기기변경해서 새로 깔았는데 푸시 알림이 오지 않아요 알림 함에는 들어가 보면 내역이 있는데 알림 창에 뜨지 않네요 알림이 어플 다시 깔아야 하나요
1566,편하고 좋네요
1567,좋아요
1568,편리하고 좋습니다
1569,아니 왜 이체가 안됨 에러 왜 나요 이러다 중복 이체되면 책임질 거예요
1570,너무 좋습니다
1571,아니 간편 비밀번호 쓰고 있었는데 왜 새로 뭘 가입하라고 하는 건지 모르겠네요 거참 개악이네요 기존에 간편 비밀번호 이용 중이었는데 새로 가입하라고 뜨네요 기존 이용자가 새로 가입해야 하는 이유가 뭐죠
1572,앱 점검이 필요할듯합니다 접속 자체가 안됩니다 네트워크 오류라고 계속 뜨고요
1573,굿
1574,좋음 은행 중에 제일 좋음
1575,음 좋아요
1576,좋아요
1577,좋아요 조금 느리지만요
1578,왜 이렇게 만드는지 이해가 안 됨 개인 정보 통장 비번까지 입력해야 시작하게 왜 만들었을까요 폰 분실 시 어떻게 하라고 
1579,시작이 매우 불편함 지우고 그냥 구형 어플 쓰겠음
1580,사용하기 편하고 빠름
1581,편해요
1582,정말 별 하나도 아깝다 여기는 만들고 테스트 안 해요 10년 넘게 쓰고 있는데 이체 누를 때마다 창 하나씩 떠서 헷갈리게 하고 자주 쓰는 이제 관리는 어디로 처박아서 등록도 힘들게 하고 순서 바꾸는 거는 느리고 끊기고 저장도 안 되고 화살표는 작아서 손으로 누르면 수정으로 들어가고요 제발 또 개선하느라 돈 쓰지 말고 전 버전으로 쓰세요 그 개발비 아껴서 손님들 대출이자 예금이자 혜택 주세요 그리고 예전에는 검색하는데 단어 쓰면 관련된 기능 나왔던 거 같은데 지금은 돋보기 꼭 눌러야 하네요 점점 기능이 낙후됨
1583,다른 계좌로 돈 들어올 때 소리 나갈 때 소리를 요
1584,좋아요
1585,하나원큐 최근 것과 예전 앱 2개가 깔려있는데 구하나 원규는 이제 삭제해도 되는 건가요
1586,아니요
1587,사용 중인 otp가 있는데 뭐가 나와야 뭘 하죠 아무것도 안 나오고 끝에서 결국에 가입 안 함
1588,잘 사용 중입니다 제발 추가 어플 설치 안 했으면 하네요 관련 어플이 너무 많아요
1589,전엔 앱 설치하면 바로 바탕화면에 아이콘 생성됐는데 이번엔 설정에 들어가서 한 번 더 과정을 따로 해야 하는 번거로움이 있었네요
1590,아니 계좌 비번 사후 등록해야 하는데 폰 인증하면 시스템 장애 중이라 잠시 후 다시 이용하라는데 밑에 크롬 업데이트고 재설치고 하면 뭐하나 안 되는데 인증만 10번 넘게 하다 열받아서 올립니다 로그인도 아예 안 되고 월급 나오면 뭐하나 앱이 접속이 돼야 돈도 사용하지 앱 접속이 안 돼서 돈 수령도 못하고 굶으라는 건가요 전화 퇴근 전까지 못 받으니까 댓글로 상세히 안내하든복붙말고 문자 안내하든 해주세요
1591,좋아요좋아욬
1592,예전보다 좋아짐
1593,이체한도 변경 신청 시 운전면허증을 인식하지 못합니다 다른 어플에서는 잘 되는 걸로 보아 운전면허증이나 촬영의 문제는 아닌 것으로 보입니다
1594,좋아요
1595,어플이 다운이 안돼요
1596,좋아요
1597,하나도 아깝네요 push 서비스는 안되고 기존 6자리 로그인 방식은 적용이 안 되는 것 같고 기존에 서비스되던 오픈뱅킹은 생체 인식이니 뮈니해서 다시 등록하라 하고 기존 사용자 펀의 보다는 개발지 편의 중심인가요 개발자 시라면 화신전에 제 설정 상태를 확인하셔야 하는 것 아닐까요 먼저 push는 이미 설정이 된 상태임에도 서비스가 안되고 있고 간편 번호 로그인이나 오픈뱅킹 기 사용자에게 아무런 통보도 없이 얼굴인증으로 변경해서 사용하라는 게 upgrade인가요 얼굴인증을 하지 않으면 보안상에 중대한 문제가 노출되는 것도 아닐 텐데 기존 사용자는 안중에도 없는 자기만족 자아도취는 아닌가요 생체 인식 기능이 탑재된 앱이니 알아서 쓰라는 오만함이 아닐지 Push 서비스를 내리던지 아님 제대로 수정을 하시던지 메인 app이나 멤버스에서 입출금을 조회하고 있어요
1598,왜 안 켜질까요
1599,좋아요
1600,굳
1601,좋아요
1602,좋아요
1603,굿
1604,좋아요
1605,공동 인증서로 로그인하려고 하니 계속 중단되고 튕겨 나와서 새로 깔고 있어요 중요한 이체 앞두고 또 이럴까 봐 걱정되네요 신뢰도가 낮은 어플입니다
1606,간편해요
1607,아니 뭔 10초 송금 시작하기 버튼은 해도 해도 계속 뜨고 앱 자체가 렉도 엄청 먹어요 진짜 답답하네요 예전 앱이 훨씬 나아요
1608,아니 왜 접속이 안돼요 진짜 매뉴얼도 이상하게 바꿔서 불편해도 그냥 쓰는데 어플 실행도 안되고 오류만 나고 타은행 어플 좀 이용해봐요 우리은행 신한은행 기업은행 농협까지 얼마나 간단하고 편리한데 아 진짜 은행 갈아타고 싶지만 사정이 있어 못 하는 상황이 원망스럽네요
1609,편해요
1610,좋아요
1611,굿
1612,아직 사용하지 않았지만 사용하려 함
1613,좋아요
1614,간편 로그인은 되는데 공인인증서 로그인하기 누르면 앱 바로 꺼지네요 기본적인 로그인 상황에 대한 동작 검증이 안되고 업데이트되는 걸까요
1615,사용하기 편하고 좋아요
1616,갑자기 구 버전 인증서 로그인 안 됨 최악임
1617,에이 인증번호 처 보내지도 않으면서 인증번호를 어찌 입력하라는 겁니까 머리에 든 게 없나
1618,기본적으로 어플 자체도 무거운데 네트워크 상태와 무관하게 로딩이 지나치게 느리고 이체도 오래 걸립니다 덕분에 급한 거래를 놓쳤네요
1619,IT 팀에서 제대로 관리를 하는 건가요 오류가 너무 많이 나요
1620,타은행 어플보다 사용하기 쉬움
1621,굿
1622,좋아요
1623,공인인증서로 로그인을 선택하면 앱이 죽어요 공인인증서 밖에 없는데 쓸 수가 없네요 빠른 확인 부탁드립니다
1624,야심하게 끊겨요 한번 보면 움직이질 않아요 불편해요
1625,좀 찾기가 쉽지 않고 번거로움
1626,새로 깔기 귀찮아서 그냥 살다가 방금 구버전 삭제하고 깔았는데 괜히 삭제한 거 같아요 너무 느리고 푸시 알림이랑 문자 알림 설정 좀 바꾸려고 눌렀는데 나갔다 들어갔다 계속 시도해봐도 응답도 없네요
1627,간편하고 신속해서 좋습니다
1628,갑자기 공인인증서 로그인이 안 됩니다 다른 평가에 댓글 달아주신 대로 3가지 다 해봤는데 계속 튕겨져 나와요 다해봐도 안돼요 3가지든 4가지든
1629,로그인이 편해졌어요 전엔 자주 접속 안 하다 보니 계속 아이디랑 비번 까먹어서 할 때마다 바꿔야 했는데 좋네요
1630,구 버전이 좋았어요 자주 쓰는 계좌이체할 때 이름으로 검색할 수 없어서 원시적으로 내려서 찾아야 하고 또 은행 병 없이 로고만 표시하고 있어서 어떤 은행인지 알기 힘들어요 개선 바랍니다 너무 불편합니다
1631,너무 편리하고 좋아요 안전해서 믿음 가요
1632,은행앱중에역대급쓰레기 어떻게 매번 접속이 안되고 매번 오류가 나고 내가 이 앱 때문에 은행을 바꾼다
1633,아니 무슨 설치도 안되냐 거지 같은 어플 만들었네 진짜 뭐 하는 거예요
1634,편함
1635,하나
1636,하나은행 인터넷 페이지에서도 이전의 사용자들이 적은 리뷰에서 보이는 공동 인증서 관련 오류가 납니다 이 정도면 사용자의 실수가 아닌 것이니까 기계적인 안내로 대처하지 마세요 혹시나 해서 폰으로 확인했더니 공동 인증서 로그인만 오류 납니다 다른 인증 절차로 유도하는 것처럼 보이는군요 그리고 인터넷에서조차 자판기 사용을 하지 못하게 해서 불편해요 마우스로 찍는 것도 어느 정도지 페이팔 아니면 계좌를 없애고 싶은 생각이 듭니다
1637,앱이 로그인이 안 되네요;;;
1638,좋음
1639,굿
1640,간편해서 좋다
1641,좋아요
1642,예전 인터페이스가 훨씬 편합니다 왜 이렇게 바꿨는지 모르겠네요
1643,프로그램을 열수가 없어 모바일 뱅킹을 못하고 있어요 정말 앱 개발자들 넘는 것 아닌가요 전 lg v50 사용자입니다 제발 빨리 앱 수정 후 릴리스 바랍니다
1644,더 편해진 것 같아요
1645,아주아주 좋아요
1646,편리하고 오류도 없고 안정적이네요 좋아요
1647,얼굴인식하지도 않았는데 로그인이 됐습니다 핸드폰 분실되면 아주 위험성이 크네요 편리해진 대신 위험성 또한 커진 거 같아 불안합니다
1648,좋아요 편해요
1649,앱이 안 깔려요 도대체 하나은행은 비슷한 앱을 몇 개나 만드는 건지 외환은행 때부터 사용하던 계좌라서 그냥 씁니다만 해도 해도 너무하네요
1650,어플 진입이 아누이
1651,공인인증서 로그인 클릭하면 튕김 어떻게 사용하나
1652,쉽고 빠르네요
1653,인증서가 자꾸 튕기는 건 왜 그러는 거예요 이체해야 하는데 안돼요
1654,은행 앱을 기존 걸 버리고 새로 깔란 것도 웃긴데 그걸 공지도 안 함 새 앱도 계속 오류 남 똑바로 좀 만들어라
1655,앱이 실행이 안되네요
1656,첫 월급통장 만든 후부터 올해로 10년째 주 거래입니다 파이팅
1657,편하고 좋습니다
1658,좋아요
1659,지난 토요일 1월 30부터 계속 열리지 않아요 지웠다 새로 설치를 3번 넘게 했는데도요
1660,앱 정보 확인 중에서 안 넘어가네요
1661,최악 사용성 개선이라는데 대체 뭘 개선한 건지 로그인도 안 되고 매번 이러니
1662,사용하기 쉬워요
1663,인증 등록도 아주 잘 되고 편리해졌습니다 잠시 오류로 악플이 너무 많아 댓글 드립니다 요즘 대세인 카카오 금융앱과 비교해 손색없네요
1664,두 계좌 이체하려고 하면 튕긴다 하나은행 갈아타야 하나 앱 진짜 못 쓰겠네 이거 좀 개선 좀 해줘요 아침에 몇 번을 튕기는지
1665,왜 공동 인증서 누르면 앱 종료되는 거죠 정말 짜증 나네 이 딴 거 써야 합니까
1666,오늘 아예 계속 튕기고 안 들어가지네요
1667,공동 인증서로 로그인하려면 앱이 꺼져버려요
1668,아예 어플이 열리지를 않아서 재다 온 중입니다
1669,좋아요
1670,공동 인증서 갱신 등으로 PC에서 절차 진행하는데 중복 로그인 오류 발생하네요 모바일 OTP 번호 생성을 위해 앱을 켜서 번호를 입력했더니 어플이랑 PC랑 중복 로그인 됐다고 계속 반복하는데 이럴 거면 모바일 OTP 왜 연동한 겁니까 확인하고 업데이트가 필요해 보입니다
1671,좋음
1672,아니 로그인부터 안 된다는 게 말이 되나요
1673,굿
1674,좋아요
1675,원류 앱 접속 자체가 안 됩니다 핸드폰 기기를 바꾼 후부터 응답 없다는 메시지와 함께 튕겨지네요 원인 파악에 도움이 될지는 모르겠으나 갤럭시 노트 9로 기기 변경했습니다 결제 내역 좀 보려고 들어가려 하는데 로그인 화면은 구경도 못 했습니다 왜 이러나요 다행히 토스도 함께 사용 중이어서 은행 업무는 볼 수 있는데 아무래도 해당 카드사 앱으로 확인하는 게 자세히 나와 있어서 꼭 필요해요 하나은행만 이용하는데 앱 때문에 주거래은행이 바뀌는 일은 없었으면 해요 답변 부탁드려요
1676,하루 종일 안되는 이유는 무엇일까요
1677,로그인이 왜 아침부터 지금까지 안 되나요 어플 삭제하고 새로 깔아도 안돼요
1678,오늘 하나카드 다 해지함 손님 손님하길래 손님은 왔다가는 걸 보여드려야겠음
1679,좋아요
1680,진짜 어플 너무 느리네요 열받아 안 쓸 레
1681,좋아요
1682,사용하기 편리해서 매우 만족합니다
1683,저도 공동 인증서로 그인 탭 하면 앱 중단돼요 안드로이드 9에요
1684,알기 쉽게 편하게 사용했네요
1685,업데이트 후 공동 인증서 선택하면 앱 중단됩니다
1686,S20Fe 사용자인데 앱 실행이 안 됩니다
1687,도대체 왜 공과금 납부만 누르면 먹통이 되는 걸까요
1688,좋아요
1689,왜 그런지는 알겠는데 한 번 계좌번호 실수하면 계속 안되는 게 조금 불편하네요 조금 더 초과될 때 확인하는 횟수가 높으면 좋겠네요
1691,요즘 공동 인증서로 로그인할 때마 화면 닫혀버리고 대출 상환해야는데 이틀 동안 안돼서 이자만 더 주게 생겼네요 저번에도 그러지만 정말 화가 납니다
1692,진짜 은행 앱 중 역대급 구려요  모바일 otp 발급받는데 계속 계좌 인증하라고 떠요 진짜 무한 수레바퀴임;;; 적금 끝나면 하나랑 이별 예정
1693,좋아요
1694,두 계좌이체 없나요 한 건 한 건 이체하는 거 귀찮아요
1695,앱이 깔끔하네요 Ai ux가
1696,로그인 시 공동 인증으로 그 인구 공인인증서 방식으로 하려니 자꾸 앱 중지 안내가 뜨고 안되는데 어떻게 된 건가요 다른 방식 간편 비밀번호 이런 거로는 되더라고요 꼭 필요한 공동 인증 로그인으로 로그인해야 됩니다
1697,업데이트를 하면 매번 오류가 남 오늘은 공동 인증서를 누르면 튕김 그래서 이체를 못하고 있음 업데이트 매번 초기화 잘 뜨던 공인인증서 바로 누르는 화면도 매번 선택하게 만들더니 업데이트 불편하게 만듦인 듯 진짜 윗분 말대로 어플이 불편해서 주거래 은행을 바꿀듯합니다
1698,공인인증서 로그인 시 계속 비정상 종료되는데 고칠 생각도 안 하고 머 하는 짓인지
1699,너무나도 사용하기 편리하고 정보제공이 신속 정확과 보안이 잘 되어있어 믿고 쓰기 좋은 웹
1700,조아여
1701,앱 업그레이드되니 훨씬 가독성도 좋고 사용하기 편리해서 좋아요
1702,좋아요
1703,좋습니 대
1704,이거 왜 이럼 멈춰서 열리지도 않고 완전 짜증 앱이네요
1705,아니 제 아이디는 소문자인데 키보드엔 대문자로만 나오면 어떻게 로그인하라는 건가요 그리고 공인인증서는 구하나 원규에서 신하나원큐어플로 인증서 내보내기 했는데도 안되면 어쩌라는 거죠 하 개답 답하네 어플
1706,하나은행 앱 이용 못하는 건가요 실행이 안돼서 들어가지를 못하네요 업데이트했는데도 불구하고 계속 안돼요 최근까지 잘 되었는데 몇 주 전부터 실행하다 접근 못한다고 꺼지네요
1707,타행 금융 인증서 등록이 안되네요 다른 은행은 다 했는데 하나은행만 인식을 못 하고 있어요
1708,출금 알람이 잘 안 떠요 너무 심합니다
1709,아 짜증 나 어플을 받아서 쓰려고 해도 오류라고 뜨고 아무것도 안되네요 이거 뭡니까 하나카드 쓰지 말라는 얘기 하나은행 통장도 없애고 카드도 없애야 되나 차라리 안 쓰고 말지
1710,업데이트한 후부터 앱 실행 로그인하려고 하면 앱이 꺼져버립니다 이게 무슨 일인지 답답하네 이거 이래갖고 하나은행 주 거래로 쓰겠나
1711,왜 갑자기 카드 사용이 안 되죠 현금 없이 카드만 가지고 왔는데 아무 통보도 없이 사용 정지를 사용시키나요
1712,장난치는 것도 아니고 왜 이체가 안됩니까 경매한 물품이라 빨리 입금해야 하는데 무슨 앱에서 오류가 이렇게 많이 나요 업데이트하고 나서 이체가 안돼요 Kb 쓸 때는 이런 일이 없었는데 주거래은행 다시 kb로 해야겠네요 뭐 이딴 앱이 다 있어 앱이 없는 것들
1713,아 짜증이 나네요 계약금 입금해야 하는데 접속도 안되고 한참 있다가 이체 되나 싶더니 최종 단계서 무한 로딩 중이고 은행 해킹당했어요 은행 앱 쓰다 이런 경우 처음이네요
1714,진짜 욕밖에 안 나오는 앱 그전에도 그랬고 발전보다는 후행하는 모습에 질린다 하나은행 관련된 앱 전부
1715,계속 이런 식으로 한 번씩 서버가 다운된다면 이 은행에 대출이 있더라도 다른 은행으로 인터넷뱅킹을 갈아탈 수밖엔 없겠죠
1716,갑자기 오늘부터 먹통 되네요 급한데
1717,왜 또 로그인이 안 돼
1718,업데이트 이후에 왜 안 되나요 다 해봤는데
1719,로그인하면 멈추는데 무슨 말이 더 필요할까요
1720,아 안 들어가죠요
1721,오늘 새로 깔고 로그인 인식도 못 하는 얼굴 깔고 이체해야 하는데 계속 오류 나고 느리고 어플 맞나요 인식률이 30도 안도는 걸 보안이라 해놓고 멍따 시켜놓으면 이거 어떻게 사용합니까 당장 내일 써야 하는데 정말 망했네 고객 짜증 불편 앱 카카오나 삼성 봐봐
1722,지금 이체 빨리해야 되는데 왜 대체 앱이 처음 화면에서 안 넘어갑니까 지웠다 깔아도 안되네요 너무 느려요
1723,은행 어플 땜에 갈아타고 싶음 진심 
1724,거래량 증가 때문에 어플이 안 켜진다고 진짜 은행 어플이 이딴 식으로 굴면 신뢰도 하락인 거 모르나 아오 어이없네 진짜 
1725,와 몇 분째 접속자가 많다고 안 들어가지는 거야 진짜 일처리며 시스템이며 개떡같은 은행이네
1726,오늘 왜 로그인이 안되죠 전체적으로 프로그램 무겁습니다 주 거래만 아니면
1727,로그인이 갑자기 안돼요 나만 그래요 앱 바뀌고 욕 많이 먹는 거 보긴 했는데 이전 어플 없애고 강제로 새어 프로 깔게 했으면 이 정도는 보완해야죠 어플 때문에 할 수 없이 주거래 은행을 바꿔야 하는 어처구니없는 이 상황을 어쩌면 좋을까요 하나은행 어플 개발한 사람 실직당했으면 좋겠네요
1728,에 쓰레기 같은 어플 갑자기 계좌이체 못 하서 손해 본 게 몇백인지 아나 거래상에 보내야 하는데 진짜 시간도 없는데 열받아뒤지겠네 이게 무슨 대기업은행이고 입출금도 제대로 안되고 아 진짜 더러워서 해지한다 내가 저축은행보다 못한 어플
1729,제 혼자 로그인도 안 되고 계속 로딩 중입니다 이 하나은행 어플로는 이체가 안되네요 다른 어플 써야겠어요
1730,제 핸드폰에 무슨 문제 있는지 알았어요 왜 열리지도 않는 건가요 급하게 이체해야 하는 것들 많은데 이게 뭐람
1731,갑자기 접속이 에러가 걸려요;
1732,보기 편함
1733,매우 편리하다
1734,좋아요
1735,오랜만에 깔았는데 심플하고 깔끔해졌네요  다만 간혹 멈칫하는 현상이 손해보험이나 다른데 들어갈 때 있네요
1736,앱에 들어가지지도 않네요 짜증 나서 삭제했다 다시 깔아도 앱 초기 화면에서 빙빙빙 이래서 쓰겠어요
1737,이틀째 접속이 안되네요 구 버전 사용할 때는 아무 문제 없었는데 충분히 테스트 후 앱을 론칭했으면 하는 아쉬움이 있네요
1738,굿
1739,잘 안 들어가져서 화나요
1740,좋아요
1741,너무 느림 최악 진짜 앱 개발팀 다 바꾸셔야 할 듯요
1742,빠른 진행 좋아요
1743,좋아요
1744,잘 쓰고 있어요 만족합니다
1745,최악이에요
1746,익숙해지니 좋아요
1747,하나은행 무료 스마트뱅킹 좋아요 파이팅
1748,로그인할 때 뜨는 키보드가 작아 저서 구 버전 때보다 좀 불편하네요
1749,업데이트될 때마다 안 열리는데 계속 지웠다가 새로 깔아야 하나요 업데이트되면 벽돌이 되는 이유가 대체 뭔가요 개발팀 고생하는 건 알겠는데 도대체 이해가 안 가요 너무 불편해요
1750,편리함
1751,좋아요
1752,편리합니다
1753,직관적이고 사용하기 쉬워요
1754,아니 그니까 종합계좌 개설하래서 종합계좌개설했는데 이 계좌번호는 하나은행 계좌가 아닌 건가 왜 이 계좌는 로그인이 안 되냐고 하나금융 투자 계좌랑 하나은행 계좌랑 다른 건가요
1755,로그인도 안 되고 멋대로 종료되어 난감하네요 속도도 많이 느리고요
1756,최근 오류 나서 안 켜질 때가 너무 많습니다 신뢰성과 안정성이 보장돼야 할 은행 앱이 이 모양이라는 게 어이가 없네요 바로 이체해야 돼서 켰는데 안 되면 진짜 화납니다
1757,UI는 편리 이동 시 로딩 시간이 전체적으로 긴 게 단점
1758,너무 잦은 오류로 어플 사용하기 불안함
1759,앱 실행 중 오류 발생 만내여 안내대로 했는데 급할 땐 짜증 납니다
1760,시작 화면에서 넘어가지를 않네요 왜 이런 거예요 계속 잠시 후에 이용하라고 메뉴 하루 종일 새마을금고도 안 그러는데 나 참
1761,잠시 후 다시 재접속해달라는 경고 창이 계속 떠요 지웠다 깔아도 계속 뜨는데 해결 방법 있나요
1762,버전 체크 반복하다 오류 떨어짐
1763,왜 실행이 안 되나요
1764,프로그램이 로딩만 하다 오류로 꺼지길 수십 차례 지우고 다시 깔아도 마찬가지 써 본 은행 앱 중 최악
1765,오늘 계속 오류 뜨네요 잠시 후에 하라 해서 다시 해봐도 계속 오류로 뜨네요
1766,카드대출받고 나서 갑자기 잘 되던 어플이 박통이 돼서 지금 새로 다운로드하고 있네요 너무 불안합니다
1767,이체 수수료 무료라고 해서 다운로드했는데 어느 순간 주식계좌에서 내 하나 계좌로 돈 옮기려니까 수수료 300원 받는 건 뭔데요 주식수수료도 잘 떼어가면서 너무하네
1768,다운로드  크래시  재실행하시겠습니까 무한 반복
1769,앱을 실행하는 도중 오류가 발생했습니다 다시 시도해주시기 바랍니다라는 메시지가 뜨면서 앱이 실행되질 않아요
1770,왜 이렇게 안돼요
1771,만기해지해야 하는데 자꾸 재시도 앱 종료 떠요
1772,5시 18분 접속 시도했는데 계속 안 돼요 은행 앱인데 이러면 좀 불편하네요
1773,오늘 업데이트 후 실행이 안돼요
1774,1월 28일 오후 5시경부터 접속이 안됨
1775,카카오뱅크가 성공할 수밖에 없는 이유
1776,처음 사용해보는데 좋네요
1777,자꾸 오류 나요 개구려요
1778,펀드 가입부터 가이드까지 유용하게 활용할 수 있으니 좋아요
1779,어제까지 앱 통해서 이체 잘 사용했는데 오늘 오전에 업데이트하고 앱 구동 후 공동 인증서 로그인하려면 앱 증지 안내가 뜨고 실행이 안됩니다 V3 앱이 자동 구동이 안 되는 것 같습니다
1780,좋아요
1781,뭐가 불편하다는 거지 난 다 이상 없이 되는데
1782,간편등록 사용하다가 안돼서 상담원과 통화 후 앱 삭제 후 다시 설치하려니 안되네요 다른 앱은 잘 설치가 되는데 이것만 안 깔리는 이유를 도통 모르겠어요 뭐가 문제죠
1783,다른 은행과 비슷해요 고객센터 상담원이나 충원하세요 상담원과 통화 좀 할 수 있으면 좋겠네요 은행 지점 및 ATM 기기까지 착실하게 철거하더니 이젠 고객센터도 문 닫는가요
1784,업데이트도 느리네요 속 터져요 성격 급한 사람은 뛰다 목 빠지겠네요 웨 업데이트하는데 느려지나요 개선이 필요합니다
1785,어우 귀찮아 뭐 맨날 업데이트야
1786,편리하고 시간 절약
1787,당장 급하게 한도보다 더 이체할 일이 생겨서 이체한도를 변경했는데 이체가 안 되는 쓰레기 같은 일이 발생하네요 이전 앱에선 못 겪은 일인데 도대체 어떤 놈들을 써다 만들어서 이 모양인지 참 궁금함
1788,노트 20울트라 업데이트 후 공인인증 로그인하려고 하면 강종 되네요
1789,좋아요
1790,오픈뱅킹 가입 중 스마트 간편 인증에서 진행이 안됨
1791,편하고 너무 좋아요
1792,잘 써고 있어요
1793,스마스 사용 이해하면 누구나 편리하게 사용하겠네요
1794,사람이 만들긴 함
1795,진짜 댓글 안 쓰는데 앱 속도 좀 올리세요 전에 앱보다 버벅대고 느림 사업비 날로 먹은 건지 그리고 화면이 제대로 구현이 안 돼서 새로 고침 나오고 별 쇼를 다하게 하는 이번 앱이네요 아니 도대체 왜 바꾼 건지 전혀 장점이 없음 앵무새 답변 말고 그전 앱보다 좋은지 기술적인 부분 고치세요 모니터링이 아니라 실제 손보라고요
1796,편리하고 좋아요
1797,굿굿굿
1798,얼굴인식 편해서 좋아요
1799,왜 이레 원큐형 힘들다
1800,굿
1801,참 편리하게 적립식 펀드 가입이 되네요
1802,너무 느려요
1803,로그인 방식은 왜 자꾸 초기화되나요 지문 등록해서 멀쩡히 사용하다가 지문 등록하라 나오고 벌써 2번째 은행 고객 감소하면 다 이 어플 때문일 테니 개발자들은 연습을 실제 사용 어플에 하는 것이 아닌가 생각이 드네요 다른 은행 갈아타는 게 속 편하려나
1804,좋아요
1805,지우고 다시 구버전 깜
1806,하나은행 앱을 통합해 주세요
1807,굿
1808,왜 자꾸 오류가 나서 재실행 하라고 할까요 나중에 다시 하라고 하는 데 금융 업무가 이러면 안 되는 데
1809,도대체 왜 맨날 접속이 한 번에 안되는 거임
1810,이거 간편 비밀번호 어떻게 해요 기존 거 구버전 쓸 때도 간편 비밀번호 했었고 신버전도 그렇게 해서 썼던 거 같은데 갑자기 안 보이네요 기존 방식 로그인에도 없고요 보안번호 누르고 이체해야 하고 아 짜증 나네요 간편 비밀번호 다 등록했었는데
1811,실행했는데 네트워크 오류로 인하여 정상적인 데이터를 수신하지 못했습니다 잠시 후 다시 시도해주시기 바랍니다  오전부터 시도했는데 오후까지도 똑같네요  그냥 PC로 사용합니다
1812,좋아요
1813,앱 종료 발생
1814,최악의 어플 대출서류 전송 자체가 안되네요
1815,편리하고 안전해요
1816,느리고 버벅거리고 멈추고 단계별로 거치는 끊임없는 인증 절차와 자사 간편 인증만으로 가능한 간편 로그인 사용자 편의성이 간편한 게 아닌 은행 상품 광고가 간편한 스팸 어플
1817,좋아요
1818,좋아요
1819,업데이트했더니 로그인도 안 되고  왜 하나은행이 만년 34등인지 알것다
1820,매우 편리합니다 왜 여태 사용할 생각을 안 했는지
1821,앱이 쓰레기임 지정계좌 등록했는데도 1일 한도 100만 원만 돼서 이체도 안댐
1822,좋습니다
1823,갤럭시 s10 노트 사용자입니다 첫 가입부터 보안 키보드의 번호 두 개가 같이 눌리거나 제한 코드 05니 뭐니 안된다고만 나오고 어떻게 하라 가타부타 메시지도 없고 그러네요 이걸 쓰라고 만든 건가요 진짜
1824,오픈뱅킹 가입하면 스타벅스 쿠폰 준다길래 기존 앱에서 넘어왔는데 가입 완료 화면에서 쿠폰 수령을 못했습니다 굉장히 앱도 느리고 금융앱인데 그전 버전보다도 느리네요 채팅상담도 기존에 있던 거 취소하고 하라고 하고 오류투성이 쿠폰 받으려면 어떻게 하나요
1825,기존 잘 되던 거 갑자기 없어져서 신버전 다운로드가 안돼요
1826,좋다
1827,이체한도 올리려는데 터치해도 화면이 안 넘어가네요 이거 때문에 은행옴
1828,간편하고 디자인도 심플 좋습니다
1829,하나원큐 굿
1830,타사보다 훨씬 편해지고 정보도 많아서 좋네요 자주 애용할듯합니다
1831,빠르고 좋습니다
1832,편리해요
1833,굿
1834,심플 이체는 왜 없어진 거죠 대체
1835,굿
1836,굿일 것입니다
1837,굿 굿 굿
1838,사용하기는 편리하나 간편 로그인 설정하면 기존 기기는 해제되는데 이게 상당히 불편하네요 두 기기 다 자주 쓰는데 하나는 어쩔 수 없이 공인인증서로 로그인하고 있습니다
1839,좋아요
1840,간편하니 좋아요
1841,쓰레기 앱
1842,면허증을 면허번호 한자 한자 또박또박 몇 번을 인증해도 틀렸다고 나오네요
1843,왜 접속이 안되죠  갑자기
1844,무슨 다운로드하는데 수시간이 걸리나요 관리 안 함
1845,자동이체 대상 금융기관에 한국 포스 증권도 추가해 주세요
1846,너무 편하고 좋네요
1847,편리합니다
1848,예전보다 훨씬 좋아졌어요
1849,퇴직연금 상품에 펀드 종류가 너무 적어요
1850,업데이트하는데 엄청 오래 걸림 은행 어플인데 선진국 맞나 싶을 정도로 개 그림
1851,입금계좌 붙여넣기도 안되네요
1852,기존 거 제거 안 한 상태에서 받아서 금융상품 조회하다 기다림에 지쳐 그냥 새 앱 꺼버렸어요 상품 조회하는데 속도가 왜 이래요 1분 기다리다 강제 종료했네요 아직 많은 기능을 사용하지는 않았지만 필요 없는 것들 잔뜩 넣어놓고 은행 업무의 핵심 기능을 잃은 거 같네요 전 계속 구앱 사용하려고요 그리고 어떤 때는 잘 되고 안되고 아직 불안정한 거 같네요
1853,은행 앱 다섯 개 정도 써봤는데 제일 나음
1854,편해졌어요
1855,매번 접속할 때마다 자꾸 뭘 새로 다운로드하다가 꺼짐 은행 업무 보기가 너무 힘듦
1856,얼굴인증 로그인 편리하네요
1857,좋아요 편리해요 빠 밤
1858,로그인 방법 바꾸려니 간편 인증 등록 하라면서 개인 정보 인증하면 꺼져버리고 장난하나요 짜증 나서 못 써먹겠네
1859,인증서 내보내기를 하면 튕겨요
1860,편리한 거 같아요 잘 사용 중입니다
1861,관련 부서 전달 및 조치가 안되었네요 말만 조치 조치  신규 설치하니 구 외환은행 정보 계좌번호 외가 없어 이용에 많이 불편하네요 병행 표기 요청드립니다
1862,아니 이 새끼들은 업데이트할 때마다 인증을 새로 하래
1863,Good
1864,좋아요
1865,예전 앱은 하나은행 계좌들이 한 번에 보이며 잔액 만기일이 한 번에 떠서 관리가 편했는데 지금은 로 한 계좌씩밖에 안 보이고 만기 날짜도 바로 안 나와요 화면 넘어가는 것도 너무 느려요 전반적으로 예전 앱이 훨씬 좋아요
1866,좋아요
1867,오류 나요
1868,들어가자마다 꺼져서 못썼는데 답변대로 다시 설치하니 괜찮아지네요
1869,왜 갑자기 로그인도 안 되고 해지 고객으로 뜨나요 공인인증서 무조건 만들어야 하는 건가요
1870,굳
1871,탁월함
1872,어플 접속이 안됩니다 다음 주 중요하게 계좌이체해야 하는 일 있는데 그날 이럴까 봐 겁나네요
1873,인증을 했는데 며칠만 지나면 인증했던 게 다 없어져서 간편 로그인 얼굴 인증 다 안돼서 다시 인증하라 하고 해서 인증하면 며칠 지나서 또 안돼서 또 인증 또 인증 또 인증 짜증 나네요
1874,진짜 불편하다 왜 바꿨는지 이해가 안 됨 예전 앱처럼 지문으로 바로 보내져야 편하지 비번을 두 개나 입력하라고 하고 계좌이체할 때 그 계좌가 어디 있는지 찾아서 클릭해야 하는 번거로움 예전 건 계좌가 다 떠서 클릭 한 번만 하면 됐는데 이번 두 번 해야 함 너무 불편해 불편해 딴 은행 알아보는 중
1875,좋아요
1876,좋아요
1877,좋아요
1878,앱 실행 시마다 간편 인증을 사용하도록 유도해서 사용하지 않는 입장에선 상당히 불편합니다 환경설정에 로그인 방식 설정을 해도 동일하네요
1879,괜춘 예전보다 낫네요
1880,만족합니다
1881,굿
1882,편리하게 이용하고 있습니다
1883,굿
1884,편하네요
1885,얼굴인식 기능 쓰기 편하고 로그인 빠르게 할 수 있어서 좋아요 각종 기능 사용하기도 좋은 것 같아요
1886,얼굴인증 잘 됐는데 업데이트되고 왜 안 되나요
1887,앱 좀 그만 바꿔라 귀찮아 죽겠다 이제 뭐가 무슨 앱인지 헷갈린다
1888,타은행에서 하나은행으로 주거래 은행 바꾸고 있습니다 앱이 너무 편해요
1889,좋아요
1890,좋아요
1891,쉽게 할 수 있네요
1892,얼굴인증하고 로그인하고 이용까지 했는데 나중에 다시 로그인하면 다시 인증하라고 지금 벌써 4번째임 짜증 나서 삭제하고 다시 설치 중인데 또 그러는지 한 번 봅시다
1893,좋아요
1894,별 하나도 아까움 지문인증 안돼서 아래 다른 사람이 쓴 글 답변 참고해서 했는데 그래도 안됨 답변 달아주는 사람 당신이 직접 해보고 글을 써라 좀
1895,어플이 너무 느릿느릿함 누를 때마다 한번 기다려야 함
1896,좋습니다
1897,심플 이체 아직도 없네요 원래 있던 기능 그대로 쓰게 해달라는 게 그렇게 어려운 일인가요
1898,인증센터는 사람이 직접 운영하는 것처럼 메시지가 일정 시간 지나서 폭탄처럼 한꺼번에 옴 ARS 인증은 잘 되지도 않고 삭제 후 재설치 몇 번 하고 그 어떤 은행 어플보다 최악이다 거주지 근처 은행도 없고 앞으로 두 번 다시 쓸 일 없겠네요 PS 운동하다가 열받아 죽는 줄 알았네 코로나보다 더 개화 나네
1899,좋은 어플
1900,작동이 저만 지금 안되는 건가요
1901,잘 쓰고 있었는데 계속 오류라고 잠시 후 로그인하라 나오고 답답해서 앱 삭제 후 재설치하면 처음엔 되다가 또 오류라고 잠시 후 로그인하라는 무한 반복
1902,계좌이체를 하려는데 잔액이 부족하다며 실행이 되지 않아서 결국 은행을 방문해서 처리했네요 은행에 가서 행원 앞에서 다시 실행했는데도 역시 실패했고 행원도 잔고가 충분한데 왜 그런 오류가 나는지 이해가 되지 않는다고 했습니다 급기야 이제는 실행도 되지 않네요 앱 안정성이 이렇게 떨어지는 건가요
1903,라니 안 둘 오가지면 어떡하라는 거예요 이게 지금 말이 되는 상황
1904,앱 실행에 반복적 오류라고 자꾸 떠서 지웠다 깔아도 안되네요 잘 쓰고 있었는데 무슨 일이죠
1905,아주 후진 앱 대형은행이 만든 게 맞는 건지 여러 개로 분리해서 만들었는데도 무거워서 그런 건지 작동 잘 안되고 후짐
1906,오류가 자꾸 뜨고 실행할 수 없다고 나와요 짜증 나요
1907,앱 실행 중 오류라고 뜨면서 실행이 안돼요
1908,앱 업데이트하더니 안 들어가지고 계속 튕김 결국 삭제
1909,무한 로딩 아휴 답답하다 주거래 은행을 바꾸든지 해야지
1910,왜 실행이 안 돼요 오류 진짜 너무 자주 발생해요
1911,오류 나고 튕기고 오늘 왜 이러는 거죠
1912,앱이 농협만도 못하면 국내 시중은행권이라고 할 수나 있나 돈 백 보내는 것도 전화도 받아야 해 공인 인증도 해야 해 인증카드도 해야 하고 하나 오래 썼지만 보안 좋다 이거예요 근데 뱅킹 잦을 땐 내가 오죽하면 농협에 이체했다가 농협서 보냄 농협은 보안 없어서 그리되나 하나가 주 거래고 혜택 좋다 해서 쓰지만 좀 과함 새어 풀도 느려터짐
1913,열리지도 않아
1914,홍채인증은 사라진 건가요 밖에서 마스크 벗기도 힘든데 얼굴인증 아니면 지문인증이라니 홍채인증으로 로그인하는 것이 다시 가능해졌으면 좋겠습니다
1915,KB랑 비교하면 선녀
1916,편하고 좋아요
1917,훨씬 불편해졌어요 계좌이체 시 자주 쓰는 계좌에서 이름으로 검색할 수 있었는데 기능 추가 안 되나요
1918,편리함
1919,앱 정보 확인 중이라고만 뜨고 첫 화면이 안 넘어갑니다 왜 되다 안되다 합니다 겔 10 5G입니다 업그레이드한 게 왜 이 양입니까 카드 비용 이체해놔야 하는데 며칠째 못 들어가고 단돈 10만 원 이체 못해놔서 연체자 되는데 어플서 안돼서 다시 깔아봐도 앱 정보 확인 중 c1 c2 만 뜨고 은행 가야만 하는 불편함을 이 어플 때문에 해야 하나요
1920,굳 편하고 좋어요
1921,좋아요
1922,내 자산연구소에서 무한 업데이트 진행되어 다른 자산 추가를 할 수 없습니다
1923,굿굿
1924,얼굴인증 오류가 나더니 인증 안됩니다 재등록해도 그다음엔 인증 안되고 프로그램이 충돌해서 그렇다고 삭제하고 다시 깔라고 해서 그리했는데도 잘 안되네요 원인 파악을 제대로 하셔서 프로그램 보완하셔야 할 듯
1925,메리츠화재 보험사 등록이 안됩니다
1926,ARS 인증해도 인증이 되지 않아 비밀번호 재등록이 안됨
1927,좋아요
1928,자산 관리에서 미래에셋대우 해외 주식은 관리가 되지 않습니다
1929,접속할 때마다 시작하기가 계속 뜹니다 인증을 몇 번씩 했는데도 할 때마다 떠서 계속 인증받기가 짜증 납니다
1930,머고 인증하면 또 인증 계속 초기화시키삐 노 며칠 몇 시간 간격으로 계속 하라 하니 좀 단단히 해라
1931,편해요
1932,사용하기 편합니다
1933,좋아요
1934,새로운 개발자를 찾으세요 초등학생도 어플 이것보단 잘 만들 겁니다 네트워크 오류 개판으로 뜨고 비밀번호 눌러라 해놓고 키패드도 안 나오고 반응도 안되게 해놓으면 어플 쓰라는 겁니까 말라는 겁니까 3G로 어플 개발했나 반응속도 진짜 십 년 전에 멈춘 거 같네요
1935,편리합니다
1936,전보다 간단해져서 좋아요
1937,앱이 깔리지 않고 지우고 다시 해도 안되고 새 버전 불편한 게 너무 많아요 구 버전에 있던 입출금 특정인 확인이 안되고 전체로만 검색이 돼 무지 불편하네요
1938,정말 편하고 간단 명료하네요
1939,최악 이것 땜에 은행 갈아탈 판 또 로그인 갈아엎고 공인인증서 비번 맞게 쳐도 안됨 개발자들 왜 자꾸 연습을 돈 받고 하는지 모르겠네요 다른 은행들 따라라도 하던가 최근 계좌도 지우기도 없고 누가 리뷰 처음 남긴다는 말 완전 공감 오죽하면 속 터져서 구글 플레이에 글을 다 남김
1940,기존 어플 잘 쓰고 있었는데 대체 왜 바꾸라는 건지 이해도 안 가고 인터페이스도 훨씬 불편하고 등록해 놓은 적도 없는 얼굴인식은 왜 자꾸 하라는 건지 얼굴인식 기능 꺼두는 것도 없고 뭘 어쩌라는 건지 그냥 이전 어플이나 쓰게 해줘요 지문등록 새로 하려고 해도 얼굴 등록부터 하라고 뜨질 않나 짜증 나 죽겠네 얼굴인식 기능 불편해서 사용하기 싫다고요 답변은 왜 로그인만 알려주시는 건데요 로그인은 이미 자동 설정해둬서 상관없고 그거 말고 이체할 때 말입니다 얼굴인식 왜 자꾸 뜨는데요
1941,지문인증을 하려면 지문등록을 하라하고 지문등록을 하라 하면 지문을 인증하라 하고 로그아웃시키고 있음  아니 지문등록을 어떻게 하라는 거임 그리고 누가 요즘 세상에 아디 비번 치고 매번 들어가겠어 개발자 머리 수준이 얼마나 구시대적인 거야 어이가 없네요
1942,안전하고 편리해요
1943,무한 로딩에 접속도 못하고 구 버전보다 더 안 좋게 만들어서 봐야 할 업무도 못하고 편하자고 한일에 은행 가서 일봐야 하고 짜증 나네요 이럴 거면 구 버전도 쓸 수 있게 해주세요 별 하나도 아깝네요
1944,좋아요
1945,편리하고 상세해서 좋아요
1946,좋아요
1947,공인인증서로 로그인하자마자 이용자 비밀번호 변경하라는 메뉴가 무조건 뜨고 새 비밀번호 입력해도 장기니 사용 이체 정지 고객은 이체성 거래가 불가능하다며 그 어떤 진행도 안됩니다 아니 비번 번경 하라면서 이게 왜 이체성 거래 야 내가 국어를 잘못 이해하고 있나
1948,앱 실행하면 계속 닫혀버리네요 사용할 수 있게 빨리 수정해 주세요
1949,굿
1950,이벤트 페이지 점검 좀 해주세요
1951,괜찮음
1952,하나 알림이를 깔야 야지 push 알람 받을 수 있나요 이 앱에서 push 알림 설정해서 실험해보니 push 안 오던데요 문자 말고 유료 push 알림 무료 설정법 설명 부탁드립니다
1953,비대면 계좌 개설하려는데 신분증 촬영이 안 돼요
1954,안드로이드 11업데이트 후 간편 인증이 자꾸 실패합니다 최악의 어플
1955,공인 공동 인증서 갱신이 안됩니다 기존 것을 갱신해도 2021년 1월 18일까지 새로 발급해도 2021년 1월 18일까지입니다 그래서 공인 공동 인증서를 폐기했습니다 그런데 문제가 발생합니다 공동 인증서를 폐기했으니 아이디로 로그인했습니다 이체를 합니다 중간에 인증서를 요구합니다 그런데 공인 공동 인증서만 인증 요구합니다 금융 인증서 선택은 아예 안됩니다 결국은 이체를 못합니다 혹시나 싶어 금융 인증서를 따로 만들어 놨습니다 그래서 다른 로그인 방식에서 금융 인증서로 로그인해봤습니다 이체를 시작합니다 계좌 비번을 넣습니다 OTP 넣습니다 이체 성공했습니다 아이디로 로그인해도 인증서 인증을 금융 인증서도 선택해서 인증할 수 있게 해줘야 할 것 아닙니까 이체를 못해서 왜 그런지 한참 생각을 하고 안되는 공인 공동 인증서를 재발급 받고 또 갱신하고 뭐가 잘못된 줄 몰라고 한참 씨름했습니다 확인 좀 해보시죠 평일 전화 상담해보겠습니다
1956,지금 접속이 안돼요
1957,전에는 예약이 체 기능이 있었는데 이번 앱에서는 계좌이체  예약이 체 체크하도록 되어있는데 더 심플하게 하려고 한건 이해하겠는데 계좌 잔액 없으면 예약이 체 자체가 불가능한 건 말이 안 되지 않나요 예를 들면 25일 날 월급이 들어와서 25일에 예약이 체 미리 해두려고 하는데 지금 당장 계좌에 잔액이 없으니 예약이 체 불가능합니다 이거 수정 좀 해주세요
1958,사용하기 편리합니다
1959,원이네
1960,이체하려는데 계좌 입력하는 창이 스르륵 올라왔다 사라져요 무슨 이런 은행 어플이 있죠
1961,타은행 계좌 보내는 걸 만들질 말든가 내가 사진 촬영을 100번을 넘게 했는데 되지도 않고 타은행 넣는 거만 되고 타은행 계좌에서 빼오는 건 하나도 안되고 뭐 어쩌라는 겁니까 사진 찍는 거 뭐 조도 신분증 명확도 이딴 것도 신경 써야 하고 뭔 신분증 확인에선 넘어가질 않고 뭘 할 수가 없게 해놨잖아요
1962,1점도 아깝네요 왜 쓸데없이 얼굴인식을 강제 설정해놔서 스트레스받게 합니까 직업 특성상 카메라 봉인해야 하는데 이체하려면 얼굴인증해야 하네요 이거 때문에 공과금도 못 내고 있어요 얼굴인증 안 되면 공인인증서로 인증하는 방법도 있고 지문인식도 있는데 등록하려면 꼭 얼굴인증해야 되나 싶네요 2021년 1월 15일 얼굴인증하라고 또 뜨네요 미치겠네요 스트레스가 이만저만이 아닙니다 하라는 대로 했는데 한 번은 안 나오더니 다음 이체부터 또 나옵니다
1963,리얼 세상 불편 내가 구글 플레이에서 리뷰 남긴 건 진짜 처음인데 짜증 나서 리뷰 남기네요 아니 왜 뭐만 하면 계속 로그인 창으로 넘어가죠 그리고 회원가입할 때 키보드 켜진 상태에서 뒤로 가기 누르면 키보드가 없어지는 걸로 수정해주세요 계속 앞 페이지로 넘어가서 내용 초기화되는 거 진짜 짜증 납니다 아이디 비번 주소만 몇 번 쳤는지 몰라요 진짜 개불 편 설정 좀 만지려 하면 계속 왜 로그인 창으로 넘어가는지도 모르겠고
1964,편함
1965,왠지 각 메뉴 접근이 쉽지 않아요
1966,펀드 선택에 있어서 검색 좀 할 수 있게 해주세요 로보가 포트폴리오 보여주면 뭐 합니까 일일이 찾아야 하고 그 많은 펀드 중 어디 있는 줄 알고
1967,한도 증액하려고 비대면 인증하는데 업데이트 전엔 잘 되던 게 아무리 해도 안 됨 지점 가라는 멘트나 띄우고 이게 뭐지 싶음
1968,좋아요
1969,은행 수준에 걸맞은 쓰레기 앱  진짜 욕 밖에 안 나온다 방금 모바일 OTP를 등록하고 이체하려는데 정보가 안 맞는단다 정보가 안 맞는다는 어처구니없는 메시지만 반복하길래 상담사한테 물어보니 정보 안 맞는다고 메시지를 받은 그 메뉴로 들어가서 다시 하란다 당연히 똑같은 메시지 받았지 이따위로 장사할 거면 접어라 돈 받아먹는 것 말고 할 줄 아는 것 없는 은행 같으니라고 그리고 몇 년 전부터 느끼는 건데 구 버전이나 신버전이나 껐다 켜면 해결되는 오류가 이 앱은 왜 이렇게 많음 그리고 모바일 OTP 10시 14분에 발급했는데 너희들 마음대로 없앰 상담사한테 묻고 묻고 돌고 돌고 폰을 껐다 켜라느니 어플을 껐다 켜라느니 업데이트를 하라느니 온갖 짓을 다 하고 10시 51분에 열받아서 재발급했더니 51분에 발급된 것만 남아있고 14분에 발급한 건 아예 남아 있지도 않네 계좌도 이런 식으로 소멸 시키는 거 아닌가 아주아주 불안한 은행
1970,쓰레기네요 접근성 편의성 다 엉망이에요
1971,다른 분들 말씀처럼 간편 인증 초기화 제 명의 아니고 동생 명의 핸드폰 쓰는 때 카드 인증이 나 계좌로 인증도 안되고 다시 등록하려고 했더니 하다 말고 계속 첫 화면으로 넘어가고 인증서 만료기간이라 갱신하고 왔더니 재등록하라고 하고 등록하려니 통신사 인증하라고 하고 이대로라면 저는 평생 이 어플 접속 못하겠네요
1972,전에 사용하던 구하나 은행 어플에서는 이체 시 보안코드를 입력하지 않아도 됐었는데 새로운 어플에서는 보안 코드를 매번 입력하라고 하네요 이체 시 보안코드를 입력하지 않도록 설정할 수 있나요
1973,푸시 알림 안 받는다고 설정했는데 앱 기능 광고 푸시가 왜 오나요
1974,학자금 대출을 하려 하는데 어플을 어떻게 깔아야 할지 모르겠어요
1975,지문인증으로 잘 사용 중이었는데 왜 초기화시키나요 모바일 인증 발급 유도하려 배치를 바꾼 거 같은데 초기화면이 무슨 광고판도 아니고 로그인 화면을 그렇게 운영하는지 그러려니 하고 지문자 등록하려 하니 간편 인증 어쩌고 메시지만 뜨고 지문등록도 안되고 액 삭제 후 재설치 하라는 성의 없는 답변 말고 방법을 안내해주세요
1976,사용하기 불편해요 오히려 예전 앱이 사용하기 좋아서 예전 앱을 계속 사용하게 되네요
1977,하나원큐 실행이 안돼서 짜증 나네요 빨리 조치 부닥드립니다
1978,업데이트하고부터 얼굴인증 안됨 재등록하려고 해도 얼굴인식을 못함 삼성 갤럭시 s20 사용자임 빠른 답변 부탁드립니다
1979,내 자산연구소에서 공인인증서로 나 계좌들을 연결했습니다 이후 공인인증서를 갱신했는데 자산 내역 업데이트가 멈추질 않네요 다른 메뉴들은 업데이트 중이라 선택이 안 되고요 업데이트를 중간에 멈추거나 연결을 끊게라도 해 줘야 어디 계좌 연결이 문제인지 파악할 텐데 아예 아무 메뉴도 건드릴 수 없는 상태가 지속되네요 확인 부탁드립니다
1980,켜지지도 않고 로그아웃 후 로그인을 누르면 다른 로그인 방법으로 선택도 안 됨
1981,왜 이렇게 앱을 쪼개났는지 모르겠음  어쩔 수 없이 쓰긴 하는데 너무 불편함
1982,계좌번호 등록하고 입출금 푸시 알림을 체크했는데도 알림이 오지 않아요
1983,좋아요
1984,펀드 가입할 때 인터넷 뱅킹처럼 상세검색이 좀 더 잘 되었으면 좋겠어요
1985,인증을 하라고 해서 인증 문자 받으러 나가면 앱 재시작해서 또 첨부터 시작 3번째에서 포기
1986,편해요
1987,차라리 은행 가는 게 더 빠를 듯
1988,새 버전 진짜 별로임
1989,편하네
1990,진짜 어플 개 뭣 같이 만들었네
1991,너무 느리고 계속 느낌표 뜨면서 튕겨요 
1992,좋아요
1993,갈수록 사용하기 편리해지고 있어서 추천합니다
1994,사용해보니 편리하네요
1995,직관적이어서 좋아요
1996,아니 모바일 오티피 재발급 만들어가면 튕기는데 진짜 이거 쓸 수가 없네 은행을 바꿔야지
1997,간편하네요
1998,새로운 기능이 추가되는 건 좋은데 로그인을 방해까지 하네요
1999,하나은행은 앱 개발 위탁하던지 하지 마라 그냥 인증을 몇 번 한 건지 어이가 없어서 화도 안 나네 앱 때문에 은행 이용 안 한다
2000,자꾸 오류 남;;;
2001,기존에 있던 앱을 지우고 다시 받는 것도 번거롭고 사용자 편의성이 개선된 것도 잘 모르겠습니다
2002,자꾸 새로운 거 쓰라고 나오는 게 귀찮아서 받아보니 뭐가 시작부터 로그인하기도 힘들게 해줬네요 시작하기 누르고 힘들게 다했더니 카메라로 인증하라는 거 취소하니까 거기서 멈춰버리는데 얼굴인증은 아이폰도 아닌데 왜 해야 하는 건지 모르겠고 이렇게 힘들게 해야 하나 싶어지네요 핀테크 하고 싶은 건 알겠는데 어르신들 생각도 좀 하면서 만들면 좋겠네요 칼뱅이나 케뱅같은건 쓸 생각 없으니
2003,아침부터 앱이 왜 실행이 안되죠
2004,편해요
2005,갑자기로 그인 방식 변경되고 늘 쓰던 방식 이렇게 불편하게 바꾸다니 나이 든 사람들 이렇게 변경하면 짜증 남 심플이 체도 없애고 패턴 로그인 없애고 완전 짜증 남 다시 돌려놓기
2006,편리하고 좋습니다
2007,좋아요
2008,왜 갑자기 안 들어 가지는 거죠 다른 은행 어플은 다 들어가지는데 관리 진짜 어휴
2009,아니 하나금융 투자 자체가 안 보이는 건 뭔가요 계좌 접근 자체가 안되게 밑에 먹줄로 되어있는데 동일 금융인데 왜 원류 프로에서는 해외계좌 연동이 안 되나요
2010,정말 좋네요 감사합니다
2011,멈추고 끊기고 비대면 계좌번호 변경할라니까 터치 안돼서 막히고 최악입니다 0점이 없는 게 아쉽네요
2012,대체 새 버전을 왜 만든 건지 모르겠습니다 기존 어플도 세월아 네월아 느려터졌었는데 새 버전은 더하네요 다시 보니 구 버전은 선녀 같네요 인내심 시험하는 건가 싶어요 구 버전이라도 계속 쓸 수 있게 해주세요 1초 인증 10초 이체라 뜨는데 웃고 갑니다 하나은행은 손절하는 게 답인가 싶습니다
2013,굿
2014,금융권 어플 중 최악 타사와 전혀 다른 방식으로 메뉴를 배치해 찾고 싶은 내용을 찾기가 매우 힘듦 다음 달 혜택을 위한 실적 확인 등 그렇다고 메뉴가 쉬운 것도 아님 고객센터에서 찾기 기능도 없어서 확인이 어려움 FAQ만 제공 결제만 하는 것 외에 포인트 등 확인도 안됨
2015,심플 이체 빨리 만들어주세요 매달 7건씩 이체해야 하는데 일일이 누르고 적고 많은 시간이 소요되는 건 아니지만 있다가 없으니 손가락이 피곤하네요
2016,210111 17시 30분 현재 앱이 실행이 안되네요 조치 좀 해주시기 바랍니다
2017,최악
2018,하루 종일 어플에 들어가질 못하고 있어요 은행 어플 중에 정말 별로입니다 이용에 굉장한 불편함을 가지고 있습니다 신속한 개선이 필요합니다
2019,갑자기 얼굴인증 과정이 기본이 되도록 강제로 바뀐 이유가 뭔가요 바이오 어쩌고 안 쓰는데 카메라 권한이 왜 필요한 지도 모르겠고 권한이 없으니 기본적인 이체도 못하네요 요새 밖에서 마스크 벗지도 못하는데 이체 한 번 하려면 꼭꼭 집에서만 해야겠네요 지문인증만 있던 구 버전이 훨씬 편했고 신버전 어플의 메리트를 전혀 못 느끼고 있는 데다 불편하고 불쾌합니다
2020,좋아요
2021,편하고 좋습니다
2022,기존에 쓰던 간편 인증은 삭제된 겁니까 아니면 또 업데이트하면서 오류입니까 기존 간편 인증은 삭제된다고 사전 공지를 하든지 멋대로 삭제하고 진짜 어이없군요
2023,간편 인증을 했는데 다시 해야 하게 만들었네요 간편 인증이 간편 인증이 아니네요 확인하고 수정해주세요 아우 불편
2024,업데이트 이후에 자동 로그인 안 되고 자동 로그인 등록하려고 하몈 로그아웃돼서 로그인 후에 하라고 하고 무슨 도르마 무냐
2025,감사합니다
2026,쉽게 되었네요
2027,공인인증서 없이 시작하는데 핸드폰 정보가 잘못되었다고 계속 에러 메시지가 뜹니다 통신사 번호 모두 확인하였습니다 조치 부탁드립니다  위 안내사항대로 삭제 후 재설치 하였으나 인증번호 요청 시 휴대폰 본인인증이 안된다고 합니다 처음에는 인증번호가 와서 입력했더니 에러가 났고 이제는 인증번호조차도 오기 전에 에러가 납니다 오늘 적금 만기일인데 빨리 조치해주세요
2028,로그인 한에 간편 로그인 등록하려고 해도 안돼서 아이디로 로그인하고 나서도 휴대폰 본인인증이 계속 안되는데 이거 왜 만들었어요
2029,편해요
2030,잘 쓰다가 이번 인증 때 작동이 안 됨 폰 번호가 맞질 않다부터 인증번호를 받고 나면 인증번호가 맞지 않다는 에러기 뜸 덕분에 이체도 못하고 아주 최악의 오전을 보냄 10분 걸려 받은 고객센터는 폰을 껐다 키면 된다 하는데 당연히 안되고 그냥 대실패 앱인 듯
2031,대출 용이
2032,좋아요
2033,업데이트하고 간편 로그인 핸드폰인 증 계속 실패하네요
2034,돌았나 이체가 안되잖아  미친 아침 장부터 조져났네 뭐 이럽니까 주거래통장이라 억지로 쓰는데 뭐 이체도 안되고
2035,얼굴인증 소액 OTP 없이 간편 이체 간편 비밀번호 다 등록해놓고 잘 쓰고 있었는데 갑자기 다 초기화되어있고 아무것도 등록이 안 되어있다고 합니다 급하게 이체할 일 있는데 이게 대체 뭔가요 업데이트할 거면 제대로 하시던가요 정보 다 초기화시켜놓고 참나 기가 막히네요
2036,인증서 갱신하는데 스마트 인증 반응도 없고 ARS 인증 후 otp 시 비번 넣으라는 줄 알고 기입해도 틀렸다는 문구도 없이 반응 없는 상태로 계속했더니 10회 오류라고 영업점 방문하라 하니 이게 무슨 귀찮은 짓을 초래하게 만드는 앱인가 안될 거면 목록에서 빼던가 실망이네요
2037,아니 설정 다해놨는데 앱 업데이트하니까 로그인 정보니 뭐니 다 초기화되는 게 뭔 앱이 이따위입니까
2038,앱 바뀌고 나서 공인인증서 사용할 때 잘 쓰던 공인인증서가 없다고 나와서 새로 발급받아 다시 쓴 적이 있었는데 지금은 간편 인증 지문 로그인으로 설정해서 쓰다가 앱 켜니까 또 한편 인증정보가 없어져 다시 인증하라고 하서 다시 등록했네요 왜 자꾸 인증수단이 없어지는지 궁금합니다 폰 번호 바뀐 적 없고 다른 기기에서 로그인한 적도 없어요
2039,진짜 기본적인 이체 문제부터 공인인증까지 모든 게 더 불편하네요 이럴 거면 왜 어플을 다시 만든 건지 진심으로 의문이 듭니다
2040,본인인증을 대체 몇 번을 해야 하는지 쓰다가 잊을만하면 다시 본인인증해야 하고 은행 어플 중 최악
2041,잘 사용하고 있습니다
2042,진짜 느리네 짜증 이기회에 은행 갈아탈까 봐
2043,좋아요
2044,잘 쓰고 있었는데 갑자기 얼굴인식 시스템이 작동이 안 되네요 휴대폰 인증을 하라고 나오는데 개인 정보를 전부 입력해야 하는데 조금 불안하네요 해야 되는 건가요
2045,잘 만든 거 같아요
2046,좋아요
2047,굿
2048,기존 어플은 잘 되니까 문의 넣지 않았겠음 당연히 os는 업데이트 꼬박꼬박 하고 있고 기존 어플에서 공인인증서로 잘되고 타은행에서도 잘 되는데 이 어플에서만 안됨 새 어플 내면서 가장 기본적인 테스트도 안 하고 내니까 화내지
2049,편리해요
2050,왜 간편 인증돼있던 게 삭제된 거예요 얼마 전에도 잘 쓰던 게 지금은 등록 자체가 안 되어있다고 뜨네요 간편 비번 누르면 로그인도 쉽고 이체도 쉬운데 왜 갑자기 얼굴인식 같은 것과 함께 재가입해야 하나요 다른 방식으로 로그인하면 간편 인증 없는 기존 방식이고 심지어 이체하려고 하는데도 또다시 자물쇠 카드가 부활했네요 바이오 어쩌고 별로 가입하기 싫은데 이거야 원 불편해서 쓰겠나요
2051,앱이 열리지 않아요 다시 다운로드하고 전원도 껐다 켜도 앱 실행이 전혀 안되네요
2052,펀드 신규 편리해요
2053,이체할 때 왜 계좌번호 붙여넣기 기능이 없을까요 너무 불편해요 개선 좀 해주세요
2054,간편 로그인 돼서 조회 이체 편하게 하고 있던 거를 왜 이따위로 복잡하게 만들어놓은 건가요 1주 전만 해도 자물쇠 카드 없이 잘 썼는데
2055,좋아요
2056,이체할 때 계좌번호 복사 붙여넣기가 안 돼서 불편하네요
2057,지문으로 송금 못하나요 매번 비번 치기 너무 귀찮네요
2058,용량이 큰 건지 제 저장공간이 많이 찬 건지 업데이트가 잘 안돼요 이럴 땐 방법이 뭔가요
2059,할 수 없어서 설치
2060,너무 편합니다
2061,좋아요
2062,너무 불편해요 바뀌기 전이 훨씬 나은듯합니다
2063,편하게 이용하기 좋아요
2064,노하요
2065,편리하네요
2066,편리해요
2067,하나은행 한 계좌를 폰 두 대에서 따로 접속하니 간편 인증받은 게 다 없어져 버리네요 바뀐 앱은 폰 한대에 밖에 안되는 건가요
2068,편합니다
2069,편리해요
2070,본인의 은행거래 확인 쉬워서 좋아요
2071,비대면 서비스는 앱 중 신한과 함께 Top 2네요
2072,최근 업데이트되면서 기존에 등록한 모바일 otp 설정 다시 해야 함
2073,좋아요
2074,전 앱이 좋음
2075,깔끔함
2076,최악
2077,다 좋은데 이미 가입된 통장이 있지만 다른 통장으로 전환할 때 비대면으로 다시 만들어야 한다는 게 좀 그렇네요 버그 수정해주세요
2078,왜 안 켜지나요 뭐 데이터 캐시 삭제하고 삭제했다 다시 깔고 폰 껐다 키고 하라는 거 다 했는데 안 켜져요 로딩 대는 앱에서 계속 멈춰있어요 어떻게 하라는 건가요
2079,편리하고 좋아요
2080,실행이 원활하지 않고 끊겨요
2081,모바일 OTP 발급을 위해 주민등록증 촬영 화면으로 넘어가려고 하면 앱이 튕깁니다 안드로이드 10 갤노트 20울트라 사용 중입니다 신속한 패치요
2082,갤럭시 A80입니다 계좌개설만 누르면 앱이 튕깁니다 재설치 껐다 켜기 소용없습니다
2083,좋아요
2084,이체가 불편하고 이전 버전에서는 펀드의 경우 추가 매수가 쉬웠는데 업데이트 후에는 계좌번호를 외우고 있어야 하는 등 사용하지 않을 기능은 많아지고 정작 자주 사용하는 기능은 어렵고 찾기 힘들어져서 예전 버전으로 돌아가고 싶으니 예전 버전 올려주세요
2085,사용에 편리합니다
2086,사용하기 매우 편해요
2087,집에서 스마트폰 으로 하니까 편하고 은행에 안 가서 시간 절약되고 좋아요
2088,앱 자체가 열리지를 않아요 오류라고 계속 뜨고 그것도 연결이 될 것처럼 2분 이상 지체한 뒤에 결국 열리지 않고 닫히네요 며칠 전에 해보고 안돼서 오늘 다시 시도해본 건데 여전히 안돼요 저만 안 열리는 건가요  아이고 아래 댓글 설루션 보고해봤더니 되네요
2089,얼굴인증하라고 해서 등록하려는데 인식 안 된다고 뜨고 간편 비밀번호 설정도 6자리 번호 누른 다음 확인용 한 번 더 누르라고 해서 또 누르면 완료가 안되고 화면이 멈춰요 재부팅어플재설치케시삭제업데이트다해도안돼요
2090,빨라져서 좋아요
2091,굿
2092,안녕하세요 노고 많으십니다 별다른 조치를 취한 바 없는데 1228일 이후로 첫 화면 앱 기동 B1에서 넘어가지를 않네요 앱을 지웠다 다시 깔아도 동일 증상이네요 이체를 할 수가 없는데 어떻게 조치 받을 수 있을까요 ;;;;
2093,좋아요 편해요
2094,왜 앱 등록하는데 전화번호까지는 이해하는데 내 폰의 파일과 사진 동영상 등을 하나은행에서 볼 수 있게 하여야지만 앱을 실행할 수 있나요
2095,하나 1q 페이와 기능을 합칠 수는 없나요
2096,첫 화면에서 무한 로딩
2097,좋아요 모든 계좌 한꺼번에 볼 수 있어서
2098,좋네요
2099,편해요
2100,타행 공인인증서 등록할 때 otp 무한 넣으라고 하네요 어쩌라는 건지
2101,구 버전 너어어어어무 별로라고 생각했는데 엄청 좋아졌어요 김수현 나와서 광고할 만하네요
2102,PC 뱅킹으로 만 되던 자동이체 사항 변경이 모바일로도 가능해져서 편리합니다
2103,좋아요
2104,진짜 개화 나네 어제는 로그인하는데 딜레이 엄청나 더구먼 오늘은 전세자금 대출 한도 조회 누르면 새로운 어플로 업데이트해야 한다고 자꾸 어플 업데이트 화면으로 전환되네  월급 받는 거 아깝지 않아요
2105,첫 계좌 및 앱 이용하고 싶은데 OTP 없으면 그냥 시작도 못 해요 다른 방법이 있다면 링크라도 걸어주거나 조금 더 친절했으면 합니다 OTP 없다고 하나은행 상품 뭐 있는지 구경도 못 하게 쫓아내는 기분이 들어요
2106,편리함
2107,편하고 좋아요 짱짱짱
2108,전세자금 대출조회하는데 앱 업데이트를 하라고 자꾸 뜨네요 지우고 최신 버전을 깔아도 이러는데 왜 이렇게 앱이 오류가 있는지 참
2109,앱 기동 중 C1이라 뜨고 네트워크가 원활하지 않다며 끊깁니다 9999표시도 있고요 거의 대부분 댓글이 부정 적은데 이거 만든 강아지님은 징계했나요 머 이딴 걸 만들어서 접속도 못하게 하는지 이해가 안 되네요 하나카드 하나 멤버스는 잘 되는데 하나은행만 네트워크가 원활하지 않은 건 머죠 네트워크 책임자는 징계했나요 답변 담당자는 답변하지 마세요 그쪽 일도 아닌 일로 힘들 필요 없습니다 어차피 다시 볼일도 없어요
2110,이체하는데 자꾸 금액 오류라고만 뜨고 이체가 안됩니다 분명히 그 금액 이상이 통장에 있는데도요
2111,편리하네요
2112,간편해서 좋아요
2113,최악이에요 앱 자체는 나쁘지 않은데 절차도 복잡하고 타자도 치기 힘들고 무엇보다도 상담사가 잘 되어있지 않아요 학생증 카드 재발급하려면 해당 은행점 가야 한다고 해서 왕복 6시간 걸려서 갔는데 알고 보니 홈페이지에서 간단하게 신청 가능하다네요 그래서 이 점 수정해달라고 부탁하니깐 그냥 몇 마디 하더니 이야기 빨리 끝내더군요 너무 불친절했고 이런 경험 다시는 하고 싶지 않아요
2114,아니 하나은행 공인인증서 발급받았는데 타은행은 로그인이 되는데 왜 하나은행에선 공인인증서가 없다고 하죠 진짜 희한하네요 어플 지우고 새로 깔아도 없다네요 진짜 이십 년 넘게 쓴 하나은행 외환 조만간 정리하려고 합니다 너무 불편 은행 어플 중 제일 불편 이 체계 좌 적는 것도 더 불편해요
2115,로그인 어쩌라는 건지 3가지 다 안되는데
2116,좋아요
2117,왜 갑자기 푸시 알람이 안 뜨는 거죠 설정은 다 on 으로했는대요
2118,빠르고 간편해졌네요
2119,사용하기 쉽네요
2120,은행 어플 중 최고의 어플 칼뱅 부럽지 않은 ui ux 속도 어플 때문에 하나은행 씁니다 칼뱅 부럽지 않은 어플인데 자부심 가지고 좀 널리 알리시길
2121, 아직까지는 좋은 듯
2122,접속 오안 됨
2123,굳
2124,먹통인데
2125,진작에 수수료 무료를 했어야지
2126,버튼을 누를 때마다 로딩 시간이 좀 길긴 한데 그래도 구성은 깔끔해요
2127,편리합니다
2128,기존 어플이 로그인이 안 돼서 새로 받았더니 계속 로딩이 되네요
2129,추천상품이 많았으면
2130,좋아요
2131,이젠 설치도 안되네요 
2132,편리하고 좋아요
2133,공동 인증서 내보내기 하면 계속적으로 튕겨지네요 해결방안 알려주세요
2134,인증서 내보내기 하면 죽네요 앱 최신 버전입니다 확인 제대로 해주세요
2135,좋아요
2136,갤럭시 20 안드로이드 업그레이드하고 알람이 안 옵니다
2137,편리해요
2138,좋아요
2139,알림 서비스가 안되는데 저만 그런가요 설정 가서 입출금 전체로 해놓고 실시간 푸시 받는 거 설정해놨는데 왜 결제하면 아무런 소식이 없나요 해결해 주시죠
2140,쓰레기
2141,구 버전에 비해 다운그레이드 된 느낌 심플 이체 안되고 로그인도 느리고 심지어 로그인 3분 기다리다 된 적도 있음   왜 그랬을까
2142,어플 사용 후 종료할 때 뜨는 팝업창이 바로 사라지는 경우가 있어 하나금융 통합조회가 눌러지는 경우가 있는데요 종료 팝업창에 제한시간 5초를 걸어주시거나 완벽하게 뒤로 가기 버튼을 눌렀을 때 팝업창이 종료되도록 보완해주시면 좋겠습니다
2143,아 진짜 어플 너무 짜증 나요 로그인이 한 번에 된 적이 없어요 매번 무한 로딩
2144,편해요
2145,색깔 때문에 메뉴 글씨도 안 보이고 대단하다 요즘 세상에 금융 어플이 이따위인 게;;
2146,누가 만들었는지 몰라도 어떻게 이렇게 오류투성이로 만들 수 있는지 모르겠습니다 일부러 이렇게 오류를 가득 만들려고 해도 힘들 것 같네요 대체 어떻게 해야 약관 동의가 클릭이 안 될 수가 있죠
2147,최악의 쓰레기 어플 시대에 너무 뒤처지는 은행
2148,짜증 납니다 공인인증서 타행 거로 등록하는 과정에서 무한 반복으로 오류 나다가 앱 지우고 재설치 후 얼굴인증으로 선택하니 이제 되네요 공동 인증서 못쓰게 하려고 그러는지 엄청 시간 낭비했네 앱에 리뷰 남기는 거 처음임 완전 짜증
2149,좋아요 편리해요
2150,짜증 나게 왜 패턴 새로 하래고 개인 정보 깡그리 다시 입력하래 개인 정보 유출 아니냐 뭐 이런 게 다 있어
2151,찐 좋아요
2152,엄청 불편 주거래은행이었는데 다른 곳으로 갈아타야 하나 심각하게 고민