"[('홈', 'NNG'), ('화면', 'NNG'), ('차지', 'NNG'), ('있', 'VX'), ('토스', 'NNG'), ('뱅크', 'NNP'), ('광고', 'NNG'), ('좀', 'MAG'), ('치우', 'VV'), ('주', 'VX')]"
"[('좋', 'VA'), ('하', 'VV'), ('블리자드', 'NNP'), ('매달', 'MAG'), ('나가', 'VV'), ('돈', 'NNG'), ('가요', 'NNP'), ('왜', 'MAG'), ('돈', 'NNG'), ('나가', 'VV')]"
"[('그동안', 'NNG'), ('잘', 'MAG'), ('사용', 'NNG'), ('얼마', 'NNG'), ('전', 'NNP'), ('송금', 'NNG'), ('보내', 'VV'), ('버튼', 'NNP'), ('뿌옇', 'VA'), ('표시', 'NNG'), ('먹', 'NNG'), ('통', 'NNG'), ('누르', 'VV'), ('지', 'VX'), ('않', 'VX')]","[('어떻', 'VA'), ('하', 'VV'), ('되', 'VV')]","[('삭제', 'NNP'), ('후', 'NNG'), ('설치', 'NNP'), ('해도', 'NNP'), ('마찬가지', 'NNG'), ('이', 'VCP')]"
"[('빠르', 'VA'), ('자동', 'NNG'), ('새로', 'MAG'), ('고치', 'VV'), ('잘', 'MAG'), ('요새', 'NNP'), ('되', 'VV'), ('않', 'VX'), ('수동', 'NNP'), ('하', 'VV'), ('되', 'VV')]"
"[('만', 'NR'), ('계가', 'NNP'), ('말썽', 'NNG'), ('이', 'VCP')]"
"[('이번', 'NNG'), ('업데이트', 'NNP'), ('되', 'VV'), ('나', 'VX'), ('사용', 'NNG'), ('내역', 'NNG'), ('보', 'VV'), ('같', 'VA'), ('내용', 'NNG'), ('사용', 'NNG'), ('내역', 'NNG'), ('계속', 'MAG'), ('반복', 'NNG'), ('나오', 'VV'), ('오류', 'NNP'), ('언제', 'MAG'), ('고치', 'VV'), ('지', 'VX'), ('이', 'VCP'), ('궁금', 'XR')]"
"[('토스', 'NNG'), ('요즘', 'NNG'), ('왜', 'MAG'), ('이러', 'VV'), ('저번', 'NNG'), ('재난', 'NNP'), ('지원금', 'NNG'), ('신청', 'NNG'), ('오류', 'NNG'), ('나서', 'VV'), ('다시', 'MAG'), ('기다리', 'VV'), ('카드사', 'NNG'), ('하', 'VV'), ('하', 'VV'), ('이번', 'NNG'), ('사용', 'NNG'), ('내역', 'NNG'), ('뒤죽박죽', 'NNG'), ('이', 'VCP')]","[('같', 'VA'), ('날짜', 'NNP'), ('지출', 'NNG'), ('내리', 'VV'), ('있', 'VV'), ('날짜', 'NNP'), ('반복', 'NNG'), ('이', 'VCP')]","[('숫자', 'NNG'), ('안', 'MAG'), ('맞', 'VV'), ('지금', 'NNP'), ('불만', 'NNG'), ('없이', 'MAG'), ('사용', 'NNG'), ('있', 'VX'), ('요즘', 'NNG'), ('오류', 'NNP'), ('빈번', 'XR')]"
"[('몇일', 'NNG'), ('계속', 'MAG'), ('오류', 'NNG'), ('나', 'VV'), ('간의', 'NNP'), ('내역', 'NNG'), ('반복', 'NNG'), ('뜨', 'VV')]"
"[('다', 'MAG'), ('좋', 'VA'), ('보험', 'NNP'), ('정보', 'NNP'), ('갱신', 'NNG'), ('얼마나', 'MAG'), ('기다리', 'VV'), ('겁', 'NNG'), ('이', 'VCP')]"
"[('밑', 'NNG'), ('분과', 'NNG'), ('같', 'VA'), ('증상', 'NNG'), ('보이', 'VV'), ('일정', 'NNG'), ('날짜', 'NNP'), ('입출금', 'NNG'), ('계속', 'MAG'), ('보이', 'VV'), ('토스', 'NNG'), ('업그레이드', 'NNP'), ('어찌', 'MAG'), ('지금', 'MAG'), ('버전', 'NNP'), ('이', 'VV')]"
"[('요즘', 'NNG'), ('계속', 'MAG'), ('물음표', 'NNP'), ('많', 'VA'), ('지', 'VX'), ('기분', 'NNG'), ('이', 'VCP')]"
"[('계속', 'MAG'), ('비밀', 'NNG'), ('번호', 'NNG'), ('오류', 'NNP'), ('갈리', 'VV')]"
"[('업데이트', 'NNP'), ('안', 'MAG'), ('열리', 'VV'), ('왜', 'MAG'), ('이러', 'VV')]"
"[('소비', 'NNG'), ('왜', 'MAG'), ('따', 'NNG'), ('구로', 'NNP'), ('진짜', 'MAG'), ('번거롭', 'VA'), ('하', 'VX'), ('놓', 'VX'), ('카드', 'NNG'), ('계산', 'NNG'), ('추가', 'NNG'), ('계좌', 'NNG'), ('나가', 'VV'), ('돈', 'NNG'), ('뜨', 'VV'), ('매번', 'MAG'), ('바꾸', 'VV'), ('도', 'NNG'), ('없', 'VA'), ('도대체', 'MAG')]"
"[('입출금', 'NNG'), ('내역', 'NNG'), ('기간', 'NNG'), ('설', 'NNG'), ('절', 'NNG'), ('보', 'VV'), ('잇', 'VV'), ('좀', 'MAG'), ('입금', 'NNG'), ('놓', 'VV'), ('보', 'VX'), ('날짜', 'NNP'), ('아주', 'MAG'), ('뒤죽박죽', 'NNG')]"
"[('아니', 'MAG'), ('토스', 'NNG'), ('계좌', 'NNG'), ('들어가', 'VV'), ('내역', 'NNG'), ('보', 'VV'), ('내리', 'VV'), ('왜', 'MAG'), ('계속', 'MAG'), ('보', 'VV'), ('내용', 'NNG'), ('반복', 'NNG'), ('나오', 'VV')]"
"[('토스', 'NNG'), ('만', 'NR'), ('보기', 'NNP'), ('예전', 'NNG'), ('친구', 'NNG'), ('추가', 'NNG'), ('하', 'VV'), ('같이', 'MAG'), ('만', 'NR'), ('보기', 'NNP'), ('사용', 'NNG')]"
"[('감사', 'NNG')]"
"[('카드', 'NNG'), ('계좌', 'NNP'), ('내역', 'NNG'), ('클릭', 'NNG'), ('때', 'NNG'), ('내역', 'NNG'), ('날짜', 'NNG'), ('내리', 'VV'), ('순', 'NNP'), ('잘', 'MAG'), ('정렬', 'NNG'), ('있', 'VX'), ('기간', 'NNP'), ('사용', 'NNG'), ('내용', 'NNG'), ('보', 'VV'), ('있', 'VX')]","[('오늘', 'NNG'), ('들어가', 'VV'), ('보', 'VX'), ('이번', 'NNG'), ('달', 'NNG'), ('내역', 'NNG'), ('나오', 'VV'), ('똑같', 'VA'), ('내용', 'NNG'), ('반복', 'NNG'), ('나오', 'VV')]","[('날짜', 'NNP'), ('기록', 'NNG'), ('아예', 'MAG'), ('안', 'MAG'), ('나오', 'VV')]","[('버', 'NNP'), ('인가', 'NNP')]"
"[('통장', 'NNP'), ('입금', 'NNG'), ('내역', 'NNG')]"
"[('사이트', 'NNG'), ('접속', 'NNP'), ('언제', 'MAG'), ('원활', 'NNG'), ('지', 'VX'), ('보험', 'NNP'), ('업데이트', 'NNP'), ('안', 'NNG')]"
"[('디자인', 'NNP'), ('깔끔', 'XR'), ('무료', 'NNP'), ('송금', 'NNG'), ('좋', 'VA'), ('입출금', 'NNG'), ('알리', 'VV'), ('안', 'NNG')]","[('농협', 'NNP'), ('계좌', 'NNP'), ('연결', 'NNG'), ('알', 'VV'), ('오', 'NNP'), ('고요', 'NNP'), ('혹시', 'MAG'), ('입출금', 'NNG'), ('알리', 'VV'), ('오', 'VV'), ('기준', 'NNG'), ('있', 'VV')]"
"[('캐시', 'NNP'), ('백', 'NNP'), ('이벤트', 'NNP'), ('선택', 'NNG'), ('돌려주', 'VV'), ('하', 'VV'), ('너무', 'MAG'), ('램', 'NNG'), ('덤', 'NNG'), ('아니', 'VCN'), ('브랜드', 'NNP'), ('다', 'MAG'), ('안', 'MAG'), ('쓰', 'VV'), ('곳', 'NNG'), ('나오', 'VV'), ('솔직히', 'MAG'), ('완전', 'NNG'), ('별로', 'MAG')]"
"[('로그', 'NNP'), ('아웃', 'NNP'), ('기능', 'NNG'), ('좀', 'MAG'), ('만들', 'VV'), ('주', 'VX'), ('로그', 'NNP'), ('아웃', 'NNP'), ('하', 'VV'), ('싶', 'VX'), ('못하', 'VX')]"
"[('저금통', 'NNP'), ('기능', 'NNG'), ('너무', 'MAG'), ('사용', 'NNG'), ('싶', 'VX'), ('핸드폰', 'NNP'), ('안', 'MAG'), ('전체', 'NNG'), ('기능', 'NNG'), ('찾아보', 'VV'), ('없', 'VA'), ('홈', 'NNG'), ('이', 'VCP'), ('밑', 'NNG'), ('배', 'NNG'), ('안', 'MAG'), ('뜨', 'VV'), ('왜', 'MAG'), ('제가', 'NNP'), ('청소년', 'NNP'), ('통장', 'NNP'), ('사용', 'NNG'), ('있', 'VV'), ('이', 'VV'), ('문제', 'NNG'), ('되', 'VV'), ('걸', 'VV')]"
"[('토스', 'NNG'), ('가', 'NNG'), ('다운', 'NNP'), ('이안', 'NNP'), ('돈', 'NNG'), ('넣', 'VV'), ('놓', 'VX'), ('당장', 'NNG'), ('사용', 'NNG'), ('되', 'VV'), ('다운', 'NNP'), ('자체', 'NNP'), ('안', 'NNG'), ('어떡하', 'VV')]"
"[('일단', 'MAG'), ('돈', 'NNG'), ('받', 'VV'), ('있', 'VV'), ('좋', 'VA'), ('돈', 'NNG'), ('막상', 'MAG'), ('쓰', 'VV'), ('못하', 'VX'), ('미만', 'NNG'), ('이', 'VCP'), ('받', 'VV'), ('용돈', 'NNG'), ('쓰', 'VV'), ('싶', 'VX'), ('못', 'MAG'), ('쓰', 'VV')]"
"[('업데이트', 'NNP'), ('하', 'VV'), ('별로', 'MAG'), ('상세', 'XR'), ('보', 'VV'), ('누르', 'VV'), ('사업자', 'NNP'), ('번호', 'NNG'), ('업체', 'NNG'), ('다', 'MAG'), ('뜨', 'VV'), ('업데이트', 'NNP'), ('사라지', 'VV')]"
"[('편하', 'VA')]","[('정책', 'NNG'), ('수시로', 'MAG'), ('바뀌', 'VV')]"
"[('이번', 'NNG'), ('업데이트', 'NNP'), ('이후', 'NNP'), ('조잡', 'XR'), ('지', 'VX'), ('생각', 'NNG'), ('들', 'VV'), ('편리', 'NNG'), ('사용', 'NNG'), ('하', 'VX'), ('만들', 'VV'), ('기능', 'NNG'), ('같', 'VA'), ('더', 'MAG'), ('조잡', 'XR'), ('보이', 'VV'), ('토스', 'NNG'), ('송', 'NNP'), ('금어', 'NNP'), ('플로', 'NNP'), ('쓰', 'VV'), ('사용', 'NNG'), ('끝', 'NNG'), ('이', 'VCP'), ('조잡', 'XR'), ('기능', 'NNG'), ('너무', 'MAG'), ('많', 'VA'), ('쓰기', 'NNP'), ('어렵', 'VA'), ('지', 'VX'), ('이전', 'NNG'), ('단순', 'XR'), ('바꾸', 'VV'), ('주', 'VX')]"
"[('불편', 'NNG'), ('가득', 'NNG'), ('업그레이드', 'NNP')]"
"[('토스', 'NNG'), ('실행', 'NNP'), ('오류', 'NNP'), ('설치', 'NNG'), ('안', 'MAG'), ('대', 'VV'), ('급', 'NNG'), ('한대', 'NNP')]"
"[('대출', 'NNG'), ('합계', 'NNG'), ('금액', 'NNG'), ('보', 'VV'), ('가', 'VV'), ('만', 'NR'), ('보기', 'NNP'), ('대출', 'NNG'), ('소비', 'NNG'), ('내역', 'NNG'), ('전부', 'NNG'), ('업데이트', 'NNP'), ('되', 'VV'), ('더', 'MAG'), ('쓰기', 'NNP'), ('어렵', 'VA'), ('바뀌', 'VV'), ('이전', 'NNG'), ('두', 'VV'), ('더', 'MAG'), ('나', 'VV'), ('같', 'VA'), ('아니', 'VCN'), ('이전', 'NNP'), ('UX', 'NNP'), ('돌리', 'VV'), ('있', 'VX'), ('옵션', 'NNP'), ('만들', 'VV'), ('주', 'VX')]"
"[('깔리', 'VV'), ('있', 'VX'), ('인증', 'NNP'), ('코드', 'NNP'), ('좌우', 'NNG'), ('반전', 'NNG'), ('통합', 'NNP'), ('인증', 'NNP'), ('센터', 'NNP'), ('아이콘', 'NNP'), ('크', 'VA'), ('나오', 'VV'), ('코드', 'NNP'), ('가리', 'VV')]"
"[('보통', 'MAG'), ('잘', 'MAG'), ('쓰', 'VV'), ('주식', 'NNG'), ('최고', 'NNG'), ('가', 'VV'), ('물론', 'MAG'), ('아니', 'VCN'), ('종목', 'NNG'), ('알리', 'VV'), ('보내', 'VV'), ('낚시', 'NNG'), ('걸', 'VV')]"
"[('주식', 'NNG'), ('창', 'NNG'), ('대하', 'VV'), ('의견', 'NNG'), ('건의', 'NNG'), ('리뷰', 'NNP'), ('왜', 'NNP'), ('자구', 'NNP'), ('삭제', 'NNG'), ('기분', 'NNG'), ('나쁘', 'VA')]"
"[('캐', 'VV'), ('쉬', 'MAG'), ('사용', 'NNG'), ('기간', 'NNG'), ('이', 'VCP'), ('천원', 'NNP'), ('미만', 'NNG'), ('사용', 'NNG'), ('못하', 'VX')]","[('평생', 'NNG'), ('사용', 'NNG'), ('못하', 'VX'), ('캐', 'VV'), ('쉬', 'VV'), ('허', 'VV')]"
"[('국민', 'NNG'), ('지원금', 'NNG'), ('토스', 'NNG'), ('신청', 'NNG'), ('완료', 'NNG'), ('라고', 'NNP'), ('뜸', 'NNG')]","[('있', 'VX'), ('눈', 'NNG'), ('나중', 'NNG'), ('보니', 'NNP'), ('신청', 'NNP'), ('안', 'NNG'), ('있', 'VX')]"
"[('되', 'VV'), ('않', 'VX'), ('이미', 'MAG'), ('카드', 'NNG'), ('있', 'VV'), ('가입', 'NNG'), ('않', 'VV'), ('비밀', 'NNG'), ('번호', 'NNG'), ('이상', 'NNP'), ('하', 'VV'), ('하', 'VV'), ('이상', 'NNP'), ('이', 'VCP'), ('하', 'VX'), ('다시', 'MAG'), ('번호', 'NNG'), ('인증', 'NNP'), ('다시', 'MAG'), ('왜', 'MAG'), ('이렇', 'VA'), ('만들', 'VV'), ('모르', 'VV'), ('이체', 'NNG'), ('때', 'NNG'), ('쓰', 'VV')]"
"[('안녕하세요', 'NNP'), ('설치', 'NNP'), ('안', 'NNG'), ('어떻', 'VA'), ('하', 'VV')]"
"[('증권', 'NNG'), ('계좌', 'NNG'), ('현금', 'NNG'), ('얼마나', 'MAG'), ('있', 'VV'), ('주식', 'NNG'), ('탭', 'NNG'), ('바로', 'MAG'), ('표시', 'NNG'), ('되', 'VV'), ('하', 'VV'), ('주', 'VX')]","[('계좌', 'NNP'), ('탭', 'NNG'), ('가', 'VV'), ('굳이', 'MAG'), ('증권', 'NNG'), ('계좌', 'NNP'), ('조회', 'NNP'), ('누르', 'VV'), ('하', 'VV'), ('말', 'VX')]"
"[('예전', 'NNG'), ('사용', 'NNG'), ('금액', 'NNG'), ('켜', 'VV'), ('보', 'VV'), ('있', 'VX'), ('하', 'VV'), ('주', 'VX'), ('넘', 'NNG'), ('불편', 'NNG')]"
"[('전', 'NNG'), ('보내', 'VV'), ('때', 'NNG'), ('보내', 'VV'), ('바로', 'MAG'), ('있', 'VV'), ('송금', 'NNG'), ('편하', 'VA'), ('지금', 'NNG'), ('카드', 'NNG'), ('누르', 'VV'), ('번호', 'NNG'), ('입력', 'NNG'), ('되', 'VV'), ('좀', 'MAG'), ('불편', 'NNG')]"
"[('아니', 'MAG'), ('변경', 'NNG'), ('불만', 'NNG'), ('이', 'VCP'), ('방금', 'MAG'), ('작성', 'NNG'), ('의견', 'NNG'), ('바로', 'MAG'), ('삭제', 'NNP'), ('한', 'NNP'), ('겁', 'NNG'), ('이', 'VCP'), ('진짜', 'MAG'), ('대단', 'XR')]"
"[('재난', 'NNP'), ('지원금', 'NNG'), ('신청', 'NNG'), ('관련', 'NNG'), ('디테일', 'NNG'), ('아쉽', 'VA')]","[('지역', 'NNG'), ('변경', 'NNG'), ('같', 'VA'), ('하', 'VV'), ('못하', 'VX'), ('그냥', 'MAG'), ('완료', 'NNG'), ('되', 'VV'), ('버리', 'VX'), ('번거롭', 'VA'), ('지', 'VX')]"
"[('비씨카드', 'NNP'), ('자꾸', 'MAG'), ('버퍼', 'NNP'), ('걸리', 'VV'), ('이', 'VCP'), ('지원금', 'NNG'), ('신청', 'NNG'), ('하', 'VX')]"
"[('업그레이드', 'NNP'), ('전', 'NNP'), ('보유', 'NNG'), ('신용카드', 'NNP'), ('전', 'NNP'), ('부표', 'NNP'), ('시가', 'NNG'), ('지금', 'NNG'), ('은', 'NNP'), ('왜', 'NNP'), ('다', 'NNP'), ('표', 'NNP'), ('시가', 'NNP'), ('안', 'NNG'), ('일부', 'NNG'), ('카드', 'NNP'), ('보', 'VV'), ('있', 'VX'), ('전체', 'NNG'), ('카드', 'NNG'), ('가져오', 'VV'), ('일부', 'NNG'), ('카드', 'NNP'), ('화면', 'NNG'), ('타나', 'NNP'), ('질', 'NNG'), ('앓', 'VV'), ('조치', 'NNG'), ('부탁', 'NNG')]"
"[('토스', 'NNG'), ('만', 'NR'), ('보기', 'NNP'), ('주변', 'NNG'), ('미션', 'NNP'), ('안', 'MAG'), ('나오', 'VV')]"
"[('재난', 'NNP'), ('지원금', 'NNG'), ('토스', 'NNG'), ('신청', 'NNG'), ('신청', 'NNG'), ('안', 'NNG'), ('하', 'VX'), ('분명히', 'MAG'), ('토스', 'NNG'), ('상', 'NNG'), ('신청', 'NNP'), ('후', 'NNG'), ('기다리', 'VV'), ('있', 'VV'), ('표시', 'NNG'), ('뜨', 'VV'), ('실제로', 'MAG'), ('신청', 'NNG'), ('내역', 'NNG'), ('확인', 'NNG'), ('보', 'VX'), ('기록', 'NNG'), ('없', 'VA'), ('어떻', 'VA'), ('되', 'VV')]"
"[('설치', 'NNG'), ('안', 'NNG')]"
"[('만', 'NR'), ('보기', 'NNP'), ('돈', 'NNG'), ('모아', 'NNP'), ('놓', 'VX'), ('이번', 'NNG'), ('업데이트', 'NNP'), ('되', 'VV'), ('없', 'VA'), ('지', 'VX')]"
"[('출금', 'NNG'), ('계좌', 'NNP'), ('잔액', 'NNG'), ('에러', 'NNG'), ('나', 'VV'), ('왜', 'MAG'), ('가요', 'NNP')]"
"[('토스', 'NNG'), ('이용', 'NNG'), ('국민', 'NNG'), ('지원금', 'NNG'), ('신청', 'NNG'), ('카드사', 'NNG'), ('문자', 'NNG'), ('날아오', 'VV'), ('불구', 'XR'), ('토스', 'NNG'), ('아직', 'MAG'), ('지원금', 'NNG'), ('준비', 'NNG'), ('이', 'VCP'), ('하', 'VV'), ('확인', 'NNG'), ('부탁', 'NNG'), ('드리', 'VV')]"
"[('할인', 'NNG'), ('통신사', 'NNP'), ('대리점', 'NNG'), ('가면', 'NNG'), ('테', 'NNG'), ('이', 'VCP'), ('보험료', 'NNP'), ('절약', 'NNG'), ('보험사', 'NNG'), ('보면', 'NNG'), ('테', 'NNG'), ('이', 'VCP'), ('병원비', 'NNG'), ('돌려받', 'VV'), ('병원', 'NNG'), ('가보', 'NNG'), ('이', 'VCP'), ('되', 'VV'), ('테', 'NNG'), ('이', 'VCP'), ('보상금', 'NNG'), ('기타', 'NNG'), ('할인', 'NNG'), ('금', 'NNG'), ('돈', 'NNG'), ('나오', 'VV'), ('금액', 'NNG'), ('나오', 'VV'), ('신청', 'NNG'), ('되', 'VV'), ('안', 'MAG'), ('나오', 'VV')]"
"[('토스', 'NNG'), ('버전', 'NNP'), ('비상금', 'NNG'), ('많이', 'MAG'), ('놓', 'VX'), ('낫', 'VA'), ('거래', 'NNG'), ('안', 'NNG'), ('이', 'VCP'), ('하', 'VV'), ('보니', 'NNP'), ('비상금', 'NNG'), ('계좌', 'NNP'), ('가', 'VV'), ('있', 'VX'), ('안보', 'NNG'), ('이', 'VCP')]"
"[('갑자기', 'MAG'), ('안', 'MAG'), ('들어가', 'VV'), ('지', 'VX')]"
"[('하', 'NNG'), ('토스', 'NNG'), ('업데이트', 'NNP'), ('이후', 'NNG'), ('너무', 'MAG'), ('너무', 'MAG'), ('너무', 'MAG'), ('너무', 'MAG'), ('너무', 'MAG'), ('불편', 'NNG'), ('지', 'VX')]","[('업데이트', 'NNP'), ('전', 'NNG'), ('정말', 'MAG'), ('유용', 'XR'), ('잘', 'MAG'), ('쓰', 'VV'), ('있', 'VX'), ('이제', 'NNG'), ('지우', 'VV'), ('찾아보', 'VV'), ('하나', 'NR'), ('고민', 'NNG')]","[('진짜', 'MAG'), ('불편', 'NNG')]","[('새롭', 'VA'), ('지', 'VX'), ('적응', 'NNG'), ('문제', 'NNG'), ('아니', 'VCN'), ('그냥', 'MAG'), ('더', 'MAG'), ('번거롭', 'VA'), ('업데이트', 'NNP'), ('같', 'VA')]","[('안타깝', 'VA'), ('진짜', 'MAG'), ('잘', 'MAG'), ('쓰', 'VV')]"
"[('업그레이드', 'NNP'), ('한', 'NNP'), ('후', 'NNG'), ('농협', 'NNP'), ('비씨', 'NNG'), ('국민은행', 'NNP'), ('신용카드', 'NNP'), ('정보', 'NNG'), ('사라지', 'VV'), ('왜', 'MAG'), ('그러', 'VV')]"
"[('업데이트', 'NNP'), ('되', 'VV'), ('후에', 'NNP'), ('카드', 'NNG'), ('보', 'VV'), ('들어가', 'VV'), ('매우', 'MAG'), ('불편', 'NNG')]"
"[('소비', 'NNG'), ('항목', 'NNG'), ('들어가', 'VV'), ('누르', 'VV'), ('강제', 'NNG'), ('종료', 'NNG')]","[('다', 'MAG'), ('폰', 'NNG'), ('부팅', 'NNP'), ('해도', 'NNP'), ('똑같', 'VA')]","[('기종', 'NNG'), ('20', 'NNP'), ('이', 'VCP')]"
"[('카드', 'NNP'), ('결제', 'NNG'), ('일', 'NNG'), ('휴', 'NNP'), ('무인', 'NNP'), ('경우', 'NNG'), ('보유', 'NNG'), ('카드', 'NNP'), ('결제', 'NNG'), ('일', 'NNG'), ('휴', 'NNP'), ('일', 'NNG'), ('월요일', 'NNP'), ('나뉘', 'VV'), ('나타나', 'VV'), ('두', 'NNP'), ('달', 'NNG'), ('한번', 'NNG'), ('쿠', 'NNG'), ('보유', 'NNG'), ('카드', 'NNP'), ('장', 'NNP'), ('누락', 'NNG'), ('9월', 'NNP'), ('현상', 'NNG'), ('모두', 'MAG'), ('나타나', 'VV')]"
"[('계좌', 'NNP'), ('계속', 'MAG'), ('등록', 'NNG'), ('누르', 'VV'), ('계좌', 'NNP'), ('비번', 'NNG'), ('치', 'VV'), ('홈페이지', 'NNP'), ('비밀', 'NNG'), ('번호', 'NNG'), ('틀리', 'VV'), ('가지', 'VX'), ('비밀', 'NNG'), ('번호', 'NNG'), ('모르', 'VV'), ('누르', 'VV'), ('비번', 'NNG'), ('설정', 'NNP'), ('할거', 'NNG'), ('치', 'VV'), ('넘어가', 'VV'), ('자리', 'NNP'), ('인증', 'NNP'), ('번호', 'NNG'), ('오', 'VV'), ('전화', 'NNG'), ('안', 'MAG'), ('오', 'VV'), ('들어가', 'VV'), ('하', 'VV'), ('모르', 'VV'), ('인증', 'NNP'), ('번호', 'NNG'), ('안', 'MAG'), ('오', 'VV')]"
"[('업데이트', 'NNP'), ('되', 'VV'), ('많이', 'MAG'), ('불편', 'NNG'), ('지', 'VX')]","[('이전', 'NNG'), ('처리', 'NNG'), ('방식', 'NNG'), ('지금', 'NNG'), ('더', 'MAG'), ('좋', 'VA')]","[('이전', 'NNG'), ('카드', 'NNG'), ('내역', 'NNG'), ('소비', 'NNG'), ('내역', 'NNG'), ('분리', 'NNG'), ('좋', 'VA')]","[('예', 'NNG'), ('들', 'VV'), ('카드', 'NNG'), ('이', 'VCP'), ('이중', 'NNG'), ('만', 'NR'), ('친구', 'NNP'), ('현금', 'NNG'), ('받', 'VV'), ('대신', 'NNG'), ('결제', 'NNG'), ('하', 'VV'), ('실적', 'NNG'), ('예외', 'NNG'), ('하', 'VV'), ('카드', 'NNG'), ('만', 'NR'), ('나오', 'VV'), ('실적', 'NNG'), ('내역', 'NNG'), ('만', 'NR'), ('나오', 'VV'), ('좋', 'VA'), ('이제', 'NNG'), ('같이', 'MAG'), ('연동', 'NNG'), ('만', 'NR'), ('나오', 'VV'), ('카드', 'NNG'), ('대금', 'NNG'), ('실제', 'NNG'), ('만', 'NR'), ('준비', 'NNG'), ('하', 'VV'), ('이러', 'XR'), ('알', 'VV'), ('없', 'VA'), ('아주', 'MAG'), ('러', 'NNP'), ('운', 'NNG'), ('절차', 'NNG'), ('계산', 'NNG'), ('하', 'VV'), ('알', 'VV'), ('있', 'VV'), ('제외', 'NNG'), ('처리', 'NNG'), ('인해', 'NNP'), ('실제', 'NNG'), ('카드', 'NNG'), ('값', 'NNG'), ('적', 'VA'), ('보이', 'VV'), ('더', 'MAG'), ('소비', 'NNG'), ('만들', 'VV')]"
"[('왜', 'MAG'), ('만', 'NR'), ('보기', 'NNP'), ('친구', 'NNP'), ('추가', 'NNG'), ('기능', 'NNG'), ('없어', 'NNP'), ('요', 'NNP'), ('아이폰', 'NNP'), ('안드로이드', 'NNP'), ('유', 'NNP'), ('가요', 'NNP')]"
"[('토스', 'NNG'), ('거래', 'NNG'), ('안', 'NNG'), ('거래', 'NNG'), ('안', 'NNG'), ('매달', 'MAG'), ('결제', 'NNG'), ('문자', 'NNG'), ('오', 'VV')]"
"[('소비', 'NNG'), ('달력', 'NNP'), ('기능', 'NNG'), ('잘', 'MAG'), ('쓰', 'VV'), ('있', 'VV'), ('이번', 'NNG'), ('달', 'NNG'), ('못', 'MAG'), ('보', 'VV'), ('바뀌', 'VV'), ('이유', 'NNG'), ('멀', 'VA'), ('가요', 'NNP')]"
"[('친구', 'NNG'), ('덕', 'NNG'), ('다시', 'MAG'), ('깔', 'VV')]"
"[('토스', 'NNG'), ('프라임', 'NNP'), ('공동', 'NNG'), ('플랫폼', 'NNP'), ('거래', 'NNG'), ('횟수', 'NNG'), ('이', 'VCP'), ('뜨', 'VV'), ('갑자기', 'MAG'), ('나가', 'VV'), ('이', 'VV'), ('가요', 'NNP'), ('갑자기', 'MAG'), ('돈', 'NNG'), ('나가', 'VV'), ('황당', 'XR')]","[('매달', 'MAG'), ('나가', 'VV'), ('아니', 'VCN')]"
"[('코드', 'NNP'), ('사용', 'NNG'), ('결제', 'NNG'), ('삭제', 'NNG'), ('사이트', 'NNG'), ('결제', 'NNG'), ('하', 'VV'), ('사이트', 'NNG'), ('코드', 'NNP'), ('이용한', 'NNP'), ('결제', 'NNG'), ('되', 'VV'), ('토스', 'NNG'), ('코드', 'NNP'), ('방법', 'NNG'), ('찾', 'VV'), ('없', 'VA')]","[('송금', 'NNG'), ('창', 'NNG'), ('가도', 'NNP'), ('카메라', 'NNG'), ('아이콘', 'NNP'), ('안', 'MAG'), ('나오', 'VV')]"
"[('계속', 'MAG'), ('이체', 'NNG'), ('토스카', 'NNP'), ('드', 'NNP'), ('충전', 'NNG'), ('때', 'NNG'), ('마다', 'NNP'), ('금액', 'NNG'), ('먹', 'NNG'), ('이', 'VCP'), ('오류', 'NNP'), ('좀', 'NNG'), ('개선', 'NNG'), ('주', 'VX'), ('일', 'NNG'), ('이', 'VCP')]"
"[('토스', 'NNG'), ('증권', 'NNG'), ('시간', 'NNG'), ('거래', 'NNG'), ('있', 'VX'), ('업데이트', 'NNP'), ('좀', 'MAG'), ('부탁', 'NNG'), ('드리', 'VV')]"
"[('아', 'IC'), ('야', 'NNG'), ('놀', 'VV'), ('자결', 'NNP'), ('제때', 'NNG'), ('기다리', 'VV'), ('자꾸', 'MAG'), ('오류', 'NNG'), ('뜨', 'VV'), ('못하', 'VX'), ('이', 'VCP'), ('고치', 'VV'), ('주', 'VX'), ('내일', 'NNG'), ('또', 'MAG'), ('되', 'VV')]"
"[('만', 'NR'), ('보기', 'NNP'), ('돈', 'NNG'), ('입금', 'NNG'), ('안', 'NNG'), ('없', 'VA'), ('지', 'VX')]"
"[('토스', 'NNG'), ('열기', 'NNG'), ('하', 'VV'), ('상단', 'NNG'), ('뜨', 'VV'), ('광고', 'NNG'), ('배', 'NNG'), ('안', 'MAG'), ('뜨', 'VV'), ('하', 'VV'), ('기능', 'NNG'), ('좀', 'MAG'), ('만들', 'VV'), ('주', 'VX')]","[('토스', 'NNG'), ('초창기', 'NNG'), ('안', 'MAG'), ('뜨', 'VV'), ('좋', 'VA'), ('순간', 'NNG'), ('뜨', 'VV'), ('시작', 'NNG'), ('들어가', 'VV'), ('때', 'NNG'), ('광고', 'NNG'), ('배', 'NNG'), ('닫', 'VV'), ('시작', 'NNG')]","[('관심', 'NNG'), ('없', 'VA'), ('광고', 'NNG'), ('맨날', 'MAG'), ('관심', 'NNG'), ('없', 'VA'), ('버튼', 'NNP'), ('누르', 'VV'), ('닫', 'VV'), ('아', 'NNP'), ('안', 'MAG'), ('뜨', 'VV'), ('차단', 'NNG'), ('있', 'VV'), ('기능', 'NNG'), ('좀', 'MAG'), ('만들', 'VV'), ('주', 'VX')]"
"[('프', 'VX'), ('이', 'NNP'), ('안', 'NNG'), ('열', 'NNG'), ('리', 'NNP'), ('이', 'VCP')]"
"[('우리은행', 'NNP'), ('계좌', 'NNP'), ('연결', 'NNG'), ('때', 'NNG'), ('인증', 'NNP'), ('자꾸', 'MAG'), ('에러', 'NNG'), ('나', 'VV'), ('왜', 'MAG'), ('나', 'VV'), ('알리', 'VV'), ('주', 'VX'), ('않', 'VX'), ('좀', 'MAG'), ('고치', 'VV'), ('주', 'VX')]"
"[('만', 'NR'), ('보기', 'NNP'), ('빠르', 'VA'), ('업데이트', 'NNP'), ('최신', 'NNG'), ('버전', 'NNP'), ('업데이트', 'NNP'), ('하', 'VV'), ('만', 'NR'), ('보기', 'NNP'), ('아직', 'MAG'), ('버전', 'NNP'), ('뜨', 'VV')]"
"[('며칠', 'NNG'), ('전', 'NNP'), ('사용', 'NNG'), ('내역', 'NNG'), ('잔액', 'NNG'), ('최신', 'NNG'), ('안', 'NNG'), ('계속', 'MAG'), ('불러오', 'VV'), ('오류', 'NNP'), ('라고', 'NNP'), ('계속', 'MAG'), ('뜨', 'VV')]"
"[('왜', 'MAG'), ('돈', 'NNG'), ('안', 'MAG'), ('돌려주', 'VV')]","[('토스', 'NNG'), ('사용', 'NNG'), ('않', 'VX'), ('사람', 'NNG'), ('송금', 'NNG'), ('돈', 'NNG'), ('받', 'VV'), ('없', 'VA'), ('다시', 'MAG'), ('돌려받', 'VV'), ('고객', 'NNP'), ('센터', 'NNP'), ('문의', 'NNG'), ('동안', 'NNG'), ('접수', 'NNG'), ('하', 'VV'), ('왜', 'MAG'), ('답', 'NNG'), ('없', 'VA'), ('고객', 'NNP'), ('센터', 'NNP'), ('일', 'NNG'), ('하', 'VV'), ('게', 'NNG'), ('맞', 'VV'), ('얼마나', 'MAG'), ('걸리', 'VV'), ('걸', 'VV')]"
"[('농협', 'NNP'), ('카카오', 'NNP'), ('뱅크', 'NNP'), ('계좌', 'NNP'), ('사용', 'NNG'), ('토스', 'NNG'), ('잔액', 'NNG'), ('늘', 'MAG'), ('다르', 'VA'), ('표시', 'NNG'), ('최근', 'NNG'), ('거래', 'NNG'), ('내역', 'NNG'), ('불러오', 'VV'), ('못하', 'VX')]","[('혹시나', 'MAG'), ('싶', 'VX'), ('삭제', 'NNP'), ('후', 'NNG'), ('설치', 'NNP'), ('이', 'VCP')]","[('설치', 'NNG'), ('마찬가지', 'NNG'), ('농협', 'NNP'), ('계좌', 'NNP'), ('잔액', 'NNG'), ('내역', 'NNG'), ('불러오', 'VV'), ('못하', 'VX')]"
"[('토스', 'NNG'), ('계좌', 'NNG'), ('연결', 'NNG'), ('계속', 'MAG'), ('끊기', 'VV')]"
"[('토스', 'NNG'), ('들어가', 'VV'), ('연결', 'NNG'), ('놓', 'VX'), ('계좌', 'NNG'), ('카드', 'NNG'), ('목록', 'NNG'), ('아예', 'MAG'), ('안', 'MAG'), ('뜨', 'VV'), ('다시', 'MAG'), ('연결', 'NNG'), ('이미', 'MAG'), ('연결', 'NNG'), ('계좌', 'NNG'), ('이', 'VCP'), ('하', 'VV'), ('연결', 'NNG'), ('안', 'NNG')]"
"[('잘', 'MAG'), ('쓰', 'VV'), ('있', 'VX'), ('오늘', 'NNG'), ('계좌', 'NNP'), ('연결', 'NNG'), ('다', 'MAG'), ('풀리', 'VV'), ('세번', 'NNP'), ('다시', 'MAG'), ('연결', 'NNG'), ('바로', 'MAG'), ('계좌', 'NNP'), ('연동', 'NNP'), ('안', 'NNG'), ('최신', 'NNG'), ('리뷰', 'NNP'), ('보', 'VV'), ('다', 'MAG'), ('같', 'VA'), ('얼른', 'MAG'), ('고치', 'VV'), ('주', 'VX')]"
"[('예전', 'NNG'), ('좋', 'VA')]"
"[('만', 'NR'), ('보기', 'NNP'), ('기능', 'NNG'), ('기능', 'NNG'), ('삭제', 'NNG'), ('하', 'VV'), ('살리', 'VV'), ('주', 'VX')]","[('베', 'NNG'), ('리', 'NNP'), ('소모', 'NNP'), ('너무', 'MAG'), ('심하', 'VA')]"
"[('이상', 'XR'), ('대화', 'NNG'), ('안', 'MAG'), ('뜨', 'VV'), ('지우', 'VV'), ('깔', 'VV'), ('보', 'VX'), ('짓', 'NNG'), ('다', 'MAG'), ('해보', 'VV'), ('왜', 'MAG'), ('안', 'MAG'), ('뜨', 'VV')]"
[]
"[('아니', 'MAG'), ('네이버', 'NNP'), ('페이', 'NNP'), ('보험료', 'NNP'), ('결제', 'NNG'), ('완료', 'NNG'), ('후', 'NNG'), ('창', 'NNG')]"
"[('다정동', 'NNP'), ('다정동', 'NNP'), ('터키', 'NNP'), ('우', 'NNP')]"
"[('토스', 'NNG'), ('사용', 'NNG'), ('잘', 'MAG'), ('있', 'VX'), ('카드', 'NNP'), ('계좌', 'NNP'), ('예금주', 'NNG'), ('아니', 'VCN'), ('하', 'VX')]"
"[('배터리', 'NNP'), ('소모', 'NNP')]"
"[('본인', 'NNG'), ('이', 'NNP'), ('아니', 'VCN'), ('카드', 'NNG'), ('등록', 'NNG'), ('카드사', 'NNG'), ('등록', 'NNG'), ('안', 'VV'), ('있', 'VX'), ('뜨', 'VV')]"
"[('토스', 'NNG'), ('주식', 'NNG'), ('해보', 'VV'), ('하', 'VV'), ('매수', 'NNG'), ('누르', 'VV'), ('나니', 'NNP'), ('인증', 'NNG'), ('하', 'VX')]","[('매수', 'NNG'), ('매도', 'NNP'), ('타이밍', 'NNP'), ('다', 'MAG'), ('뺏기', 'VV')]","[('미리', 'MAG'), ('본인', 'NNG'), ('이', 'VCP'), ('인증', 'NNP'), ('주식', 'NNG'), ('거래', 'NNG'), ('때', 'NNG'), ('인증', 'NNP'), ('과정', 'NNG'), ('생략', 'NNG'), ('되', 'VV'), ('않', 'VX')]"
"[('토스', 'NNG'), ('구입', 'NNG'), ('해피', 'NNP'), ('머니', 'NNG'), ('상품권', 'NNP'), ('상품권', 'NNP'), ('오류', 'NNG'), ('이', 'VCP'), ('뜨', 'VV'), ('충전', 'NNP'), ('안', 'NNG'), ('있', 'VV'), ('핀', 'NNG'), ('번호', 'NNG'), ('발행', 'NNG'), ('날짜', 'NNP'), ('정확히', 'MAG'), ('적', 'VA'), ('계속', 'MAG'), ('상품권', 'NNP'), ('오류', 'NNP'), ('라고', 'NNP'), ('뜨', 'VV')]"
"[('체크카드', 'NNP'), ('이제', 'MAG'), ('완전히', 'MAG'), ('단종', 'NNG'), ('가요', 'NNP')]"
"[('카카오', 'NNP'), ('뱅크', 'NNP'), ('미니', 'NNP'), ('안', 'NNG'), ('이', 'VCP')]"
"[('토스', 'NNG'), ('주식', 'NNP'), ('시간', 'NNG'), ('거래', 'NNP'), ('되', 'VV'), ('하', 'VX'), ('주', 'VX'), ('거래', 'NNG'), ('안', 'NNG'), ('종목', 'NNG'), ('많', 'VA'), ('업데이트', 'NNP'), ('시급', 'XR'), ('주식', 'NNG'), ('간단', 'XR'), ('기능', 'NNG'), ('없', 'VA'), ('불편', 'NNG'), ('무료', 'NNP'), ('주식', 'NNP'), ('이', 'VCP'), ('투자자', 'NNG'), ('많이', 'MAG'), ('확보', 'NNG'), ('관리', 'NNG'), ('잘', 'MAG'), ('타', 'NNG'), ('증권사', 'NNG'), ('기능', 'NNG'), ('업데이트', 'NNP'), ('안', 'NNG'), ('다', 'MAG'), ('빠져나가', 'VV'), ('이', 'VCP')]"
"[('대출', 'NNG'), ('완납', 'NNG'), ('지나', 'VV'), ('아직', 'MAG'), ('대출', 'NNG'), ('있', 'VV'), ('뜨', 'VV'), ('보험료', 'NNP'), ('올라가', 'VV'), ('예전', 'NNP')]"
"[('계좌', 'NNG'), ('번호', 'NNG'), ('치', 'VV'), ('계좌', 'NNP'), ('비번', 'NNG'), ('누르', 'VV'), ('비밀', 'NNG'), ('번호', 'NNG'), ('오류', 'NNG'), ('이', 'VCP'), ('뜨', 'VV'), ('은행가', 'NNG'), ('비밀', 'NNP'), ('번호', 'NNG'), ('돈', 'NNG'), ('뽑', 'VV'), ('오류', 'NNG'), ('이', 'VCP'), ('뜨', 'VV'), ('당황', 'NNG')]"
"[('업데이트', 'NNP'), ('너무', 'MAG'), ('자주', 'MAG'), ('이루어지', 'VV')]"
"[('토스', 'NNG'), ('보', 'VV'), ('편하', 'VA'), ('2021년', 'NNP'), ('시작', 'NNP'), ('사용자', 'NNP'), ('전혀', 'MAG'), ('혜택', 'NNG'), ('없', 'VA'), ('토스', 'NNG'), ('프라임', 'NNP'), ('혜택', 'NNG'), ('너무', 'MAG'), ('별로', 'MAG'), ('이', 'VCP')]"
"[('오늘', 'NNG'), ('계좌', 'NNP'), ('잔액', 'NNG'), ('조회', 'NNP'), ('자꾸', 'MAG'), ('안', 'NNG'), ('서버', 'NNP'), ('문제', 'NNG'), ('이', 'VCP')]"
"[('연결', 'NNG'), ('계좌', 'NNP'), ('잔액', 'NNG'), ('업데이트', 'NNP'), ('잘', 'MAG'), ('안', 'MAG'), ('새로', 'MAG'), ('연결', 'NNG'), ('예', 'NNG'), ('들', 'VV'), ('대출', 'NNG'), ('잔액', 'NNG'), ('전', 'NNP'), ('그대로', 'MAG')]"
"[('토스', 'NNG'), ('주식', 'NNP'), ('정보', 'NNP'), ('너무', 'MAG'), ('잘', 'MAG'), ('알리', 'VV'), ('주', 'VX'), ('최고', 'NNG'), ('이', 'VCP'), ('잘', 'MAG'), ('안', 'MAG'), ('쓰', 'VV'), ('되', 'VV'), ('이유', 'NNG'), ('초반', 'NNG'), ('화면', 'NNG'), ('비밀', 'NNG'), ('번호', 'NNG'), ('찾', 'VV'), ('신경질', 'NNG'), ('나서', 'VV'), ('쓰', 'VV'), ('숫자', 'NNP'), ('알파벳', 'NNP'), ('비번', 'NNG'), ('조합', 'NNP'), ('이', 'VCP'), ('알파벳', 'NNP'), ('찾', 'VV'), ('시간', 'NNP'), ('쓰', 'VV'), ('말', 'VX')]","[('간편', 'XR'), ('비번', 'NNG'), ('숫자', 'NNP'), ('치', 'VV'), ('들어가', 'VV'), ('지', 'VX'), ('폰', 'NNP'), ('국장', 'NNP'), ('미', 'NNP'), ('장', 'NNP'), ('깔리', 'VV'), ('있', 'VX'), ('로그인', 'NNP'), ('제일', 'NNG'), ('불편', 'NNG'), ('토스', 'NNG'), ('특히', 'MAG'), ('정보', 'NNG'), ('토스', 'NNG'), ('제일', 'NNG'), ('잘', 'MAG'), ('알리', 'VV'), ('주', 'VX'), ('장', 'NNP'), ('하락', 'NNG'), ('상승', 'NNG'), ('실적', 'NNG'), ('발표', 'NNG'), ('알리', 'VV'), ('제일', 'NNG'), ('빠르', 'VA'), ('최고', 'NNG'), ('이', 'VCP'), ('하필', 'MAG'), ('주문', 'NNP'), ('버튼', 'NNP'), ('눈', 'NNG'), ('띄', 'VV'), ('않', 'VX'), ('주문', 'NNP'), ('쉽', 'VA'), ('않', 'VX'), ('토스', 'NNG'), ('정보', 'NNG'), ('키우', 'VV'), ('주문', 'NNP'), ('한적', 'NNP'), ('엄청', 'MAG'), ('나', 'VV'), ('토스', 'NNG'), ('주문', 'NNP'), ('편하', 'VA'), ('하', 'VV'), ('싶', 'VX')]"
"[('계좌', 'NNP'), ('비밀', 'NNG'), ('번호', 'NNG'), ('정확', 'XR'), ('입력', 'NNG'), ('자꾸', 'MAG'), ('서비스', 'NNG'), ('오류', 'NNG'), ('이', 'VCP'), ('뜨', 'VV')]","[('조만간', 'MAG'), ('해결', 'NNG'), ('해주시', 'NNP'), ('걸', 'VV'), ('믿', 'VV')]"
"[('좋', 'VA')]"
"[('토스', 'NNG'), ('주식', 'NNP'), ('시간', 'NNG'), ('거래', 'NNP'), ('종가', 'NNG'), ('매매', 'NNP'), ('가능', 'XR'), ('하', 'VV'), ('주', 'VX'), ('하', 'VX'), ('아니', 'VCN')]"
"[('한국신용정보', 'NNP'), ('해결', 'NNG')]"
"[('아니', 'MAG'), ('서버', 'NNP'), ('문제', 'NNG'), ('발생', 'NNG'), ('자꾸', 'MAG'), ('뜨', 'VV'), ('현재', 'MAG'), ('점검', 'NNG'), ('하', 'VV'), ('있', 'VV'), ('아니', 'VCN'), ('십', 'NR'), ('자꾸', 'MAG'), ('이렇', 'VA'), ('뜨', 'VV'), ('금융', 'NNG'), ('관리', 'NNG'), ('어떻', 'VA'), ('하', 'VV'), ('이', 'VCP'), ('점검', 'NNG'), ('하', 'VV'), ('있', 'VV'), ('하', 'VV'), ('화면', 'NNG'), ('상단', 'NNG'), ('점검', 'NNP'), ('이', 'VCP'), ('노출', 'NNG'), ('이', 'VCP'), ('되', 'VV'), ('하', 'VV'), ('아니', 'VCN')]"
"[('돈', 'NNG'), ('을', 'NNG'), ('입금', 'NNG'), ('받', 'VV'), ('안받', 'VV'), ('다시', 'NNP'), ('카카오', 'NNP'), ('기한', 'NNP'), ('지나', 'VV'), ('되돌아가', 'VV')]"
"[('인식', 'NNG'), ('잘', 'MAG'), ('안', 'MAG'), ('되', 'VV'), ('유효', 'NNG'), ('않', 'VX'), ('로', 'NNG'), ('인식', 'NNG'), ('되', 'VV'), ('카', 'MAG'), ('톡', 'MAG'), ('네이버', 'NNP'), ('인식', 'NNG'), ('잘', 'MAG'), ('되', 'VV')]"
"[('백신', 'NNP'), ('맞', 'VV'), ('이틀', 'NNG'), ('지나', 'VV'), ('증명서', 'NNG'), ('안', 'NNG'), ('뜸', 'NNG')]"
"[('이체', 'NNG'), ('너무', 'MAG'), ('편하', 'VA'), ('말', 'VX'), ('보기', 'NNP'), ('적립', 'NNG'), ('좋', 'VA')]"
"[('친구', 'NNG'), ('해보', 'VV'), ('하', 'VX'), ('다운', 'NNP'), ('받', 'VV'), ('우체국', 'NNP'), ('카드', 'NNG'), ('없', 'VA')]","[('친구', 'NNG'), ('사용', 'NNG'), ('좋', 'VA'), ('편하', 'VA'), ('하', 'VX'), ('기대', 'NNG'), ('은행', 'NNG'), ('있', 'VV'), ('아쉽', 'VA')]","[('우체국', 'NNP'), ('있', 'VX'), ('좋', 'VA')]"
"[('주식', 'NNG'), ('시간', 'NNG'), ('단일', 'NNG'), ('거래', 'NNG'), ('기능', 'NNG'), ('추가', 'NNG'), ('좀', 'MAG')]"
"[('입금', 'NNG'), ('입금', 'NNG'), ('확', 'MAG'), ('입금', 'NNG'), ('확인', 'NNG'), ('기업은행', 'NNP')]"
"[('배당금', 'NNG'), ('내역', 'NNG'), ('안', 'MAG'), ('나오', 'VV'), ('가요', 'NNP'), ('불편', 'NNG')]"
"[('에', 'NNG'), ('라이', 'NNP'), ('카카오', 'NNP'), ('밟히', 'VV')]"
"[('불편', 'NNG'), ('업데이트', 'NNP'), ('매일', 'MAG')]"
[]
"[('증권', 'NNG'), ('보조', 'NNG'), ('지표', 'NNG'), ('언제', 'MAG'), ('추가', 'NNG'), ('되', 'VV'), ('불편', 'NNG'), ('넘어가', 'VV'), ('하', 'VX'), ('같', 'VA'), ('아니', 'VCN'), ('따로', 'MAG'), ('만들', 'VV'), ('나', 'VV')]"
"[('은행', 'NNG'), ('돈', 'NNG'), ('넣', 'VV'), ('주', 'VX'), ('저금', 'NNG'), ('안', 'NNG'), ('왜', 'MAG'), ('저금', 'NNG'), ('되', 'VV')]"
"[('업데이트', 'NNP'), ('하', 'VV'), ('접속', 'NNG'), ('왜', 'MAG'), ('자꾸', 'MAG'), ('토스', 'NNG'), ('프라임', 'NNP'), ('동의', 'NNG'), ('뜨', 'VV'), ('그렇', 'VA')]"
"[('거래', 'NNG'), ('내역', 'NNG'), ('조회', 'NNP'), ('너무', 'MAG'), ('느리', 'VA'), ('쓸데없', 'VA'), ('잡기', 'NNP'), ('능', 'NNG'), ('늘리', 'VV'), ('전', 'NNG'), ('프', 'VX'), ('좀', 'NNG'), ('경량', 'NNG'), ('시키', 'VV'), ('먼저', 'MAG'), ('집중', 'NNG'), ('좀', 'MAG'), ('하', 'VV'), ('보내', 'VV'), ('돈', 'NNP'), ('받', 'VV'), ('돈', 'NNP'), ('확인', 'NNG'), ('이렇', 'VA'), ('느리', 'VA'), ('쓰', 'VV'), ('카', 'NNG'), ('뱅', 'NNG'), ('쓰', 'VV')]"
"[('기기', 'NNP'), ('다', 'MAG'), ('만', 'NR'), ('보기', 'NNP'), ('적립', 'NNG'), ('가능', 'XR'), ('해주시', 'NNP'), ('면', 'NNG'), ('좋', 'VA')]"
"[('주민', 'NNG'), ('번호', 'NNG'), ('정확', 'XR'), ('입력', 'NNG'), ('생년월일', 'NNG'), ('안', 'MAG'), ('맞', 'VV'), ('하', 'VX'), ('하하', 'NNP')]"
"[('속도', 'NNG'), ('너무', 'MAG'), ('느리', 'VA')]"
"[('요즘', 'NNG'), ('내역', 'NNG'), ('진짜', 'MAG'), ('로고', 'NNP'), ('침해', 'NNG'), ('안', 'MAG'), ('뜨', 'VV'), ('쓰', 'VV'), ('때', 'NNG'), ('없', 'VA'), ('알리', 'VV'), ('많이', 'MAG'), ('뜨', 'VV'), ('비슷', 'XR'), ('프', 'VX'), ('이', 'NNG'), ('있', 'VV'), ('지우', 'VV'), ('같', 'VA'), ('답답', 'XR')]"
"[('작년', 'NNG'), ('쭉', 'MAG'), ('쓰', 'VV'), ('때', 'NNG'), ('괜찮', 'VA'), ('딱하', 'VA'), ('돈', 'NNG'), ('빠져나가', 'VV'), ('깔', 'VV'), ('말', 'VX'), ('세', 'VV'), ('위험', 'NNG')]","[('빠져나가', 'VV')]"
"[('주식', 'NNG'), ('얘기', 'NNG'), ('평점', 'NNG'), ('매기', 'VV'), ('기획', 'NNG'), ('팀', 'NNG'), ('너무', 'MAG'), ('사용자', 'NNG'), ('초보자', 'NNG'), ('집중', 'NNG'), ('놓', 'VX')]","[('암', 'NNG'), ('모르', 'VV'), ('사람', 'NNG'), ('단순', 'XR'), ('심플', 'NNG'), ('보이', 'VV'), ('정보', 'NNG'), ('주식', 'NNG'), ('거래', 'NNG'), ('쉽', 'VA'), ('생각', 'NNG'), ('하', 'VV'), ('있', 'VX'), ('잘못', 'NNG'), ('투자', 'NNG'), ('하', 'VV'), ('가능', 'XR'), ('크', 'VA'), ('봄', 'NNG')]","[('초보자', 'NNG'), ('이', 'VCP'), ('조금', 'NNG'), ('발', 'NNG'), ('담그', 'VV'), ('보', 'VX'), ('거래', 'NNG'), ('필요', 'NNG'), ('정보', 'NNG'), ('더', 'MAG'), ('필요', 'NNG'), ('걸', 'VV'), ('알', 'VV'), ('되', 'VV'), ('이', 'VCP'), ('보', 'VV'), ('지금', 'NNP'), ('계속', 'MAG'), ('유지', 'NNG'), ('쌩', 'MAG'), ('초보', 'NNG'), ('잠깐', 'MAG'), ('끌', 'VV'), ('오', 'VX'), ('지속', 'NNG'), ('가능', 'XR'), ('주식', 'NNG'), ('서비스', 'NNG'), ('어렵', 'VA'), ('이', 'VCP')]"
"[('항상', 'MAG'), ('잘', 'MAG'), ('이용', 'NNG'), ('있', 'VX')]","[('요청', 'NNG'), ('사항', 'NNG'), ('송금', 'NNG'), ('취소', 'NNP'), ('기능', 'NNG'), ('진지', 'XR'), ('검토', 'NNG'), ('주', 'VX'), ('하', 'VV'), ('아무래도', 'MAG'), ('즐겨찾기', 'NNP'), ('이전', 'NNG'), ('보내', 'VV'), ('사람', 'NNG'), ('보내', 'VV'), ('목록', 'NNG'), ('송금', 'NNG'), ('경우', 'NNP'), ('많', 'VA'), ('동명', 'NNP'), ('이인', 'NNP'), ('잘못', 'MAG'), ('보내', 'VV'), ('이전', 'NNG'), ('물품', 'NNG'), ('거래', 'NNG'), ('사람', 'NNG'), ('이', 'VCP'), ('연락처', 'NNG'), ('모르', 'VV'), ('은행', 'NNG'), ('기다리', 'VV'), ('없', 'VA'), ('하', 'VV'), ('만원', 'NNP'), ('미치', 'VV'), ('큰돈', 'NNG'), ('아니', 'VCN'), ('하루', 'NNP'), ('일', 'NNG'), ('돈', 'NNG'), ('이', 'VCP'), ('검토', 'NNG'), ('부탁', 'NNG'), ('드리', 'VV'), ('기다리', 'VV'), ('보', 'VX'), ('어쩌', 'VV'), ('없', 'VA'), ('답', 'NNG'), ('글', 'NNG'), ('필요', 'NNG'), ('없어', 'NNP')]"
"[('입출금', 'NNG'), ('제일', 'NNG'), ('중요', 'XR'), ('계좌', 'NNP'), ('잔액', 'NNG'), ('변동', 'NNP'), ('이', 'NNP'), ('없어', 'NNP'), ('토스', 'NNG'), ('증권', 'NNG'), ('주식', 'NNG'), ('안', 'MAG'), ('사', 'VV'), ('지', 'VX'), ('손', 'NNG'), ('보', 'VX'), ('문의', 'NNG'), ('업데이트', 'NNG'), ('하', 'VX'), ('하', 'VV'), ('계좌', 'NNP'), ('하루', 'NNG'), ('종일', 'NNG'), ('변동', 'NNG'), ('없', 'VA'), ('스트레스', 'NNP'), ('못하', 'VX'), ('먹', 'VX')]"
[]
"[('아기', 'NNG'), ('이', 'VCP')]"
"[('해외', 'NNP'), ('주식', 'NNP'), ('살', 'VV'), ('있', 'VX'), ('좋', 'VA'), ('아쉽', 'VA')]"
"[('업데이트', 'NNP'), ('안', 'NNG')]"
"[('토스', 'NNG'), ('만', 'NR'), ('보기', 'NNP'), ('친구', 'NNG'), ('보내', 'VV'), ('화면', 'NNG'), ('안', 'MAG'), ('나오', 'VV'), ('오류', 'NNG'), ('이', 'VCP'), ('같', 'VA'), ('삭제', 'NNG'), ('다시', 'MAG'), ('다운', 'NNP'), ('받', 'VV'), ('계속', 'MAG'), ('같', 'VA'), ('확인', 'NNG'), ('고치', 'VV'), ('주', 'VX')]"
[]
"[('정말', 'MAG'), ('토스', 'NNG'), ('잘', 'MAG'), ('사용', 'NNG'), ('있', 'VX'), ('최근', 'NNG'), ('들', 'VV'), ('토스', 'NNG'), ('증권', 'NNG'), ('이벤트', 'NNP'), ('소식', 'NNG'), ('접하', 'VV'), ('증권', 'NNG'), ('계좌', 'NNP'), ('계', 'NNG'), ('설', 'NNG'), ('사용', 'NNG'), ('있', 'VV'), ('처음', 'NNG'), ('문제', 'NNG'), ('없이', 'MAG'), ('주식', 'NNP'), ('투자', 'NNP'), ('재미', 'NNG'), ('느끼', 'VV'), ('하', 'VV'), ('있', 'VX'), ('최근', 'NNG'), ('들', 'VV'), ('사용자', 'NNG'), ('많', 'VA'), ('지', 'VX'), ('건지', 'NNG'), ('가격', 'NNG'), ('반영', 'NNG'), ('이', 'VCP'), ('면', 'NNG'), ('점점', 'MAG'), ('정이', 'NNP'), ('떨어지', 'VV'), ('있', 'VV'), ('아무래도', 'MAG'), ('사용자', 'NNP'), ('본인', 'NNG'), ('돈', 'NNG'), ('걸리', 'VV'), ('있', 'VX'), ('주식', 'NNG'), ('이', 'VCP'), ('빠르', 'VA'), ('대처', 'NNP'), ('통하', 'VV'), ('개선', 'NNG'), ('하', 'VV'), ('주', 'VX'), ('하', 'VV'), ('바램', 'NNG'), ('이', 'VCP'), ('제발', 'MAG'), ('부탁', 'NNG'), ('이', 'VCP')]"
"[('토스', 'NNG'), ('주식', 'NNG'), ('들어가', 'VV'), ('걸리', 'VV'), ('멈추', 'VV'), ('왜', 'MAG')]"
"[('토스', 'NNG'), ('주식', 'NNG'), ('현황', 'NNG'), ('알', 'VV'), ('싶', 'VX'), ('다되', 'VA'), ('주식', 'NNG'), ('화면', 'NNG'), ('클릭', 'NNP'), ('하면', 'NNP'), ('화면', 'NNG'), ('않', 'VV'), ('오', 'VX')]"
"[('토스', 'NNG'), ('증권', 'NNG'), ('사용', 'NNG'), ('이', 'VCP'), ('매매', 'NNG'), ('때', 'NNG'), ('마다', 'NNP'), ('인증', 'NNG'), ('하', 'VX'), ('단타', 'NNP'), ('힘들', 'VA'), ('볼링', 'NNP'), ('밴드', 'NNP'), ('이평', 'NNP'), ('선', 'NNG'), ('보조', 'NNG'), ('기능', 'NNG'), ('하나', 'NR'), ('없', 'VA'), ('증권사', 'NNG'), ('보다', 'MAG'), ('접하', 'VV'), ('쉽', 'VA'), ('지속', 'NNG'), ('주식', 'NNG'), ('하', 'VV'), ('사람', 'NNG'), ('사용', 'NNG'), ('많이', 'MAG'), ('불편', 'NNG'), ('사실', 'NNG'), ('이', 'VCP')]","[('토스', 'NNG'), ('증권', 'NNG'), ('보조', 'NNG'), ('지표', 'NNG'), ('이용', 'NNG'), ('가능', 'XR'), ('업데이트', 'NNP'), ('해주시', 'NNP'), ('이', 'VCP'), ('매수', 'NNG'), ('매도', 'NNP'), ('하', 'VV'), ('때', 'NNG'), ('마다', 'NNP'), ('인증', 'NNG'), ('기능', 'NNG'), ('끌', 'VV'), ('있', 'VV'), ('하', 'VV'), ('주', 'VX')]"
"[('주식', 'NNG'), ('비번', 'NNG'), ('차라리', 'MAG'), ('숫자', 'NNP'), ('빠르', 'VA')]","[('알파벳', 'NNP'), ('찾', 'VV'), ('시간', 'NNG'), ('더', 'MAG'), ('걸리', 'VV'), ('불편', 'NNG')]"
"[('그냥', 'MAG'), ('소', 'NNP')]"
"[('계좌', 'NNG'), ('잔액', 'NNG'), ('왜', 'MAG'), ('실시간', 'NNP'), ('안', 'NNG'), ('답답', 'XR')]"
"[('계좌', 'NNP'), ('등록', 'NNP'), ('하', 'VV'), ('계좌', 'NNG'), ('있', 'VV'), ('등록', 'NNG'), ('없', 'VA'), ('뜨', 'VV')]"
"[('주식', 'NNG'), ('재무', 'NNG'), ('분석', 'NNG'), ('설명', 'NNG'), ('친절', 'NNG'), ('좋', 'VA')]","[('테마', 'NNP'), ('섹터', 'NNP'), ('분류', 'NNG'), ('잘', 'MAG'), ('있', 'VX'), ('딱', 'MAG'), ('이', 'VCP'), ('주식', 'NNP'), ('장', 'NNP'), ('대응', 'NNG'), ('너무', 'MAG'), ('번거롭', 'VA'), ('만들', 'VV'), ('놓', 'VX'), ('차트', 'NNP'), ('가창', 'NNP'), ('많이', 'MAG'), ('불편', 'NNG'), ('보조', 'NNG'), ('지표', 'NNG'), ('없', 'VA'), ('정리', 'NNG'), ('잘', 'MAG'), ('주식', 'NNG'), ('아예', 'MAG'), ('안', 'MAG'), ('해보', 'VV'), ('사람', 'NNG'), ('만들', 'VV'), ('느낌', 'NNP'), ('이대로', 'MAG'), ('계속', 'MAG'), ('가', 'VV'), ('보', 'VX'), ('회사', 'NNG'), ('상태', 'NNG'), ('토스', 'NNG'), ('알아보', 'VV'), ('매수', 'NNG'), ('매도', 'NNP'), ('증권사', 'NNG'), ('프', 'VX'), ('쓰', 'VV'), ('같', 'VA')]"
"[('좋', 'VA'), ('왜', 'MAG'), ('자꾸', 'MAG'), ('멈추', 'VV'), ('토스', 'NNG'), ('사용자', 'NNP'), ('잘', 'MAG'), ('하', 'VX')]"
"[('빠르', 'VA')]"
"[('다', 'MAG'), ('좋', 'VA'), ('왜', 'MAG'), ('초기', 'NNG'), ('되', 'VV'), ('오랜만', 'NNG'), ('들어가', 'VV'), ('초기', 'NNG'), ('되', 'VV'), ('있', 'VV'), ('고치', 'VV'), ('주', 'VX')]"
"[('토스', 'NNG'), ('증권', 'NNG'), ('증권', 'NNG'), ('비교', 'NNG'), ('차별', 'NNG'), ('화면', 'NNG'), ('매출액', 'NNG'), ('영업', 'NNG'), ('익', 'NNG'), ('구분', 'NNG'), ('있', 'VX')]","[('상장', 'NNG'), ('있', 'VV'), ('회사', 'NNP'), ('비교', 'NNG'), ('있', 'VX')]","[('이번', 'NNG'), ('큰맘', 'NNG'), ('먹', 'VV'), ('타사', 'NNG'), ('종목', 'NNG'), ('옮기', 'VV'), ('시간', 'NNG'), ('거래', 'NNG'), ('안', 'NNG'), ('놀랍', 'VA')]","[('예약', 'NNG'), ('주문', 'NNP'), ('되', 'VV'), ('예약', 'NNG'), ('정규', 'NNP'), ('거래', 'NNP'), ('시간', 'NNP'), ('거래', 'NNG'), ('되', 'VV'), ('래시', 'NNP'), ('잔액', 'NNG'), ('최대', 'NNG'), ('수량', 'NNG'), ('활성', 'NNG'), ('버튼', 'NNP'), ('없', 'VA'), ('너무', 'MAG'), ('불편', 'NNG'), ('잔액', 'NNG'), ('얼마', 'NNG'), ('남', 'VV'), ('확인', 'NNG'), ('수량', 'NNG'), ('입력', 'NNG'), ('하', 'VV'), ('엄청', 'MAG'), ('불편', 'NNG'), ('관련', 'NNG'), ('기능', 'NNG'), ('빨리', 'MAG'), ('부탁', 'NNG'), ('드리', 'VV')]"
"[('토스', 'NNG'), ('증권', 'NNG'), ('편의', 'NNG'), ('좋', 'VA'), ('너무', 'MAG'), ('심하', 'VA'), ('거래', 'NNG'), ('너무', 'MAG'), ('힘들', 'VA')]","[('서버', 'NNP'), ('개선', 'NNG'), ('좀', 'MAG'), ('부탁', 'NNG'), ('드리', 'VV')]"
"[('오늘', 'NNG'), ('혜택', 'NNG'), ('탭', 'NNG'), ('접속', 'NNG'), ('오류', 'NNP'), ('생기', 'VV'), ('요', 'NNG'), ('게', 'NNG'), ('업데이트', 'NNP'), ('하', 'VV'), ('해결', 'NNG'), ('안', 'NNG')]","[('해결', 'NNG'), ('부탁', 'NNG'), ('드리', 'VV')]","[('혜택', 'NNG'), ('탭', 'NNG'), ('안', 'NNG'), ('게', 'NNG'), ('토스', 'NNG'), ('말짱', 'MAG'), ('꽝', 'MAG'), ('이', 'VCP')]"
"[('주식', 'NNG'), ('시작', 'NNG'), ('이제', 'MAG'), ('떠나', 'VV'), ('때', 'NNG'), ('되', 'VV'), ('같', 'VA'), ('주식', 'NNG'), ('시간', 'NNG'), ('타이밍', 'NNP'), ('생명', 'NNG'), ('이', 'VCP'), ('오류', 'NNP'), ('아주', 'MAG'), ('자주', 'MAG'), ('뜨', 'VV'), ('사진', 'NNG'), ('첨부', 'NNG'), ('싶', 'VX'), ('안', 'NNG'), ('지금', 'MAG'), ('주식', 'NNG'), ('메뉴', 'NNP'), ('서버', 'NNP'), ('폭발', 'NNG'), ('보', 'VX'), ('먹', 'NNG'), ('이', 'VCP')]"
"[('워드', 'NNP'), ('선택', 'NNG'), ('좀', 'MAG'), ('별로', 'MAG'), ('이', 'VCP'), ('쓸모없', 'VA'), ('사이트', 'NNG'), ('대부분', 'NNG'), ('건지', 'VV'), ('하나', 'NR'), ('정도', 'NNP'), ('있', 'VV'), ('매번', 'MAG'), ('똑같', 'VA'), ('좀', 'MAG'), ('별로', 'MAG'), ('다', 'MAG')]"
"[('업데이트', 'NNG'), ('송금', 'NNG'), ('하', 'VX'), ('들어오', 'VV'), ('그냥', 'MAG'), ('열기', 'NNG'), ('안', 'MAG'), ('뜨', 'VV'), ('개선', 'NNG'), ('부탁', 'NNG'), ('드리', 'VV')]"
"[('입금', 'NNG'), ('하', 'VV'), ('업데이트', 'NNP'), ('하', 'VV'), ('하', 'VX'), ('업데이트', 'NNP')]"
"[('업데이트', 'NNP'), ('카드', 'NNG'), ('남은', 'NNP'), ('금액', 'NNG'), ('만원', 'NNP'), ('명시', 'NNG'), ('있', 'VX'), ('업데이트', 'NNP'), ('후', 'NNG'), ('갑자기', 'MAG'), ('만원', 'NNP'), ('증발', 'NNG'), ('버리', 'VX'), ('그렇', 'VA'), ('사용', 'NNG'), ('내역', 'NNG'), ('없', 'VA'), ('이번', 'NNG'), ('달', 'NNG'), ('지출', 'NNG'), ('전부', 'MAG'), ('더하', 'VV'), ('보', 'VX'), ('만원', 'NNP'), ('비', 'VV'), ('맞', 'VV')]","[('확인', 'NNG'), ('부탁', 'NNG'), ('드리', 'VV')]"
"[('지우', 'VV'), ('통장', 'NNG'), ('빠지', 'VV'), ('나가', 'VV'), ('어떻', 'VA'), ('하', 'VV'), ('되', 'VV')]"
"[('증권', 'NNG'), ('서비스', 'NNG'), ('야심', 'NNG'), ('차', 'VV'), ('준비', 'NNG'), ('디테일', 'NNG'), ('많이', 'MAG'), ('부족', 'NNG')]","[('직관', 'NNP'), ('이', 'VCP'), ('보', 'VV'), ('편하', 'VA'), ('보유', 'NNG'), ('관심', 'NNG'), ('있', 'VV'), ('주식', 'NNG'), ('늘어나', 'VV'), ('되', 'VV'), ('장점', 'NNG'), ('단점', 'NNG'), ('되', 'VV'), ('있', 'VX')]","[('토스', 'NNG'), ('증권', 'NNG'), ('프', 'VX'), ('을', 'NNG'), ('새로', 'MAG'), ('개발', 'NNG'), ('아니', 'VCN'), ('증권', 'NNG'), ('서비스', 'NNP'), ('자체', 'NNG'), ('중지', 'NNG'), ('나', 'VV'), ('같', 'VA')]","[('계좌', 'NNG'), ('이체', 'NNG'), ('업무', 'NNG'), ('기존', 'NNG'), ('은행', 'NNG'), ('프', 'VX'), ('카카오', 'NNP'), ('페이', 'NNP'), ('업데이트', 'NNP'), ('하', 'VV'), ('크', 'VA'), ('메리트', 'NNG'), ('못', 'MAG'), ('느끼', 'VV')]","[('경쟁', 'NNG'), ('프', 'VX'), ('차별', 'NNG'), ('무언', 'NNG'), ('가가', 'NNP'), ('필요', 'NNG'), ('같', 'VA')]","[('차별', 'NNG'), ('결과', 'NNG'), ('증권', 'NNG'), ('서비스', 'NNG'), ('이', 'VCP'), ('크', 'VA'), ('실망', 'NNG'), ('이', 'VCP')]"
"[('휴대폰', 'NNG'), ('이', 'VCP'), ('왜', 'MAG'), ('본인', 'NNG'), ('휴대폰', 'NNG'), ('아니', 'VCN'), ('하', 'VX')]"
"[('입출금', 'NNG'), ('내역', 'NNG'), ('바로바로', 'MAG'), ('안', 'MAG'), ('뜨', 'VV'), ('자꾸', 'MAG'), ('일', 'NNP'), ('뒤', 'NNG'), ('뜨', 'VV'), ('토스', 'NNG'), ('인증', 'NNP'), ('못하', 'VX'), ('있', 'VV')]"
"[('분명히', 'MAG'), ('푸시', 'NNP'), ('알람', 'NNP'), ('넣', 'VV'), ('말', 'VX'), ('동의', 'NNG'), ('체크', 'NNG'), ('왜', 'MAG'), ('자꾸', 'MAG'), ('토스', 'NNG'), ('증권', 'NNG'), ('푸시', 'NNP'), ('알람', 'NNP'), ('오', 'VV'), ('체크', 'NNP'), ('바라', 'VV')]"
[]
"[('신협', 'NNP'), ('추가', 'NNG'), ('주', 'VX')]"
"[('전체', 'NNG'), ('지원금', 'NNG'), ('찾', 'VV'), ('버튼', 'NNP'), ('없', 'VA'), ('어떻', 'VA'), ('되', 'VV')]"
"[('토스', 'NNG'), ('증권', 'NNG'), ('주식', 'NNG'), ('무료', 'NNP'), ('증정', 'NNP'), ('쉽', 'VA'), ('접하', 'VV'), ('좋', 'VA'), ('증권', 'NNG'), ('들어가', 'VV'), ('느리', 'VA'), ('터지', 'VV'), ('속', 'NNG'), ('터지', 'VV'), ('툭하면', 'MAG'), ('정보', 'NNG'), ('불러오', 'VV'), ('없어', 'NNP'), ('다시', 'MAG'), ('시도', 'NNG'), ('주', 'VX'), ('이렇', 'VA'), ('다시', 'MAG'), ('늘', 'VV'), ('똑같', 'VA'), ('들어가', 'VV'), ('회색', 'NNP'), ('화면', 'NNG'), ('글자', 'NNG'), ('보이', 'VV'), ('무료', 'NNG'), ('주식', 'NNP'), ('계좌', 'NNP'), ('변경', 'NNG'), ('타', 'NNG'), ('증권', 'NNG'), ('계좌', 'NNP'), ('갈아타', 'VV'), ('싶', 'VX')]"
"[('친구', 'NNG'), ('기능', 'NNG'), ('없', 'VA'), ('삭제', 'NNG'), ('다시', 'MAG'), ('설치', 'NNG'), ('똑같', 'VA')]"
"[('베타', 'NNP'), ('테스트', 'NNP'), ('중인', 'NNP'), ('친구', 'NNG'), ('서비스', 'NNG'), ('왜', 'MAG'), ('있', 'VV'), ('원하', 'VV'), ('않', 'VX'), ('왜', 'MAG'), ('친구', 'NNG'), ('제가', 'NNP'), ('가입', 'NNG'), ('알리', 'VV'), ('가', 'VV'), ('너무', 'MAG'), ('당황', 'NNG')]"
"[('토스', 'NNG'), ('머니', 'NNG'), ('카드', 'NNP'), ('없', 'VA'), ('지', 'VX'), ('발급', 'NNG'), ('못하', 'VX'), ('발급', 'NNG'), ('못하', 'VA'), ('필요', 'NNG'), ('없', 'VA')]"
"[('부동산', 'NNP'), ('소액', 'NNG'), ('투자', 'NNP'), ('홍보', 'NNG'), ('연체', 'NNG'), ('뉴스', 'NNP'), ('뜨', 'VV'), ('발', 'NNG'), ('빼', 'VV'), ('속도', 'NNP')]"
"[('복잡', 'XR'), ('아이', 'NNG'), ('디', 'NNP'), ('비밀', 'NNG'), ('번호', 'NNG'), ('변경', 'NNG'), ('느낌', 'NNP'), ('주식', 'NNP'), ('이랑', 'NNP'), ('연관', 'NNG'), ('절대로', 'MAG'), ('간단', 'XR'), ('않', 'VX'), ('토스', 'NNG'), ('안전', 'NNG'), ('검색', 'NNG'), ('보', 'VX'), ('속', 'NNG'), ('지마', 'NNG'), ('장난', 'NNG'), ('아니', 'VCN')]"
"[('자유', 'NNG'), ('이', 'VCP'), ('딱하', 'VA'), ('가지', 'NNP'), ('말씀', 'NNG'), ('드리', 'VV'), ('민', 'NNP'), ('국', 'NNG'), ('서', 'VV'), ('늘', 'VV'), ('공', 'NNG'), ('짜', 'VV'), ('가', 'VV'), ('없', 'VV'), ('습', 'NNG'), ('다', 'MAG')]"
"[('흠', 'NNG'), ('비밀', 'NNG'), ('번호', 'NNG'), ('기억', 'NNG'), ('안', 'MAG'), ('나', 'VV'), ('찾', 'VV'), ('방법', 'NNG'), ('없', 'VA')]"
[],"[('나', 'VV'), ('오늘', 'NNG')]"
"[('업그레이드', 'NNP'), ('되', 'VV'), ('버전', 'NNP'), ('토스', 'NNG'), ('왜', 'MAG'), ('만', 'NR'), ('보기', 'NNP'), ('기능', 'NNG'), ('없애', 'VV')]"
"[('그리', 'MAG'), ('좋', 'VA'), ('아니', 'VCN'), ('조금', 'MAG'), ('노력', 'NNG'), ('부탁', 'NNG'), ('드리', 'VV')]"
"[('송금', 'NNG'), ('이', 'VCP'), ('저축', 'NNG'), ('되', 'VV'), ('왜', 'MAG'), ('이러', 'VV')]"
"[('체크카드', 'NNP'), ('사용', 'NNG'), ('온라인', 'NNG'), ('결제', 'NNG'), ('신용카드', 'NNP'), ('대용', 'NNG'), ('사용', 'NNG'), ('용', 'NNG'), ('하', 'VV'), ('분별', 'NNG'), ('업데이트', 'NNP'), ('많', 'VA'), ('실망', 'NNP'), ('임', 'NNP')]"
"[('주식', 'NNG'), ('잘', 'MAG'), ('안', 'NNG')]"
"[('새마을금고', 'NNP'), ('카드', 'NNG'), ('사용', 'NNG'), ('이', 'VCP'), ('카드사', 'NNG'), ('선택', 'NNG'), ('새마을금고', 'NNP'), ('카드', 'NNP'), ('선택', 'NNP'), ('없', 'VA'), ('추가', 'NNG'), ('부탁', 'NNG'), ('드리', 'VV')]"
"[('아니', 'MAG'), ('욕', 'NNG'), ('잘', 'MAG'), ('쓰', 'VV'), ('있', 'VX'), ('왜', 'MAG'), ('정보', 'NNG'), ('다', 'MAG'), ('날', 'VV'), ('가', 'VX'), ('진짜', 'MAG'), ('짜증', 'NNG'), ('나', 'VV'), ('개인정보', 'NNP'), ('유출', 'NNG'), ('있', 'VV'), ('여러분', 'NNP'), ('조심', 'NNG')]"
"[('아니', 'MAG'), ('숨', 'NNG'), ('보험금', 'NNG'), ('찾', 'VV'), ('서비스', 'NNG'), ('이용이', 'NNP'), ('불가', 'NNG'), ('하', 'VX'), ('안', 'MAG'), ('고치', 'VV'), ('주', 'VX'), ('광고', 'NNG'), ('그렇', 'VA'), ('하', 'VX')]"
"[('숨', 'NNG'), ('보험금', 'NNG'), ('찾', 'VV'), ('계속', 'MAG'), ('서비스', 'NNG'), ('안', 'NNG'), ('하', 'VX')]"
"[('다운', 'NNP'), ('받', 'VV'), ('아래', 'NNG'), ('보이스', 'NNP'), ('피싱', 'NNP'), ('연결', 'NNG'), ('댓글', 'NNP'), ('있', 'VV'), ('주민', 'NNG'), ('번호', 'NNG'), ('입력', 'NNG'), ('명의', 'NNP'), ('도용', 'NNP'), ('대출', 'NNG'), ('개인정보', 'NNP'), ('유출', 'NNG'), ('피해', 'NNG'), ('있', 'VV'), ('보상', 'NNG'), ('받', 'VV'), ('있', 'VV'), ('약관', 'NNP'), ('보상', 'NNG'), ('않', 'VX'), ('이렇', 'VA'), ('있', 'VV')]"
"[('아', 'NNP'), ('디', 'NNP'), ('비번', 'NNG'), ('짱', 'MAG'), ('나', 'VV'), ('실행', 'NNG'), ('도안', 'NNG')]"
"[('숨', 'NNG'), ('보험금', 'NNG'), ('찾', 'VV'), ('하', 'VV'), ('때', 'NNG'), ('안', 'NNG'), ('광고', 'NNG'), ('그럴싸', 'XR'), ('하', 'VV'), ('만들', 'VV')]"
"[('조금', 'MAG'), ('불편', 'NNG')]"
"[('전체', 'NNG'), ('적', 'VA'), ('잘', 'MAG'), ('쓰', 'VV'), ('있', 'VX'), ('달', 'NNG'), ('전', 'NNG'), ('지인', 'NNP'), ('돈', 'NNG'), ('송금', 'NNG'), ('지인', 'NNP'), ('돈', 'NNG'), ('못', 'MAG'), ('받', 'VV'), ('하', 'VV'), ('지인', 'NNP'), ('문의', 'NNG'), ('넣', 'VV'), ('놓', 'VX'), ('답장', 'NNG'), ('이', 'VCP'), ('않', 'VX'), ('라고', 'NNP'), ('하', 'VV'), ('경우', 'NNP'), ('어떻', 'VA'), ('하', 'VV'), ('하', 'VX')]"
"[('카카오', 'NNP'), ('페이', 'NNP'), ('좋', 'VA')]"
"[('좋', 'VA'), ('좋', 'VA'), ('안', 'MAG'), ('깔', 'VV')]"
"[('이제', 'NNG'), ('잘', 'MAG'), ('쓰', 'VV'), ('오', 'VX'), ('어느날', 'NNP'), ('갑자기', 'MAG'), ('송금', 'NNG'), ('내역', 'NNG'), ('안', 'MAG'), ('뜨', 'VV'), ('만원', 'NNP'), ('있', 'VV'), ('만', 'NR'), ('이', 'VCP'), ('뜨', 'VV'), ('이상', 'XR')]"
"[('갑자기', 'MAG'), ('사용', 'NNG'), ('없', 'VA'), ('아이', 'NNG'), ('디', 'NNP'), ('라고', 'NNP'), ('하', 'VV'), ('내역', 'NNG'), ('로딩', 'NNP'), ('안', 'NNG'), ('하', 'VV'), ('계좌', 'NNG'), ('끊', 'VV'), ('삭제', 'NNG'), ('뒤', 'NNG'), ('다시', 'MAG'), ('하', 'VV'), ('갑자기', 'MAG'), ('없', 'VA'), ('아이', 'NNG'), ('디', 'NNP'), ('아니', 'VCN'), ('이렇', 'VA'), ('계좌', 'NNP'), ('연결', 'NNG'), ('안', 'MAG'), ('되', 'VV'), ('문자', 'NNP'), ('인증', 'NNP'), ('하나은행', 'NNP'), ('인증', 'NNP'), ('넘', 'VV'), ('하', 'VV'), ('화나', 'NNP'), ('더', 'MAG'), ('쓰', 'VV'), ('싶', 'VX'), ('않', 'VX'), ('예전', 'NNG'), ('문제없', 'VA')]"
"[('신한카드', 'NNP'), ('등록', 'NNP'), ('안', 'NNG')]"
"[('설치', 'NNG'), ('안', 'NNG')]"
"[('만', 'NR'), ('보기', 'NNP'), ('친구', 'NNG'), ('안보', 'NNG'), ('이', 'VCP'), ('친구', 'NNG'), ('토스', 'NNG'), ('친구', 'NNG'), ('신청', 'NNG'), ('하', 'VV'), ('요청', 'NNG'), ('없', 'VA'), ('사용자', 'NNG'), ('이', 'VCP'), ('뜨', 'VV'), ('오지', 'NNP'), ('않', 'VX'), ('왜', 'MAG'), ('지우', 'VV'), ('다시', 'MAG'), ('깔', 'VV')]"
"[('토스', 'NNG'), ('다운로드', 'NNG'), ('싶', 'VX'), ('왜', 'MAG'), ('설치', 'NNG'), ('안되', 'VA'), ('이', 'VCP'), ('데이터', 'NNG'), ('빵빵', 'XR')]"
"[('돈', 'NNG'), ('필요', 'NNG'), ('편하', 'VA'), ('보내', 'VV'), ('있', 'VV'), ('계좌', 'NNP'), ('등록', 'NNP'), ('하', 'VV'), ('하', 'VV'), ('비밀', 'NNG'), ('번호', 'NNG'), ('아니', 'VCN'), ('하', 'VV'), ('정확', 'XR'), ('서', 'VV'), ('어떻', 'VA'), ('하', 'VX')]"
"[('부모', 'NNG'), ('동의', 'NNG'), ('안', 'NNG')]"
"[('토스', 'NNG'), ('증권', 'NNG'), ('비하', 'VV'), ('소화', 'NNP'), ('되', 'VV'), ('그냥저냥', 'MAG'), ('이', 'VCP'), ('시외', 'NNG'), ('거래', 'NNG'), ('안', 'NNG'), ('시외', 'NNG'), ('가격', 'NNG'), ('못', 'MAG'), ('보', 'VV'), ('좀', 'MAG'), ('너무', 'MAG'), ('주리', 'VV'), ('이', 'NNP'), ('죄다', 'MAG'), ('조지', 'VV'), ('아니', 'VCN'), ('이렇', 'VA'), ('도대체', 'MAG'), ('메리트', 'NNG'), ('남', 'VV'), ('있', 'VX')]"
"[('증권', 'NNG'), ('계좌', 'NNP'), ('사라지', 'VV')]"
"[('숨', 'VV'), ('보험금', 'NNG'), ('찾', 'VV'), ('하', 'VV'), ('다', 'MAG'), ('안', 'NNG')]"
"[('좋아하', 'VV'), ('브랜드', 'NNP'), ('혜택', 'NNG'), ('받', 'VV'), ('왜', 'MAG'), ('브랜드', 'NNP'), ('정하', 'VV'), ('지', 'VX'), ('나오', 'VV'), ('가요', 'NNP'), ('좋아하', 'VV'), ('않', 'VX'), ('전혀', 'MAG'), ('이용', 'NNG'), ('않', 'VX'), ('브랜드', 'NNP'), ('고르', 'VV'), ('나오', 'VV')]"
"[('보험', 'NNG'), ('찾아보', 'VV'), ('며칠', 'NNG'), ('을해', 'NNP'), ('도안', 'NNG')]","[('깔', 'VV'), ('나', 'VX'), ('이후', 'NNP'), ('광고', 'NNP'), ('전화', 'NNP'), ('문자', 'NNP'), ('엄청', 'MAG'), ('오', 'VV')]"
"[('비밀', 'NNG'), ('번호', 'NNG'), ('까먹', 'VV'), ('어떻', 'VA'), ('하', 'VX'), ('토스', 'NNG'), ('보내', 'VV'), ('하', 'VV'), ('알리', 'VV')]"
"[('토스', 'NNG'), ('증권', 'NNG'), ('바로', 'MAG'), ('가', 'VV'), ('바탕', 'NNG'), ('화면', 'NNG'), ('만들', 'VV'), ('있', 'VV'), ('하', 'VV'), ('주', 'VX')]"
"[('증권', 'NNG'), ('프', 'VX'), ('너무', 'MAG'), ('느리', 'VA'), ('그리', 'VV'), ('시세', 'NNG'), ('바로', 'MAG'), ('대응', 'NNG'), ('너무', 'MAG'), ('힘들', 'VA'), ('프', 'VX'), ('여', 'NNP'), ('느릿느릿', 'MAG')]","[('개선', 'NNG'), ('해주', 'NNP'), ('이', 'VCP')]"
"[('관심', 'NNG'), ('종목', 'NNG'), ('처음', 'NNG'), ('가격', 'NNG'), ('등락', 'NNG'), ('잘못', 'MAG'), ('누르', 'VV'), ('가격', 'NNG'), ('나오', 'VV'), ('설정', 'NNG'), ('곳', 'NNG'), ('없', 'VA'), ('못', 'MAG'), ('찾', 'VV')]"
"[('아니', 'IC'), ('하', 'IC'), ('소프트웨어', 'NNP'), ('업데이트', 'NNP'), ('안', 'NNG'), ('아예', 'MAG'), ('잔액', 'NNG'), ('안보', 'NNG'), ('이', 'VCP'), ('새로', 'MAG'), ('고치', 'VV'), ('하', 'VV'), ('계속', 'MAG'), ('소프트웨어', 'NNP'), ('업데이트', 'NNP'), ('하', 'VV'), ('하', 'VX'), ('나', 'VV'), ('지금', 'MAG'), ('업데이트', 'NNP'), ('하', 'VV'), ('맘', 'NNG'), ('없', 'VA'), ('삭제', 'NNG'), ('드', 'NNP'), ('갈라', 'NNP'), ('이', 'VCP'), ('들어가', 'VV'), ('지', 'VX')]"
"[('토스', 'NNG'), ('증권', 'NNG'), ('하', 'VV'), ('전', 'NNG'), ('괜찮', 'VA'), ('증권', 'NNG'), ('하', 'VV'), ('배터리', 'NNP'), ('소모', 'NNP'), ('심하', 'VA'), ('지', 'VX')]","[('사용', 'NNG'), ('높', 'VA'), ('나오', 'VV'), ('배터리', 'NNP'), ('엄청', 'MAG'), ('잡아먹', 'VV'), ('있', 'VX'), ('정도', 'NNP'), ('해결', 'NNG'), ('주', 'VX'), ('하', 'VX')]"
"[('주식', 'NNG'), ('구매', 'NNG'), ('때', 'NNG'), ('잔액', 'NNG'), ('보이', 'VV'), ('주', 'VX')]","[('빼', 'VV'), ('버리', 'VX'), ('어떡하', 'VV')]","[('초가', 'NNP'), ('아깝', 'VA'), ('상황', 'NNG'), ('메인', 'NNP'), ('화면', 'NNG'), ('가', 'VV'), ('오', 'VX'), ('하', 'VX')]"
"[('아직', 'MAG'), ('에러', 'NNG'), ('자주', 'MAG'), ('있', 'VV')]","[('메뉴', 'NNP'), ('보', 'VV'), ('쉽', 'VA'), ('심플', 'NNP'), ('하나', 'NNP'), ('증권', 'NNG'), ('자주', 'MAG'), ('글자', 'NNG'), ('겹치', 'VV'), ('버튼', 'NNP'), ('누르', 'VV'), ('안', 'MAG'), ('먹', 'VV'), ('토하', 'VV'), ('내', 'VX')]"
"[('토스', 'NNG'), ('증권', 'NNG'), ('사전', 'NNG'), ('예약', 'NNG'), ('계좌', 'NNP'), ('개설', 'NNG'), ('수수료', 'NNP'), ('무료', 'NNP'), ('혜택', 'NNG'), ('받', 'VV'), ('친구', 'NNG'), ('링크', 'NNP'), ('증권', 'NNG'), ('계좌', 'NNP'), ('개설', 'NNG'), ('왜', 'MAG'), ('추가', 'NNG'), ('수수료', 'NNP'), ('혜택', 'NNG'), ('기간', 'NNP'), ('지급', 'NNG'), ('안', 'NNG'), ('수수료', 'NNP'), ('무료', 'NNP'), ('혜택', 'NNG'), ('기간', 'NNG'), ('이', 'VCP'), ('나오', 'VV'), ('있', 'VV'), ('확인', 'NNG'), ('보', 'VX'), ('혜택', 'NNG'), ('지급', 'NNG'), ('바라', 'VV')]"
"[('은행', 'NNG'), ('업무', 'NNG'), ('굿', 'NNG'), ('주식', 'NNG'), ('하', 'VV'), ('영', 'MAG'), ('반응', 'NNG'), ('아직', 'MAG'), ('많이', 'MAG'), ('느리', 'VA')]"
"[('병원비', 'NNG'), ('돌려주', 'VV'), ('광고', 'NNG'), ('가', 'VV'), ('보니', 'NNP'), ('전문가', 'NNG'), ('연결', 'NNG'), ('주', 'VX'), ('전문가', 'NNG'), ('이', 'VCP'), ('사람', 'NNG'), ('다음날', 'NNG'), ('답하', 'VV'), ('시간', 'NNP'), ('답장', 'NNG'), ('오', 'VV')]","[('이렇', 'VA'), ('직접', 'MAG'), ('보험', 'NNP'), ('회사', 'NNP'), ('전화', 'NNG'), ('서류', 'NNG'), ('떼', 'VV'), ('직접', 'NNG'), ('처리', 'NNG'), ('뭐', 'NNG'), ('토스', 'NNG'), ('이용', 'NNG'), ('편하', 'VA'), ('않', 'VX'), ('편하', 'VA'), ('광고', 'NNG'), ('할거', 'NNG'), ('이', 'VCP'), ('하', 'VV'), ('말', 'VX')]","[('전문가', 'NNG'), ('교육', 'NNG'), ('빠르', 'VA'), ('친절', 'NNG'), ('응답', 'NNG'), ('있', 'VV'), ('교육', 'NNG'), ('시키', 'VV')]","[('시스템', 'NNG'), ('쉽', 'VA'), ('하', 'VV'), ('있', 'VV'), ('일', 'NNP'), ('아니', 'VCN'), ('광고', 'NNG'), ('하', 'VV'), ('마시', 'VV')]","[('혁', 'NNG'), ('시인', 'NNP'), ('알', 'VV'), ('다운', 'NNP'), ('받', 'VV'), ('경험', 'NNG'), ('낚시', 'NNP'), ('걸리', 'VV'), ('같', 'VA'), ('느낌', 'NNG'), ('신경질', 'NNG'), ('나서', 'VV'), ('지우', 'VV'), ('혹시나', 'MAG'), ('다시', 'MAG'), ('다운', 'NNP'), ('받', 'VV'), ('보', 'VV'), ('혁신', 'NNG'), ('안보', 'NNG'), ('이', 'VCP')]"
"[('주식', 'NNG'), ('계좌', 'NNG'), ('이용', 'NNG'), ('설치', 'NNG'), ('매수', 'NNG'), ('매도', 'NNP'), ('너무', 'MAG'), ('불편', 'NNG'), ('차트', 'NNP'), ('보', 'VV'), ('불편', 'NNG'), ('테스트', 'NNP'), ('소액', 'NNG'), ('돈', 'NNG'), ('넣', 'VV'), ('매수', 'NNG'), ('주문', 'NNG'), ('과정', 'NNP'), ('짜증', 'NNG'), ('나서', 'VV'), ('바로', 'MAG'), ('최소한', 'NNG'), ('매수', 'NNG'), ('매도', 'NNP'), ('어', 'NNG'), ('하', 'VX'), ('주', 'VX'), ('하', 'VX'), ('아니', 'VCN'), ('주가', 'NNP'), ('실시간', 'NNP'), ('계속', 'MAG'), ('바뀌', 'VV'), ('매수', 'NNG'), ('주문', 'NNG'), ('넣', 'VV'), ('사이', 'NNP'), ('주가', 'NNP'), ('변동', 'NNP'), ('매수', 'NNG'), ('취소', 'NNP'), ('주문', 'NNG'), ('불편', 'NNG'), ('시간', 'NNG'), ('오래', 'NNP'), ('걸리', 'NNP'), ('이', 'VCP'), ('사용', 'NNG'), ('없', 'VA'), ('수정', 'NNP'), ('하기', 'NNP'), ('전', 'NNP'), ('사용', 'NNG'), ('생각', 'NNP'), ('없', 'VA'), ('주', 'VX'), ('하', 'VV'), ('먹', 'VV'), ('가', 'VV')]"
"[('카드', 'NNG'), ('값', 'NNG'), ('돌려받', 'VV'), ('왜', 'MAG'), ('없애', 'VV')]"
"[('설치', 'NNG'), ('되', 'VV'), ('않', 'VX')]"
"[('이', 'VCP'), ('생각', 'NNG')]"
"[('갑자기', 'MAG'), ('내역', 'NNG'), ('조회', 'NNP'), ('안', 'NNG'), ('문제', 'NNG'), ('이', 'VCP'), ('아무것', 'NNG'), ('이', 'VCP'), ('안', 'NNG')]"
"[('주식', 'NNG'), ('칸', 'NNG'), ('없', 'VA'), ('이벤트', 'NNP'), ('끝', 'NNG'), ('이', 'VCP'), ('점검', 'NNP'), ('인가', 'NNP'), ('찾아보', 'VV'), ('없', 'VA')]"
"[('프', 'VX'), ('이', 'NNP'), ('느리', 'VA')]","[('주문', 'NNG'), ('때', 'NNG'), ('현재', 'NNG'), ('시세', 'NNG'), ('확인', 'NNG'), ('있', 'VV'), ('좋', 'VA')]"
"[('토스', 'NNG'), ('설치', 'NNP'), ('후', 'NNG'), ('카드', 'NNG'), ('내역', 'NNG'), ('조회', 'NNP'), ('전혀', 'MAG'), ('아이', 'NNP'), ('디', 'NNP'), ('나오', 'VV'), ('뭐', 'NNG'), ('찜찜', 'XR'), ('토스', 'NNG'), ('삭제', 'NNP'), ('하면', 'NNP'), ('정보', 'NNP'), ('삭제', 'NNG')]"
"[('서버', 'NNP'), ('너무', 'MAG'), ('불안정', 'NNG'), ('하', 'VV'), ('느', 'NNG'), ('립', 'NNG'), ('리다', 'NNP')]","[('단타', 'NNP'), ('절대', 'NNG'), ('못', 'MAG'), ('치', 'VV')]","[('가창', 'NNP'), ('보', 'VV'), ('힘들', 'VA'), ('차트', 'NNP'), ('분석', 'NNG'), ('없', 'VA'), ('그냥', 'MAG'), ('뽀', 'VV'), ('처음', 'NNG'), ('주식', 'NNP'), ('시작', 'NNG'), ('장기', 'NNG'), ('투자자', 'NNG'), ('괜찮', 'VA'), ('수수료', 'NNP'), ('프로', 'NNP'), ('이', 'VCP'), ('비싸', 'VA')]"
"[('신분증', 'NNP'), ('인식', 'NNG'), ('단계', 'NNG'), ('인식', 'NNG'), ('을', 'NNG'), ('못하', 'VA'), ('쓰', 'VV'), ('있', 'VV')]"
"[('증권', 'NNG'), ('가입', 'NNG'), ('신분증', 'NNP'), ('인식', 'NNG'), ('못', 'NNG'), ('다시', 'MAG'), ('짜증', 'NNG'), ('나', 'VV')]"
"[('토스', 'NNG'), ('증권', 'NNG'), ('사용자', 'NNP'), ('과열', 'NNG'), ('시간대', 'NNP'), ('증권', 'NNG'), ('탭', 'NNG'), ('장기간', 'NNG'), ('불러오', 'VV'), ('못하', 'VX'), ('현상', 'NNG'), ('자주', 'MAG'), ('발생', 'NNG'), ('거래', 'NNG'), ('불가', 'NNG')]"
"[('주식', 'NNG'), ('접속', 'NNG'), ('아', 'IC')]"
"[('토스', 'NNG'), ('증권', 'NNG'), ('개설', 'NNG'), ('사람', 'NNG'), ('하단', 'NNG'), ('증권', 'NNG'), ('탭', 'NNG'), ('안보', 'NNG'), ('이', 'VCP'), ('어떻', 'VA'), ('하', 'VX'), ('하', 'VX')]"
"[('주식', 'NNG'), ('계좌', 'NNP'), ('며칠', 'NNG'), ('계좌', 'NNG'), ('개설', 'NNG'), ('안', 'NNG')]","[('기다리', 'VV'), ('하', 'VX')]"
"[('주소', 'NNP'), ('검색', 'NNP'), ('안', 'NNG'), ('권한', 'NNG'), ('없', 'VA'), ('코드', 'NNP'), ('뜸', 'NNG')]"
"[('가입자', 'NNG'), ('좀', 'MAG'), ('늘리', 'VV'), ('안정', 'NNG'), ('이', 'VCP'), ('확인', 'NNG'), ('하', 'VV'), ('부탁', 'NNG'), ('드리', 'VV'), ('이벤트', 'NNG'), ('좀', 'MAG'), ('하', 'VV'), ('주식', 'NNG'), ('급락', 'NNG'), ('때', 'NNG'), ('대로', 'NNP'), ('돌아가', 'VV'), ('의심', 'NNG'), ('들', 'VV'), ('피', 'NNG'), ('같', 'VA'), ('돈', 'NNG'), ('믿', 'VV'), ('맡기', 'VV'), ('있', 'VX')]"
"[('고작', 'MAG'), ('걸음', 'NNG'), ('10원', 'NNP'), ('받', 'VV'), ('토스', 'NNG'), ('프', 'VX'), ('들어가', 'VV'), ('확인', 'NNG'), ('절차', 'NNG'), ('하', 'VV'), ('전거', 'NNG')]"
"[('광고', 'NNG'), ('너무', 'MAG'), ('많', 'VA')]"
"[('아니', 'MAG'), ('토스', 'NNG'), ('증권', 'NNG'), ('개설', 'NNG'), ('때', 'NNG'), ('신분증', 'NNP'), ('촬영', 'NNG'), ('하', 'VX'), ('잘', 'MAG'), ('보이', 'VV'), ('촬영', 'NNG'), ('확인', 'NNG'), ('지연', 'NNG'), ('다시', 'MAG'), ('찍', 'VV'), ('하', 'VX'), ('만들', 'VV'), ('말', 'VX')]"
"[('고객', 'NNG'), ('정보', 'NNG'), ('신경', 'NNG'), ('안', 'MAG'), ('쓰', 'VV'), ('소탐대실', 'NNG')]","[('자멸', 'NNG'), ('일', 'NNP'), ('이', 'VCP'), ('토스', 'NNG')]"
"[('전', 'NNG'), ('사용', 'NNG'), ('지우', 'VV'), ('다시', 'MAG'), ('사용', 'NNG'), ('다운', 'NNP'), ('받', 'VV'), ('하', 'VX'), ('요즘', 'NNG'), ('들', 'VV'), ('자주', 'MAG'), ('창', 'NNG'), ('안', 'MAG'), ('열리', 'VV')]"
"[('신용', 'NNG'), ('점수', 'NNG'), ('정확', 'XR'), ('나오', 'VV'), ('외국인', 'NNG'), ('이', 'VCP'), ('점수', 'NNG'), ('올리', 'VV'), ('안', 'NNG'), ('차라리', 'NNP'), ('외국인', 'NNG'), ('제한', 'NNG'), ('사항', 'NNG'), ('알리', 'VV'), ('주', 'VX'), ('아예', 'MAG'), ('시간', 'NNG'), ('낭비', 'NNG'), ('설치', 'NNP'), ('하지', 'NNP'), ('모', 'NNP'), ('않', 'VX'), ('텐', 'NNG')]"
"[('토스', 'NNG'), ('추천', 'NNG'), ('주', 'VX'), ('테라', 'NNP'), ('푸', 'VV'), ('딩', 'MAG'), ('통하', 'VV'), ('투자', 'NNG'), ('때', 'NNG'), ('분석', 'NNG'), ('하', 'VV'), ('하', 'VX'), ('손실', 'NNG'), ('배우', 'VV')]"
"[('지금', 'NNG'), ('실행', 'NNG'), ('안', 'NNG')]"
"[('리뷰', 'NNP'), ('지우', 'VV'), ('지', 'VX')]","[('토스', 'NNG'), ('계속', 'MAG'), ('멈추', 'VV'), ('현상', 'NNG'), ('있', 'VX')]","[('토스', 'NNG'), ('발진', 'NNP'), ('하', 'VV'), ('해보', 'VV'), ('고치', 'VV'), ('지', 'VX'), ('않', 'VX'), ('앞으로', 'NNP'), ('이용', 'NNG'), ('않', 'VX'), ('생각', 'NNG'), ('이', 'VCP')]","[('토스', 'NNG'), ('멈추', 'VV'), ('묶', 'VV'), ('두', 'VX'), ('돈', 'NNG'), ('꺼내', 'VV'), ('없', 'VA'), ('지우', 'VV'), ('다시', 'MAG'), ('설치', 'NNG'), ('통장', 'NNG'), ('넣', 'VV'), ('두', 'VX'), ('삭제', 'NNG'), ('바라', 'VV')]","[('확인', 'NNG'), ('하', 'VV'), ('보', 'VV'), ('결과', 'NNG'), ('지우', 'VV'), ('다시', 'MAG'), ('설치', 'NNG'), ('어', 'NNG'), ('플리', 'NNP'), ('케이', 'NNP'), ('션', 'NNG'), ('켜', 'VV'), ('때', 'NNG'), ('토스', 'NNG'), ('키', 'VV'), ('잠', 'NNG'), ('이', 'VCP'), ('때', 'NNG'), ('토스', 'NNG'), ('멈추', 'VV'), ('경우', 'NNG'), ('생기', 'VV')]","[('토스', 'NNG'), ('목돈', 'NNG'), ('모으', 'VV'), ('간편', 'XR'), ('계좌', 'NNG'), ('이체', 'NNG'), ('이용', 'NNG'), ('있', 'VX'), ('목돈', 'NNG'), ('통채', 'NNG'), ('없', 'VA'), ('지', 'VX'), ('하', 'VV'), ('이용', 'NNG'), ('꺼리', 'VV'), ('지', 'VX')]","[('여전히', 'MAG'), ('잘', 'MAG'), ('사용', 'NNG'), ('계시', 'VV'), ('토스', 'NNG'), ('적금', 'NNP'), ('기능', 'NNG'), ('고려', 'NNG'), ('보', 'VX'), ('하', 'VV'), ('같', 'VA')]"
"[('이미', 'MAG'), ('가', 'VV'), ('입', 'VV'), ('있', 'VX'), ('정보', 'NNG'), ('지우', 'VV'), ('새로', 'MAG'), ('없', 'VA'), ('가요', 'NNP')]"
"[('최근', 'NNG'), ('핸드폰', 'NNP'), ('번호', 'NNG'), ('바꾸', 'VV'), ('되', 'VV')]","[('다시', 'MAG'), ('로그인', 'NNG'), ('하', 'VV'), ('본인', 'NNG'), ('인증', 'NNP'), ('입력', 'NNG'), ('확인', 'NNG'), ('누르', 'VV'), ('되', 'VV'), ('않', 'VX')]","[('번호', 'NNG'), ('명의', 'NNP'), ('아니', 'VCN'), ('체크카드', 'NNP'), ('있', 'VV'), ('있', 'VV'), ('하', 'VV'), ('아니', 'VCN'), ('뜨', 'VV'), ('해결', 'NNG'), ('방법', 'NNG'), ('있', 'VV'), ('인증', 'NNP'), ('전화', 'NNP'), ('안', 'MAG'), ('오', 'VV')]"
"[('왜', 'MAG'), ('갑자기', 'MAG'), ('잘', 'MAG'), ('안', 'NNG'), ('잘', 'MAG'), ('쓰', 'VV'), ('있', 'VX'), ('갑자기', 'MAG'), ('안', 'NNG'), ('너무', 'MAG'), ('계속', 'MAG'), ('시도', 'NNG'), ('뜨', 'VV'), ('않', 'VX'), ('만', 'NR'), ('보기', 'NNP'), ('있', 'VX'), ('적립', 'NNG'), ('못하', 'VX')]"
"[('갤럭시', 'NNP'), ('31', 'NNP'), ('사용', 'NNG'), ('있', 'VV'), ('토스', 'NNG'), ('계속', 'MAG'), ('튕기', 'VV')]","[('들어가', 'VV'), ('없', 'VA')]","[('프', 'VX'), ('은', 'NNP'), ('다', 'MAG'), ('들어가', 'VV'), ('지', 'VX'), ('토스', 'NNG'), ('안', 'MAG'), ('되', 'VV')]"
"[('왜', 'MAG'), ('이리', 'MAG')]"
"[('송금', 'NNG'), ('때', 'NNG'), ('편하', 'VA'), ('무조건', 'MAG'), ('토스', 'NNG'), ('애용', 'NNG'), ('주식', 'NNG'), ('같이', 'MAG'), ('하', 'VV'), ('있', 'VV'), ('사전', 'NNG'), ('신청', 'NNG'), ('쓰', 'VV'), ('있', 'VX'), ('정말', 'NNP'), ('정말', 'NNP'), ('실망', 'NNG'), ('토스', 'NNG'), ('크', 'VA'), ('장점', 'NNG'), ('쉽', 'VA'), ('간편', 'XR'), ('빠르', 'VA'), ('쓰', 'VV'), ('있다', 'NNP'), ('이', 'VCP'), ('주식', 'NNG'), ('시작', 'NNG'), ('오류', 'NNP'), ('많이', 'MAG'), ('나', 'VV'), ('이렇', 'VA'), ('이', 'VCP'), ('차라리', 'MAG'), ('따로', 'MAG'), ('만들', 'VV'), ('계좌', 'NNG'), ('만들', 'VV'), ('후회', 'NNG')]"
"[('주식', 'NNG'), ('탭', 'NNG'), ('이렇', 'VA'), ('불안', 'NNG'), ('주식', 'NNG'), ('어', 'NNG'), ('플로', 'NNP'), ('따로', 'MAG'), ('분리', 'NNG'), ('주식', 'NNG'), ('탭', 'NNG'), ('열리', 'VV'), ('않', 'VX'), ('심각', 'XR'), ('문제', 'NNG'), ('아니', 'VCN'), ('시간', 'NNG'), ('생명', 'NNG'), ('이', 'VCP'), ('주식', 'NNG'), ('거래', 'NNG'), ('창', 'NNG'), ('무한', 'NNP'), ('로딩', 'NNP'), ('이', 'VCP'), ('어떻', 'VA'), ('하', 'VV'), ('건지', 'NNG')]"
"[('장난치', 'VV'), ('업데이트', 'NNP'), ('토스', 'NNG'), ('프라임', 'NNP'), ('혜택', 'NNG'), ('지', 'NNG'), ('맘대로', 'MAG'), ('안주', 'NNG'), ('이', 'VCP'), ('있', 'VX')]"
"[('오늘', 'NNG'), ('처음', 'NNG'), ('깔', 'VV'), ('깔', 'VV'), ('만', 'NR'), ('이상', 'NNP'), ('이용', 'NNG'), ('가능', 'XR'), ('로그인', 'NNP'), ('하', 'VV'), ('만', 'NR'), ('이상', 'NNP'), ('이용', 'NNG'), ('가능', 'XR'), ('답장', 'NNG'), ('부탁', 'NNG'), ('드리', 'VV')]"
"[('이체', 'NNG'), ('한도', 'NNP'), ('한참', 'NNG'), ('모자라', 'VV'), ('금액', 'NNG'), ('송금', 'NNG'), ('자꾸', 'MAG'), ('한도', 'NNP'), ('초과', 'NNG'), ('이', 'VCP'), ('이체', 'NNG'), ('안', 'NNG'), ('너무', 'MAG'), ('불편', 'NNG')]"
"[('토스', 'NNG'), ('증권', 'NNG'), ('좀', 'MAG'), ('더', 'MAG'), ('체계', 'NNG'), ('만들', 'VV'), ('주', 'VX')]","[('그래프', 'NNP'), ('너무', 'MAG'), ('등락', 'NNG'), ('나오', 'VV'), ('증권', 'NNG'), ('사랑', 'NNG'), ('너무', 'MAG'), ('비교', 'NNG'), ('토스', 'NNG'), ('켜', 'VV'), ('네이버', 'NNP'), ('증권', 'NNG'), ('켜', 'VV'), ('같이', 'MAG'), ('보', 'VV'), ('되', 'VV'), ('번거롭', 'VA'), ('지금', 'NNP'), ('수수료', 'NNG'), ('없', 'VA'), ('쓰', 'VV')]"
"[('농협', 'NNP'), ('카드', 'NNP'), ('잔액', 'NNG'), ('조회', 'NNP'), ('안', 'NNG')]"
"[('이유', 'NNG'), ('모르', 'VV'), ('자꾸', 'MAG'), ('인증', 'NNP'), ('사진', 'NNG'), ('보내', 'VV'), ('하', 'VV')]"
"[('토스', 'NNG'), ('준비', 'NNG'), ('법인', 'NNP'), ('확인', 'NNG'), ('가능', 'XR')]"
"[('갤럭시', 'NNP'), ('노트', 'NNP'), ('폰', 'NNG'), ('이', 'VCP'), ('잘', 'MAG'), ('쓰', 'VV'), ('있', 'VX'), ('아예', 'MAG'), ('작동', 'NNG'), ('안', 'NNG')]"
"[('소비', 'NNP'), ('목록', 'NNG'), ('보', 'VV'), ('소비', 'NNG'), ('카', 'NNG'), ('테', 'NNG'), ('고리', 'NNP'), ('이체', 'NNG'), ('주거', 'NNP'), ('통신', 'NNP'), ('보험', 'NNG'), ('르', 'NNG'), ('이동', 'NNP'), ('시키', 'VV'), ('소비', 'NNG'), ('목록', 'NNG'), ('있', 'VV'), ('항목', 'NNG'), ('아예', 'MAG'), ('사라', 'NNP'), ('지', 'VX')]"
"[('제가', 'NNP'), ('카카오', 'NNP'), ('뱅크', 'NNP'), ('쓰', 'VV'), ('계좌', 'NNP'), ('등록', 'NNG'), ('하', 'VV'), ('하', 'VV'), ('계속', 'MAG'), ('토스', 'NNG'), ('사용', 'NNG'), ('없', 'VA'), ('계좌', 'NNG'), ('이', 'VCP'), ('하', 'VV'), ('어떻', 'VA'), ('하', 'VV'), ('가요', 'NNP')]"
"[('토스', 'NNG'), ('게이', 'NNP'), ('왜', 'MAG'), ('안', 'MAG'), ('쓰', 'VV'), ('알', 'VV'), ('수수료', 'NNP'), ('무료', 'NNP'), ('갑자기', 'MAG'), ('없애', 'VV'), ('버리', 'VX'), ('이제', 'MAG'), ('안', 'MAG'), ('쓰', 'VV'), ('그렇', 'VA'), ('어렵', 'VA'), ('아니', 'VCN'), ('은행', 'NNG'), ('다', 'MAG'), ('요즘', 'NNG'), ('무료', 'NNG'), ('이', 'VCP'), ('정책', 'NNG'), ('왜', 'MAG'), ('바꾸', 'VV'), ('고객', 'NNG'), ('잃', 'VV')]"
"[('평소', 'NNG'), ('정말', 'MAG'), ('잘', 'MAG'), ('사용', 'NNG'), ('있', 'VX'), ('갑자기', 'MAG'), ('네트워크', 'NNP'), ('서버', 'NNP'), ('문제', 'NNG'), ('생기', 'VV'), ('송금', 'NNG'), ('안', 'NNG'), ('조금', 'MAG'), ('지나', 'VV'), ('괜찮', 'VA'), ('지', 'VX'), ('하', 'VV'), ('계속', 'MAG')]"
"[('결제', 'NNG'), ('계좌', 'NNP'), ('바꾸', 'VV'), ('안', 'MAG'), ('바뀌', 'VV'), ('오류', 'NNG'), ('이', 'VCP')]"
"[('업데이트', 'NNP'), ('제거', 'NNG'), ('새로', 'MAG'), ('고치', 'VV'), ('안', 'NNG')]"
"[('친구', 'NNG'), ('기능', 'NNG'), ('활동', 'NNG'), ('시간', 'NNG'), ('가입', 'NNG'), ('일', 'NNG'), ('표시', 'NNG'), ('활성', 'NNG'), ('시키', 'VV'), ('최근', 'NNG'), ('활동', 'NNG'), ('내역', 'NNG'), ('번호', 'NNG'), ('저장', 'NNG'), ('상대', 'NNG'), ('노출', 'NNG')]","[('수정', 'NNP'), ('바라', 'VV')]","[('활동', 'NNG'), ('정보', 'NNG'), ('상태', 'NNG'), ('기본', 'NNG'), ('설정', 'NNG'), ('이', 'VCP'), ('솔직히', 'MAG'), ('이해', 'NNG'), ('안', 'MAG'), ('가', 'VV')]","[('기능', 'NNG'), ('있', 'VV'), ('모르', 'VV'), ('사람', 'NNG'), ('대부분', 'NNG'), ('이', 'VCP'), ('기본', 'NNG'), ('설정', 'NNP'), ('맞', 'VV'), ('않', 'VX'), ('싶', 'VX')]","[('활동', 'NNG'), ('시간', 'NNG'), ('공개', 'NNG'), ('서로', 'MAG'), ('동의', 'NNG'), ('상대', 'NNG'), ('조회', 'NNP'), ('가능', 'XR'), ('수정', 'NNG'), ('주', 'VX')]"
"[('거래량', 'NNG'), ('좀', 'MAG'), ('좋', 'VA')]"
"[('어제', 'NNG'), ('잘', 'MAG'), ('사용', 'NNG'), ('갑자기', 'MAG'), ('아침', 'NNG'), ('열기', 'NNG'), ('않', 'VX'), ('이', 'VCP')]"
"[('왜', 'MAG'), ('어제', 'NNG'), ('안', 'NNG')]"
"[('토스', 'NNG'), ('이', 'VCP'), ('하', 'VV'), ('계속', 'MAG'), ('혼자', 'NNG'), ('꺼지', 'VV'), ('해결', 'NNG'), ('좀', 'MAG'), ('하', 'VV'), ('주', 'VX')]"
"[('갑자기', 'MAG'), ('토스', 'NNG'), ('들어가', 'VV'), ('자꾸', 'MAG'), ('나가', 'VV'), ('지', 'VX')]"
"[('예전', 'NNG')]"
"[('토스', 'NNG'), ('메인', 'NNP'), ('화면', 'NNG'), ('자꾸', 'MAG'), ('있', 'VV'), ('설치', 'NNP'), ('해도', 'NNP'), ('왜', 'MAG'), ('이렇', 'VA'), ('멀쩡', 'XR'), ('수정', 'NNP'), ('하', 'VV'), ('업데이트', 'NNP'), ('하', 'VV')]"
"[('업데이트', 'NNP'), ('이후', 'NNG'), ('갑자기', 'MAG'), ('들어가', 'VV'), ('하', 'VV'), ('강제', 'NNG'), ('종료', 'NNG'), ('되', 'VV'), ('아무것', 'NNG'), ('하', 'VV'), ('없', 'VA')]","[('조속', 'XR'), ('수정', 'NNP'), ('부탁', 'NNG'), ('드리', 'VV')]"
"[('오늘', 'NNG'), ('기준', 'NNG'), ('갑자기', 'MAG'), ('토스', 'NNG'), ('키', 'VV'), ('바로', 'MAG'), ('종료', 'NNG'), ('설치', 'NNP'), ('해보', 'VV'), ('폰', 'NNG'), ('끄', 'VV'), ('켜', 'VV'), ('보', 'VX'), ('하', 'VV'), ('개선', 'NNG'), ('안', 'NNG')]"
"[('어제', 'NNG'), ('꽤', 'MAG'), ('만족', 'NNG'), ('사용', 'NNG'), ('있', 'VX')]","[('어제', 'MAG'), ('갑자기', 'MAG'), ('로그', 'NNP'), ('아웃', 'NNP'), ('되', 'VV'), ('다시', 'MAG'), ('로그인', 'NNP'), ('하', 'VV'), ('신분증', 'NNP'), ('등록', 'NNP'), ('하', 'VV'), ('지문', 'NNP'), ('등록', 'NNG'), ('다시', 'MAG'), ('하', 'VV'), ('오늘', 'NNG'), ('계속', 'MAG'), ('프', 'VX'), ('을', 'NNG'), ('실행', 'NNP'), ('시키', 'VV'), ('바로', 'MAG'), ('꺼지', 'VV'), ('버리', 'VX')]","[('노트', 'NNP'), ('20', 'NNP'), ('사용자', 'NNG'), ('이', 'VCP')]","[('확인', 'NNG'), ('부탁', 'NNG'), ('드리', 'VV')]"
"[('업데이트', 'NNP'), ('후', 'NNG'), ('안', 'NNG'), ('왜', 'MAG'), ('이렇', 'VA')]"
"[('여태', 'NNP'), ('잘', 'MAG'), ('쓰', 'VV'), ('오늘', 'NNG'), ('아침', 'NNG'), ('계속', 'MAG'), ('튕기', 'VV')]","[('들어가', 'VV'), ('못하', 'VX')]"
"[('오늘', 'NNG'), ('아침', 'NNG'), ('송금', 'NNG'), ('하', 'VV'), ('토스', 'NNG'), ('켜', 'VV'), ('동리', 'NNP'), ('부팅', 'NNP'), ('은행', 'NNG'), ('가야', 'NNP')]"
"[('이번', 'NNG'), ('업데이트', 'NNG'), ('나', 'VX'), ('계속', 'MAG'), ('꺼지', 'VV'), ('개', 'VV'), ('10', 'NNP'), ('지금', 'MAG'), ('쓰', 'VV'), ('없', 'VA'), ('계속', 'MAG'), ('꺼지', 'VV')]"
"[('자꾸', 'MAG'), ('튕기', 'VV'), ('현상', 'NNG'), ('생기', 'VV')]"
"[('업데이트', 'NNP'), ('이후', 'NNP'), ('실행', 'NNG'), ('화면', 'NNG'), ('강제', 'NNG'), ('종료', 'NNG')]"
"[('갑자기', 'MAG'), ('아침', 'NNG'), ('에토스', 'NNP'), ('사용', 'NNG'), ('토스', 'NNG'), ('이', 'NNP'), ('중단', 'NNG'), ('뜨', 'VV'), ('속', 'VV'), ('프', 'VX'), ('이', 'NNP'), ('꺼지', 'VV')]"
"[('하', 'VV'), ('자꾸', 'MAG'), ('종료', 'NNG'), ('되', 'VV')]"
"[('서버', 'NNP'), ('문제', 'NNG'), ('생기', 'VV'), ('연결', 'NNG'), ('없', 'VA'), ('계속', 'MAG'), ('나오', 'VV'), ('업데이트', 'NNP'), ('하', 'VV')]"
"[('비밀', 'NNG'), ('번호', 'NNG'), ('까먹', 'VV'), ('인증', 'NNP'), ('하', 'VV'), ('카카오', 'NNP'), ('뱅크', 'NNP'), ('쓰', 'VV'), ('카', 'NNG'), ('뱅', 'NNG'), ('선택', 'NNG'), ('계좌', 'NNG'), ('번호', 'NNG'), ('입력', 'NNG'), ('등록', 'NNG'), ('없', 'VA'), ('계좌', 'NNG'), ('이', 'VCP'), ('계좌', 'NNG'), ('문제', 'NNG'), ('있', 'VV'), ('아니', 'VCN'), ('왜', 'MAG'), ('안', 'NNG'), ('도통', 'MAG'), ('모르', 'VV'), ('친구', 'NNG'), ('잘', 'MAG'), ('사용', 'NNG'), ('안', 'NNG'), ('너무', 'MAG'), ('답답', 'XR'), ('왜', 'MAG'), ('이러', 'VV'), ('알리', 'VV'), ('주', 'VX'), ('오류', 'NNG'), ('이', 'VCP'), ('고치', 'VV'), ('주', 'VX'), ('제발', 'MAG')]"
"[('지금', 'MAG'), ('자꾸', 'MAG'), ('접속', 'NNP'), ('장애', 'NNG'), ('뜨', 'VV'), ('사용', 'NNG'), ('안', 'NNG')]"
"[('농협', 'NNP'), ('카드', 'NNG'), ('쓰', 'VV'), ('어제', 'NNG'), ('계속', 'MAG'), ('농협', 'NNP'), ('카드', 'NNG'), ('은행', 'NNG'), ('사', 'NNG'), ('점검', 'NNG'), ('조회', 'NNP'), ('가능', 'XR'), ('이렇', 'VA'), ('건지', 'NNG'), ('알', 'VV'), ('없', 'VA'), ('그렇', 'VA'), ('이', 'VCP'), ('해결', 'NNG'), ('좀', 'MAG'), ('빨리', 'MAG'), ('하', 'VV'), ('주', 'VX'), ('돈', 'NNG'), ('관련', 'NNG'), ('이', 'NNP'), ('토스', 'NNG'), ('이용', 'NNG'), ('지금', 'MAG'), ('엄청', 'MAG')]"
"[('잘', 'MAG'), ('쓰', 'VV'), ('갑자기', 'MAG'), ('정보', 'NNG'), ('읽', 'VV'), ('없', 'VA'), ('며칠', 'NNG'), ('계속', 'NNG'), ('지우', 'VV'), ('다시', 'MAG'), ('다운로드', 'NNG'), ('난', 'NNG'), ('후', 'NNG'), ('이제', 'NNG'), ('열리', 'VV'), ('바로', 'MAG'), ('닫히', 'VV'), ('계속', 'MAG'), ('쓰', 'VV'), ('하', 'VX')]"
"[('계속', 'MAG'), ('중단', 'NNG'), ('설치', 'NNP'), ('해도', 'NNP'), ('마찬가지', 'NNG')]"
"[('프', 'VX'), ('바로', 'NNP'), ('사용', 'NNG'), ('이안', 'NNG'), ('뚝뚝', 'MAG'), ('끊기', 'VV'), ('꺼지', 'VV'), ('좀', 'MAG'), ('수정', 'NNG'), ('주', 'VX')]"
"[('갑자기', 'MAG'), ('잔액', 'NNG'), ('조회', 'NNP'), ('안', 'NNG'), ('잔액', 'NNG'), ('오류', 'NNP'), ('인지', 'NNP'), ('금액', 'NNG'), ('뜨', 'VV'), ('사용', 'NNG'), ('내역', 'NNG'), ('못', 'MAG'), ('찾', 'VV')]","[('삭제', 'NNG'), ('다시', 'NNP'), ('설치', 'NNP'), ('해도', 'NNP'), ('같', 'VA')]","[('왜', 'MAG')]"
"[('탈퇴', 'NNG'), ('싶', 'VX'), ('돕', 'VV'), ('주', 'VX'), ('부탁', 'NNG'), ('드리', 'VV')]"
"[('깔끔', 'XR'), ('지', 'VX'), ('마음', 'NNG'), ('들', 'VV'), ('프로필', 'NNG'), ('사진', 'NNG'), ('좀', 'MAG'), ('다시', 'MAG'), ('보', 'VV'), ('있', 'VX'), ('좋', 'VA'), ('잘', 'MAG'), ('안', 'MAG'), ('들어오', 'VV'), ('하', 'VX'), ('좋아하', 'VV'), ('프로필', 'NNG'), ('볼', 'NNG'), ('때', 'NNG'), ('기분', 'NNG'), ('좋아서', 'NNP'), ('자주', 'MAG'), ('들어오', 'VV'), ('허전', 'XR'), ('별로', 'MAG')]"
"[('계속', 'MAG'), ('안', 'NNG'), ('제거', 'NNG'), ('후', 'NNG'), ('다시', 'MAG'), ('설치', 'NNG'), ('좀', 'MAG'), ('되', 'VV'), ('같', 'VA'), ('갑자기', 'MAG'), ('오후', 'NNG'), ('뜨', 'VV'), ('마네', 'NNP'), ('이', 'VCP'), ('왜', 'MAG'), ('이렇', 'VA'), ('이', 'VCP')]"
"[('토스', 'NNG'), ('프', 'VX'), ('알리', 'VV'), ('소리', 'NNG'), ('자꾸', 'MAG'), ('울리', 'VV'), ('소리', 'NNG'), ('나서', 'VV'), ('화면', 'NNG'), ('보', 'VV'), ('아무것', 'NNG'), ('안', 'MAG'), ('뜨', 'VV'), ('있', 'VX'), ('수정', 'NNP'), ('부탁', 'NNG'), ('드리', 'VV')]"
"[('아니', 'MAG'), ('주로', 'MAG'), ('쓰', 'VV'), ('계좌', 'NNP'), ('없애', 'VV'), ('안', 'NNG'), ('입', 'VV'), ('토스', 'NNG'), ('머니', 'NNG'), ('따로', 'MAG'), ('모으', 'VV'), ('주로', 'MAG'), ('쓰', 'VV'), ('계좌', 'NNP'), ('계속', 'MAG'), ('돈', 'NNG'), ('들어가', 'VV'), ('없애', 'VV'), ('방법', 'NNG'), ('없', 'VA')]"
"[('잘', 'MAG'), ('쓰', 'VV'), ('3월', 'NNP'), ('갑자기', 'MAG'), ('계좌', 'NNP'), ('기록', 'NNP'), ('갱신', 'NNG'), ('안', 'NNG'), ('계좌', 'NNP'), ('등록', 'NNG'), ('안', 'NNG'), ('그렇', 'VA')]","[('설치', 'NNP'), ('하', 'VV'), ('업데이트', 'NNP'), ('다', 'MAG'), ('하', 'VV'), ('문제', 'NNG'), ('이', 'VCP'), ('혹시', 'MAG'), ('노트', 'NNP'), ('이제', 'MAG'), ('지원', 'NNG'), ('안', 'NNG')]"
"[('왜', 'MAG'), ('카카오', 'NNP'), ('뱅크', 'NNP'), ('못쓰', 'VV')]"
"[('그럭저럭', 'MAG')]"
"[('정말', 'MAG'), ('잘', 'MAG'), ('쓰', 'VV'), ('있', 'VX'), ('갑자기', 'MAG'), ('입금', 'NNG'), ('되', 'VV'), ('돈', 'NNG'), ('적용', 'NNG'), ('안', 'NNG'), ('돈', 'NNG'), ('안', 'MAG'), ('들어오', 'VV'), ('알', 'VV'), ('시', 'NNG'), ('끄', 'VV'), ('업', 'VV'), ('하', 'VV'), ('왜', 'NNP'), ('이렇', 'VA')]"
"[('주식', 'NNG'), ('이상', 'NNP'), ('신청', 'NNG'), ('안', 'NNG')]"
"[('토스', 'NNG'), ('순간', 'NNG'), ('막히', 'VV'), ('삭제', 'NNG'), ('다시', 'MAG'), ('설치', 'NNG'), ('번호', 'NNG'), ('인증', 'NNG'), ('잠시', 'NNG'), ('후에', 'NNP'), ('시도', 'NNG'), ('뜨', 'VV'), ('해결', 'NNG'), ('주', 'VX')]"
"[('많이', 'MAG'), ('걷', 'VV'), ('않', 'VX'), ('만', 'NR'), ('보기', 'NNP'), ('걸음', 'NNG'), ('이', 'VCP'), ('저번', 'NNG'), ('이렇', 'VA'), ('왜', 'NNP')]"
"[('은행', 'NNG'), ('송금', 'NNG'), ('기능', 'NNG'), ('하나로', 'NNP'), ('묶', 'VV'), ('좋', 'VA'), ('새로', 'MAG'), ('고치', 'VV'), ('이상', 'NNP'), ('하', 'VV'), ('금액', 'NNG'), ('바뀌', 'VV')]"
"[('주식', 'NNG'), ('창', 'NNG'), ('대기', 'NNP'), ('숫자', 'NNP'), ('표기', 'NNG'), ('되', 'VV'), ('계속', 'MAG'), ('안', 'MAG'), ('열리', 'VV')]"
"[('쓰', 'VV'), ('엄청', 'MAG'), ('오래되', 'VV'), ('주', 'VX'), ('알', 'VV'), ('생각', 'NNG'), ('얼마', 'NNG'), ('안', 'MAG'), ('쓰', 'VV')]","[('개인정보', 'NNP'), ('문제', 'NNG'), ('많이', 'MAG'), ('불안', 'NNG'), ('서비스', 'NNG'), ('자꾸', 'MAG'), ('쓰', 'VV'), ('종료', 'NNG'), ('쓰', 'VV'), ('종료', 'NNG'), ('소비자', 'NNG'), ('기만', 'NNG'), ('같', 'VA'), ('기분', 'NNG'), ('나쁘', 'VA'), ('지', 'VX'), ('더', 'MAG'), ('이상', 'NNG'), ('안', 'MAG'), ('쓰', 'VV')]","[('그동안', 'NNG'), ('잘', 'MAG'), ('쓰', 'VV')]"
"[('토스', 'NNG'), ('사용', 'NNG'), ('이', 'VCP'), ('수수료', 'NNP'), ('10', 'NNP'), ('만원', 'NNP'), ('왜', 'MAG')]"
"[('하', 'NNP')]"
"[('캐시', 'NNP'), ('백', 'NNP'), ('하', 'VV'), ('주', 'VX'), ('하', 'VV'), ('캐시', 'NNP'), ('백', 'NNP'), ('금액', 'NNG'), ('미만', 'NNG'), ('이', 'VCP'), ('수수료', 'NNP'), ('어이', 'NNP')]"
"[('토스', 'NNG'), ('안', 'NNG'), ('처음', 'NNG'), ('설치', 'NNG'), ('하', 'VV'), ('입력', 'NNP'), ('잘', 'MAG'), ('안', 'MAG'), ('본인', 'NNG'), ('인증', 'NNP'), ('하루', 'NNG'), ('가능', 'XR'), ('내일', 'NNG'), ('다시', 'MAG'), ('시도', 'NNG'), ('주', 'VX')]"
"[('다', 'MAG'), ('편하', 'VA'), ('좋', 'VA'), ('토스', 'NNG'), ('프라임', 'NNP'), ('자동', 'NNG'), ('결제', 'NNG'), ('좀', 'MAG'), ('바꾸', 'VV'), ('주', 'VX'), ('할인', 'NNG'), ('가능', 'XR'), ('하', 'VX'), ('안', 'MAG'), ('하', 'VV'), ('낫', 'VA'), ('생각', 'NNG'), ('누르', 'VV'), ('결제', 'NNG'), ('토스', 'NNG'), ('프라임', 'NNP'), ('결제', 'NNG'), ('알리', 'VV'), ('오', 'VV'), ('하나', 'NR'), ('살', 'VV'), ('덤', 'NNG'), ('나가', 'VV'), ('버리', 'VX'), ('이미', 'MAG'), ('할인', 'NNG'), ('받', 'VV'), ('환불', 'NNG'), ('안', 'MAG'), ('되', 'VV'), ('토스', 'NNG'), ('프라임', 'NNP'), ('자동', 'NNG'), ('결제', 'NNG'), ('없애', 'VV'), ('결제', 'NNG'), ('많', 'VA'), ('확인', 'NNG'), ('절차', 'NNG'), ('만들', 'VV'), ('주', 'VX'), ('좋', 'VA')]"
"[('잘', 'MAG'), ('쓰', 'VV'), ('계정', 'NNG'), ('새로', 'MAG'), ('파', 'VV'), ('되', 'VV'), ('카드', 'NNG'), ('등록', 'NNG'), ('하', 'VV'), ('보', 'VV'), ('카드', 'NNG'), ('정보', 'NNG'), ('맞', 'VV'), ('입력', 'NNG'), ('왜', 'MAG'), ('카드', 'NNG'), ('정보', 'NNG'), ('일치', 'NNG'), ('않', 'VX'), ('뜨', 'VV'), ('왜', 'MAG'), ('인증', 'NNP'), ('번호', 'NNG'), ('이렇', 'VA'), ('카드', 'NNG'), ('등록', 'NNG'), ('내일', 'NNG'), ('시도', 'NNG'), ('하', 'VX'), ('내일', 'NNG'), ('안', 'NNG'), ('다음날', 'NNG'), ('하', 'VV'), ('하', 'VX'), ('카드', 'NNG'), ('언제', 'MAG'), ('쓰', 'VV'), ('건지', 'NNG')]"
"[('지', 'VX'), ('모르', 'VV'), ('수수료', 'NNP'), ('생기', 'VV'), ('카카오', 'NNP'), ('페이', 'NNP'), ('쓰', 'VV'), ('가', 'VV'), ('이때', 'NNG'), ('잘', 'MAG'), ('쓰', 'VV'), ('드림', 'NNP')]"
"[('토스', 'NNG'), ('증권', 'NNG'), ('모바일', 'NNP'), ('운영', 'NNG'), ('관심', 'NNG'), ('있', 'VV'), ('가요', 'NNP'), ('이용', 'NNG'), ('싶', 'VX')]"
"[('갤럭시', 'NNP'), ('이', 'VCP'), ('드', 'NNP'), ('맥스', 'NNP'), ('에선', 'NNP'), ('토스', 'NNG'), ('호환', 'NNG'), ('않', 'VX'), ('안', 'MAG'), ('깔리', 'VV')]","[('갤럭시', 'NNP'), ('최소', 'NNG'), ('사양', 'NNG'), ('이후', 'NNG'), ('설치', 'NNG'), ('가능', 'XR'), ('가요', 'NNP')]"
"[('도넛', 'NNP'), ('형', 'NNG'), ('그래프', 'NNP'), ('가', 'VV'), ('소비', 'NNP'), ('별명', 'NNP'), ('붙', 'VV'), ('소비', 'NNG'), ('수입', 'NNG'), ('따로', 'MAG'), ('그래프', 'NNP'), ('있', 'VV'), ('좋', 'VA'), ('다', 'MAG'), ('없', 'VA'), ('지', 'VX'), ('버리', 'VX'), ('예전', 'NNG'), ('만', 'NR'), ('보기', 'NNP'), ('쓰', 'VV'), ('안', 'MAG'), ('쓰', 'VV'), ('모르', 'VV'), ('아직', 'MAG'), ('미션', 'NNP'), ('같', 'VA'), ('돈', 'NNG'), ('주', 'VV'), ('글', 'NNG'), ('이', 'VCP'), ('예전', 'NNG'), ('이벤트', 'NNG'), ('많이', 'MAG'), ('밑', 'NNG'), ('말', 'NNG'), ('배', 'NNG'), ('초심', 'NNP'), ('잃', 'VV'), ('토스', 'NNG')]"
"[('처음', 'NNG'), ('쉽', 'VA'), ('편하', 'VA'), ('통괄', 'NNG'), ('이', 'VCP'), ('좋', 'VA'), ('느끼', 'VV'), ('지', 'VX'), ('적극', 'NNG'), ('사용', 'NNG'), ('하', 'VV'), ('안정감', 'NNG'), ('없', 'VA'), ('자', 'NNG'), ('동결', 'NNG'), ('체', 'NNG'), ('취소', 'NNG'), ('해지', 'NNP'), ('고려', 'NNP'), ('이', 'VCP')]"
"[('월급', 'NNG'), ('통장', 'NNP'), ('새마을', 'NNP'), ('연동', 'NNG'), ('월급', 'NNG'), ('들어오', 'VV'), ('확인', 'NNG'), ('들어가', 'VV'), ('갑자기', 'MAG'), ('거래', 'NNG'), ('내역', 'NNG'), ('불러오', 'VV'), ('없', 'VA'), ('하', 'VV'), ('오류', 'NNP'), ('어떻', 'VA'), ('하', 'VV'), ('하', 'VX'), ('잘', 'MAG'), ('갑자기', 'MAG'), ('이렇', 'VA'), ('빠르', 'VA'), ('처리', 'NNP'), ('부탁', 'NNG'), ('드리', 'VV')]"
"[('구글', 'NNP'), ('스토어', 'NNP'), ('만', 'NR'), ('이상', 'NNG'), ('이', 'VCP'), ('만', 'NR'), ('이상', 'NNP'), ('이', 'VCP'), ('헷갈리', 'VV'), ('있', 'VV'), ('바꾸', 'VV'), ('주', 'VX')]"
"[('업데이트', 'NNP'), ('초기', 'NNG'), ('되', 'VV'), ('다시', 'MAG'), ('로그인', 'NNP'), ('하', 'VV'), ('되', 'VV'), ('정말', 'MAG'), ('불편', 'NNG'), ('텔레뱅킹', 'NNG'), ('인증', 'NNP'), ('하', 'VV'), ('되', 'VV'), ('짜증', 'NNG'), ('나', 'VV')]"
"[('송금', 'NNG'), ('하', 'VV'), ('통장', 'NNG'), ('잔액', 'NNG'), ('실제', 'NNG'), ('잔액', 'NNG'), ('이랑', 'NNP'), ('다르', 'VA'), ('송금', 'NNG'), ('못하', 'VX'), ('있', 'VX'), ('내역', 'NNG'), ('새로', 'MAG'), ('불러오', 'VV'), ('변하', 'VV'), ('없', 'VA')]"
"[('토스', 'NNG'), ('머니', 'NNG'), ('채권자', 'NNG'), ('압류', 'NNP'), ('신청', 'NNP'), ('압류', 'NNG'), ('시작', 'NNG'), ('토스', 'NNG'), ('금융', 'NNG'), ('아부', 'NNG'), ('털', 'VV'), ('금융', 'NNG'), ('모범', 'NNG'), ('썩', 'VV'), ('금융', 'NNG'), ('바뀌', 'VV'), ('그야말로', 'MAG'), ('개뿔', 'NNG'), ('없', 'VA'), ('가난', 'NNG'), ('서민', 'NNG'), ('대하', 'VV'), ('배신', 'NNP'), ('이', 'VCP'), ('두', 'VV'), ('보', 'VX')]"
"[('며칠', 'NNG'), ('전', 'NNG'), ('토스', 'NNG'), ('안', 'MAG'), ('들어가', 'VV'), ('대', 'VX'), ('고치', 'VV'), ('주', 'VX')]"
"[('느리', 'VA'), ('가장', 'MAG'), ('문제', 'NNG'), ('예전', 'NNG'), ('계좌', 'NNG'), ('관리', 'NNG'), ('종합', 'NNG'), ('가능', 'XR'), ('금융', 'NNG'), ('은행', 'NNG'), ('앞', 'NNG'), ('경쟁력', 'NNG'), ('있', 'VX'), ('금융', 'NNG'), ('통합', 'NNG'), ('뱅킹', 'NNG'), ('시스템', 'NNG'), ('구축', 'NNG'), ('점점', 'MAG'), ('안정', 'NNG'), ('토스', 'NNG'), ('경쟁력', 'NNG'), ('사라지', 'VV'), ('있', 'VV')]","[('토스', 'NNG'), ('계좌', 'NNP'), ('업데이트', 'NNP'), ('지연', 'NNG'), ('낮추', 'VV'), ('계좌', 'NNG'), ('이체', 'NNG'), ('직관', 'NNP'), ('화해', 'NNP'), ('금융', 'NNG'), ('통합', 'NNG'), ('뱅킹', 'NNG'), ('시스템', 'NNG'), ('대비', 'NNG'), ('접근성', 'NNP'), ('높이', 'VV'), ('방향', 'NNG'), ('개발', 'NNG'), ('토스', 'NNG'), ('아이덴티티', 'NNP'), ('갖추', 'VV'), ('좋', 'VA'), ('않', 'VX'), ('하', 'VX')]","[('토스', 'NNG'), ('높', 'VA'), ('경쟁력', 'NNG'), ('확보', 'NNG'), ('있', 'VV'), ('사업', 'NNG'), ('모델', 'NNG'), ('있', 'VV'), ('왜', 'MAG'), ('굳이', 'MAG'), ('피', 'NNG'), ('튀기', 'VV'), ('레드', 'NNP'), ('오션', 'NNP'), ('이', 'VCP'), ('투자', 'NNG'), ('상품', 'NNP'), ('판매', 'NNG'), ('같', 'VA'), ('서비스', 'NNG'), ('경쟁', 'NNG'), ('하', 'VV'), ('모르', 'VV')]","[('후', 'NNG'), ('발주', 'NNP'), ('자인', 'NNP'), ('금융', 'NNG'), ('통합', 'NNP'), ('계좌', 'NNP'), ('시스템', 'NNG'), ('채', 'VV'), ('린지', 'NNP'), ('받', 'VV'), ('보', 'VV'), ('확보', 'NNG'), ('투자', 'NNG'), ('소홀', 'NNG'), ('않', 'VX'), ('좋', 'VA'), ('같', 'VA')]","[('접근성', 'NNP'), ('높이', 'VV'), ('있', 'VV'), ('모델', 'NNG'), ('처리', 'NNG'), ('속도', 'NNG'), ('특허', 'NNP'), ('확보', 'NNG'), ('확보', 'NNG'), ('소홀히', 'MAG'), ('하', 'VV'), ('기술', 'NNG'), ('투자', 'NNG'), ('소홀히', 'MAG'), ('하', 'VV'), ('이용자', 'NNG'), ('토스', 'NNG'), ('매력', 'NNG'), ('느끼', 'VV'), ('못하', 'VX'), ('이탈', 'NNG'), ('같', 'VA')]","[('회사', 'NNG'), ('생각', 'NNG'), ('다르', 'VA'), ('있', 'VX')]"
"[('더치페이', 'NNP'), ('정상', 'NNP'), ('작', 'NNG'), ('이', 'VCP'), ('테스트', 'NNP'), ('한', 'NNP'), ('가요', 'NNP')]"
"[('토스', 'NNG'), ('보기', 'NNP'), ('사용', 'NNG'), ('이', 'VCP'), ('친구', 'NNG'), ('추가', 'NNG'), ('안', 'NNG'), ('워드', 'NNP'), ('받', 'VV'), ('친구', 'NNG'), ('목록', 'NNG'), ('사라지', 'VV')]"
"[('토스', 'NNG'), ('안', 'MAG'), ('열리', 'VV')]"
"[('제가', 'NNP'), ('토스', 'NNG'), ('프라임', 'NNP'), ('달', 'NNG'), ('무료', 'NNG'), ('진행', 'NNG'), ('누르', 'VV'), ('결제', 'NNG'), ('되', 'VV'), ('버리', 'VX'), ('너무', 'MAG'), ('황당', 'XR'), ('해지', 'NNG'), ('버튼', 'NNP'), ('누르', 'VV'), ('돈', 'NNG'), ('안', 'MAG'), ('들어오', 'VV'), ('무료', 'NNG'), ('이', 'VCP'), ('하', 'VV'), ('누르', 'VV'), ('돈', 'NNG'), ('빠지', 'VV'), ('나가', 'VV'), ('사기', 'NNG'), ('이', 'VCP'), ('제가', 'NNP'), ('호구', 'NNG'), ('짓', 'NNG'), ('당하', 'VV'), ('가요', 'NNP')]"
"[('계좌', 'NNP'), ('내용', 'NNG'), ('확인', 'NNG'), ('불가', 'NNG'), ('의미', 'NNG'), ('이', 'VCP')]"
"[('토스', 'NNG')]"
"[('토스', 'NNG'), ('설치', 'NNG'), ('하', 'VV'), ('하', 'VV'), ('설치', 'NNG'), ('안', 'NNG'), ('도와주', 'VV')]"
"[('제가', 'NNP'), ('토스', 'NNG'), ('머니', 'NNG'), ('충전', 'NNG'), ('농협', 'NNP'), ('계좌', 'NNP'), ('송금', 'NNG'), ('버튼', 'NNP'), ('누르', 'VV'), ('토스', 'NNG'), ('머니', 'NNG'), ('안', 'MAG'), ('나오', 'VV')]"
"[('계좌', 'NNP'), ('있', 'VV'), ('돈', 'NNG'), ('저절로', 'MAG'), ('빠져나가', 'VV'), ('후', 'NNG'), ('도둑', 'NNP'), ('프', 'VX'), ('깔', 'VV'), ('말', 'VX')]"
"[('이번', 'NNG'), ('패치', 'NNP'), ('계좌', 'NNG'), ('토스', 'NNG'), ('머니', 'NNG'), ('충전', 'NNP'), ('하기', 'NNP'), ('가능', 'XR'), ('되', 'VV'), ('좋', 'VA')]","[('계좌', 'NNG'), ('토스', 'NNG'), ('머니', 'NNG'), ('충전', 'NNG'), ('때', 'NNG'), ('수수료', 'NNP'), ('면제', 'NNP'), ('횟수', 'NNG'), ('차감', 'NNG'), ('포함', 'NNG'), ('않', 'VX'), ('왜', 'MAG'), ('토스', 'NNG'), ('머니', 'NNG'), ('계좌', 'NNG'), ('충전', 'NNG'), ('하', 'VV'), ('수수료', 'NNP'), ('면제', 'NNP'), ('횟수', 'NNG'), ('차감', 'NNG'), ('하', 'VV'), ('아이러니', 'NNG')]"
"[('토스', 'NNG'), ('어', 'NNG'), ('드', 'NNP'), ('이', 'NNP'), ('개발자', 'NNP'), ('마케팅', 'NNP'), ('담당', 'NNG'), ('보', 'VV'), ('모르', 'VV'), ('부모', 'NNG'), ('쓰', 'VV'), ('제가', 'NNP'), ('토스', 'NNG'), ('바꾸', 'VV'), ('드리', 'VV'), ('잘', 'MAG'), ('쓰', 'VV'), ('계시', 'VX')]","[('스마트폰', 'NNP'), ('조작', 'NNG'), ('아직', 'MAG'), ('미숙', 'XR'), ('토스', 'NNG'), ('수시로', 'MAG'), ('뜨', 'VV'), ('알리', 'VV'), ('팝', 'NNG'), ('업', 'NNG'), ('대처', 'NNG'), ('못하', 'VX'), ('자꾸', 'MAG'), ('수락', 'NNG'), ('넘기', 'VV'), ('자꾸', 'MAG'), ('안', 'NNG'), ('알리', 'VV'), ('달', 'VX'), ('오', 'VX'), ('조차', 'NNP'), ('대응', 'NNG'), ('안', 'NNG'), ('정도', 'NNP'), ('바뀌', 'VV'), ('있', 'VX')]","[('간편', 'XR'), ('유용', 'XR'), ('공유', 'NNP'), ('좋', 'VA'), ('분별', 'NNG'), ('알리', 'VV'), ('피해', 'NNG'), ('받', 'VV'), ('이용자', 'NNG'), ('있', 'VV'), ('생각', 'NNG'), ('해', 'NNG'), ('보신', 'NNG'), ('있', 'VV')]","[('항상', 'MAG'), ('원래', 'NNG'), ('상태', 'NNG'), ('되돌리', 'VV'), ('놓', 'VX'), ('주', 'NNP'), ('있', 'VV'), ('바뀌', 'VV'), ('있', 'VX'), ('제가', 'NNP'), ('하나하나', 'MAG'), ('찾', 'VV'), ('돌리', 'VV'), ('놓', 'VV'), ('드리', 'VX')]","[('어떻', 'VA'), ('토스', 'NNG'), ('프라임', 'NNP'), ('이', 'VCP'), ('진짜', 'MAG'), ('부탁', 'NNG'), ('좀', 'MAG'), ('드리', 'VX')]","[('힘들', 'VA')]"
"[('2월 1일', 'NNP'), ('자동', 'NNG'), ('결제', 'NNG'), ('토스', 'NNG'), ('만', 'NR'), ('빠져나가', 'VV'), ('어떻', 'VA'), ('되', 'VV'), ('가요', 'NNP')]"
"[('조회', 'NNP'), ('한적', 'NNP'), ('없', 'VA'), ('조회', 'NNP'), ('나오', 'VV')]"
"[('송금', 'NNG'), ('수수료', 'NNP'), ('무료', 'NNG'), ('이', 'VCP'), ('알', 'VV'), ('있', 'VX'), ('이번', 'NNG'), ('달', 'NNG'), ('저번', 'NNG'), ('달', 'NNG'), ('통틀', 'VV'), ('정도', 'NNP'), ('이', 'VCP'), ('계좌', 'NNG'), ('이체', 'NNG'), ('수로', 'NNP'), ('떼', 'VV'), ('가', 'VX')]","[('해명', 'NNG'), ('부탁', 'NNG'), ('드리', 'VV')]"
"[('송금', 'NNG'), ('받', 'VV'), ('하', 'VV'), ('안나', 'NNP'), ('오', 'NNP')]"
"[('정말', 'MAG'), ('잘', 'MAG'), ('쓰', 'VV'), ('잇', 'VV'), ('저금통', 'NNP'), ('돈', 'NNG'), ('빼', 'VV'), ('토스', 'NNG'), ('머니', 'NNG'), ('옮기', 'VV'), ('창', 'NNG'), ('아예', 'MAG'), ('없', 'VA'), ('깔', 'VV'), ('지우', 'VV'), ('똑같', 'VA'), ('오류', 'NNP'), ('이', 'VCP'), ('해결', 'NNG'), ('해주', 'NNP'), ('이', 'VCP')]"
"[('계좌', 'NNG'), ('토스', 'NNG'), ('머니', 'NNG'), ('송금', 'NNG'), ('이안', 'NNG'), ('해결', 'NNG'), ('학', 'NNG'), ('드리', 'VV')]"
"[('카드', 'NNG'), ('이용', 'NNG'), ('금액', 'NNG'), ('이안', 'NNP'), ('뜨', 'VV'), ('카드', 'NNP'), ('이용', 'NNG'), ('약관', 'NNP'), ('동의', 'NNG'), ('동의', 'NNG'), ('하', 'VV'), ('카드', 'NNG'), ('이용', 'NNG'), ('금액', 'NNG'), ('안', 'MAG'), ('뜨', 'VV'), ('약관', 'NNP'), ('동의', 'NNG'), ('하', 'VX'), ('우화', 'NNP'), ('남', 'NNP')]"
"[('일', 'NNP'), ('전', 'NNP'), ('서버', 'NNP'), ('응답', 'NNG'), ('받', 'VV'), ('못하', 'VX'), ('창', 'NNG'), ('뜨', 'VV'), ('열리', 'VV'), ('않', 'VX')]","[('계좌', 'NNG'), ('저금', 'NNG'), ('치킨', 'NNP'), ('값', 'NNG'), ('이', 'VCP'), ('허락', 'NNG'), ('없이', 'MAG'), ('출금', 'NNG'), ('되', 'VV'), ('어떻', 'VA'), ('되', 'VV'), ('가요', 'NNP'), ('화가', 'NNG'), ('나', 'VV'), ('이렇', 'VA'), ('이', 'VCP'), ('토스', 'NNG'), ('괜히', 'MAG'), ('사용', 'NNG'), ('생각', 'NNG'), ('들', 'VX'), ('답변', 'NNG'), ('주', 'VV')]"
"[('계속', 'MAG'), ('오류로', 'NNP'), ('들어가', 'VV'), ('지', 'VX'), ('않', 'VX')]"
"[('편하', 'VA'), ('좋', 'VA'), ('계좌', 'NNP'), ('잔액', 'NNG'), ('왜', 'MAG'), ('이렇', 'VA'), ('출금', 'NNG'), ('한참', 'NNG'), ('이', 'NNP'), ('지나', 'NNP'), ('토스', 'NNG'), ('금액', 'NNG'), ('그대로', 'MAG')]"
"[('안', 'NNG'), ('들어가', 'VV'), ('지', 'VX')]"
"[('요즘', 'NNG'), ('토스', 'NNG'), ('잘', 'MAG'), ('안', 'MAG'), ('들어가', 'VV'), ('지', 'VX'), ('다시', 'MAG'), ('시도', 'NNG'), ('안', 'NNG'), ('갑자기', 'MAG'), ('일', 'NNP'), ('전', 'NNP'), ('이러', 'VV'), ('문제', 'NNG'), ('이', 'VCP'), ('있', 'VX'), ('요', 'NNP')]"
"[('거래', 'NNG'), ('내역', 'NNG'), ('보', 'VV'), ('없', 'VA'), ('날짜', 'NNP'), ('거래처', 'NNG'), ('금액', 'NNG'), ('나오', 'VV'), ('되', 'VV'), ('거래처', 'NNG'), ('부분', 'NNG'), ('글자', 'NNG'), ('가', 'VV'), ('짜', 'VV'), ('안보', 'NNG'), ('이', 'VCP')]"
"[('얼른', 'MAG'), ('키움증권', 'NNP'), ('계좌', 'NNG'), ('내역', 'NNG'), ('지원', 'NNG'), ('부탁', 'NNG'), ('드리', 'VV'), ('요즘', 'NNG'), ('증권', 'NNG'), ('투자가', 'NNP'), ('늘어나', 'VV'), ('잔액', 'NNG'), ('한눈', 'NNG'), ('조회', 'NNP')]"
"[('토스', 'NNG'), ('설치', 'NNG'), ('후', 'NNG'), ('자동', 'NNG'), ('이체', 'NNG'), ('신청', 'NNG'), ('문자', 'NNP'), ('오', 'VV'), ('돈', 'NNG'), ('나가', 'VV'), ('가요', 'NNP')]"
"[('연결', 'NNG'), ('이', 'VCP'), ('안', 'NNG'), ('불편', 'NNG')]"
"[('비번', 'NNG'), ('모르', 'VV'), ('들어가', 'VV'), ('토스', 'NNG'), ('주', 'VX'), ('하', 'VV'), ('자리', 'NNP'), ('숫자', 'NNG'), ('입력', 'NNG'), ('하', 'VV'), ('자리', 'NNP'), ('숫자', 'NNG'), ('못', 'MAG'), ('차', 'VV'), ('하', 'VX'), ('자리', 'NNP'), ('숫자', 'NNG'), ('모에', 'NNP')]"
"[('폰', 'NNG'), ('바꾸', 'VV'), ('비번', 'NNG'), ('까먹', 'VV'), ('카드', 'NNG'), ('지금', 'MAG'), ('추가', 'NNG'), ('카드', 'NNG'), ('밖', 'NNG'), ('없', 'VA'), ('탈퇴', 'NNG'), ('하', 'VV'), ('비번', 'NNG'), ('치', 'VV'), ('하', 'VV'), ('모르', 'VV')]","[('도와주', 'VV')]"
"[('계좌', 'NNP'), ('내역', 'NNG'), ('보', 'VV'), ('국민은행', 'NNP'), ('하', 'VV'), ('하', 'VX'), ('회원', 'NNG'), ('가입', 'NNG'), ('하', 'VV'), ('하', 'VX'), ('있', 'VV'), ('국민은행', 'NNP'), ('홈페이지', 'NNP'), ('에러', 'NNG'), ('뜨', 'VV'), ('지금', 'MAG'), ('못하', 'VX'), ('있', 'VV'), ('이', 'VV')]"
"[('계좌', 'NNP'), ('본인', 'NNG'), ('인증', 'NNP'), ('방법', 'NNG'), ('있', 'VX'), ('좋', 'VA')]","[('다시', 'MAG'), ('사용', 'NNG'), ('계좌', 'NNG'), ('사용', 'NNG'), ('않', 'VX'), ('되', 'VV'), ('어떻', 'VA'), ('비밀', 'NNG'), ('번호', 'NNG'), ('찾', 'VV')]"
"[('완전', 'NNG'), ('불편', 'NNG'), ('비밀', 'NNG'), ('번호', 'NNG'), ('기억', 'NNG'), ('지아', 'NNP')]"
